api8,district,lease_no,well_no,lease_name,operator_name,field_name,first_prod_month,cycle_year_month,month_on_production,oil_bbl,casinghead_gas_mcf,boe,interval_length_proxy_ft,reported_first_month,first_positive_prod_month,reported_month_on_production
31743171,10,56651,4H,BOHANAN-BLOCKER 3B,"PIONEER NATURAL RES. USA, INC.",SPRABERRY (TREND AREA),202201,202201,1,27270.0,26374.0,31665.666666666668,10036.0,202201,202201,1
31743171,10,56651,4H,BOHANAN-BLOCKER 3B,"PIONEER NATURAL RES. USA, INC.",SPRABERRY (TREND AREA),202201,202202,2,25100.0,24522.0,29187.0,10036.0,202201,202201,2
31743171,10,56651,4H,BOHANAN-BLOCKER 3B,"PIONEER NATURAL RES. USA, INC.",SPRABERRY (TREND AREA),202201,202203,3,22589.0,23927.0,26576.833333333332,10036.0,202201,202201,3
31743171,10,56651,4H,BOHANAN-BLOCKER 3B,"PIONEER NATURAL RES. USA, INC.",SPRABERRY (TREND AREA),202201,202204,4,18960.0,20036.0,22299.333333333332,10036.0,202201,202201,4
31743171,10,56651,4H,BOHANAN-BLOCKER 3B,"PIONEER NATURAL RES. USA, INC.",SPRABERRY (TREND AREA),202201,202205,5,18050.0,17744.0,21007.333333333332,10036.0,202201,202201,5
31743171,10,56651,4H,BOHANAN-BLOCKER 3B,"PIONEER NATURAL RES. USA, INC.",SPRABERRY (TREND AREA),202201,202206,6,17565.0,21751.0,21190.166666666668,10036.0,202201,202201,6
31743171,10,56651,4H,BOHANAN-BLOCKER 3B,"PIONEER NATURAL RES. USA, INC.",SPRABERRY (TREND AREA),202201,202207,7,16494.0,29884.0,21474.666666666668,10036.0,202201,202201,7
31743171,10,56651,4H,BOHANAN-BLOCKER 3B,"PIONEER NATURAL RES. USA, INC.",SPRABERRY (TREND AREA),202201,202208,8,14510.0,31527.0,19764.5,10036.0,202201,202201,8
31743171,10,56651,4H,BOHANAN-BLOCKER 3B,"PIONEER NATURAL RES. USA, INC.",SPRABERRY (TREND AREA),202201,202209,9,13854.0,31856.0,19163.333333333332,10036.0,202201,202201,9
31743171,10,56651,4H,BOHANAN-BLOCKER 3B,"PIONEER NATURAL RES. USA, INC.",SPRABERRY (TREND AREA),202201,202210,10,12594.0,33530.0,18182.333333333332,10036.0,202201,202201,10
31743171,10,56651,4H,BOHANAN-BLOCKER 3B,"PIONEER NATURAL RES. USA, INC.",SPRABERRY (TREND AREA),202201,202211,11,10711.0,30336.0,15767.0,10036.0,202201,202201,11
31743171,10,56651,4H,BOHANAN-BLOCKER 3B,"PIONEER NATURAL RES. USA, INC.",SPRABERRY (TREND AREA),202201,202212,12,10582.0,36607.0,16683.166666666668,10036.0,202201,202201,12
31743171,10,56651,4H,BOHANAN-BLOCKER 3B,"PIONEER NATURAL RES. USA, INC.",SPRABERRY (TREND AREA),202201,202301,13,10471.0,32879.0,15950.833333333332,10036.0,202201,202201,13
31743171,10,56651,4H,BOHANAN-BLOCKER 3B,"PIONEER NATURAL RES. USA, INC.",SPRABERRY (TREND AREA),202201,202302,14,7916.0,19057.0,11092.166666666666,10036.0,202201,202201,14
31743171,10,56651,4H,BOHANAN-BLOCKER 3B,"PIONEER NATURAL RES. USA, INC.",SPRABERRY (TREND AREA),202201,202303,15,9316.0,16454.0,12058.333333333334,10036.0,202201,202201,15
31743171,10,56651,4H,BOHANAN-BLOCKER 3B,"PIONEER NATURAL RES. USA, INC.",SPRABERRY (TREND AREA),202201,202304,16,8038.0,12626.0,10142.333333333334,10036.0,202201,202201,16
31743171,10,56651,4H,BOHANAN-BLOCKER 3B,"PIONEER NATURAL RES. USA, INC.",SPRABERRY (TREND AREA),202201,202305,17,7488.0,10781.0,9284.833333333334,10036.0,202201,202201,17
31743171,10,56651,4H,BOHANAN-BLOCKER 3B,"PIONEER NATURAL RES. USA, INC.",SPRABERRY (TREND AREA),202201,202306,18,7112.0,8629.0,8550.166666666666,10036.0,202201,202201,18
31743171,10,56651,4H,BOHANAN-BLOCKER 3B,"PIONEER NATURAL RES. USA, INC.",SPRABERRY (TREND AREA),202201,202307,19,6244.0,9767.0,7871.833333333333,10036.0,202201,202201,19
31743171,10,56651,4H,BOHANAN-BLOCKER 3B,"PIONEER NATURAL RES. USA, INC.",SPRABERRY (TREND AREA),202201,202308,20,6716.0,13510.0,8967.666666666666,10036.0,202201,202201,20
31743171,10,56651,4H,BOHANAN-BLOCKER 3B,"PIONEER NATURAL RES. USA, INC.",SPRABERRY (TREND AREA),202201,202309,21,6186.0,14732.0,8641.333333333334,10036.0,202201,202201,21
31743171,10,56651,4H,BOHANAN-BLOCKER 3B,"PIONEER NATURAL RES. USA, INC.",SPRABERRY (TREND AREA),202201,202310,22,4860.0,17335.0,7749.166666666666,10036.0,202201,202201,22
31743171,10,56651,4H,BOHANAN-BLOCKER 3B,"PIONEER NATURAL RES. USA, INC.",SPRABERRY (TREND AREA),202201,202311,23,3471.0,16593.0,6236.5,10036.0,202201,202201,23
31743171,10,56651,4H,BOHANAN-BLOCKER 3B,"PIONEER NATURAL RES. USA, INC.",SPRABERRY (TREND AREA),202201,202312,24,3106.0,17006.0,5940.333333333334,10036.0,202201,202201,24
31743171,10,56651,4H,BOHANAN-BLOCKER 3B,"PIONEER NATURAL RES. USA, INC.",SPRABERRY (TREND AREA),202201,202401,25,2639.0,15643.0,5246.166666666666,10036.0,202201,202201,25
31743171,10,56651,4H,BOHANAN-BLOCKER 3B,"PIONEER NATURAL RES. USA, INC.",SPRABERRY (TREND AREA),202201,202402,26,2580.0,17013.0,5415.5,10036.0,202201,202201,26
31743171,10,56651,4H,BOHANAN-BLOCKER 3B,"PIONEER NATURAL RES. USA, INC.",SPRABERRY (TREND AREA),202201,202403,27,3901.0,4562.0,4661.333333333333,10036.0,202201,202201,27
31743171,10,56651,4H,BOHANAN-BLOCKER 3B,"PIONEER NATURAL RES. USA, INC.",SPRABERRY (TREND AREA),202201,202404,28,4403.0,4124.0,5090.333333333333,10036.0,202201,202201,28
31743171,10,56651,4H,BOHANAN-BLOCKER 3B,"PIONEER NATURAL RES. USA, INC.",SPRABERRY (TREND AREA),202201,202405,29,4712.0,5720.0,5665.333333333333,10036.0,202201,202201,29
31743171,10,56651,4H,BOHANAN-BLOCKER 3B,"PIONEER NATURAL RES. USA, INC.",SPRABERRY (TREND AREA),202201,202406,30,4438.0,6004.0,5438.666666666667,10036.0,202201,202201,30
31743171,10,56651,4H,BOHANAN-BLOCKER 3B,"PIONEER NATURAL RES. USA, INC.",SPRABERRY (TREND AREA),202201,202407,31,4479.0,7382.0,5709.333333333333,10036.0,202201,202201,31
31743171,10,56651,4H,BOHANAN-BLOCKER 3B,"PIONEER NATURAL RES. USA, INC.",SPRABERRY (TREND AREA),202201,202408,32,5093.0,12661.0,7203.166666666666,10036.0,202201,202201,32
31743171,10,56651,4H,BOHANAN-BLOCKER 3B,"PIONEER NATURAL RES. USA, INC.",SPRABERRY (TREND AREA),202201,202409,33,4590.0,14950.0,7081.666666666666,10036.0,202201,202201,33
31743171,10,56651,4H,BOHANAN-BLOCKER 3B,"PIONEER NATURAL RES. USA, INC.",SPRABERRY (TREND AREA),202201,202410,34,3967.0,16425.0,6704.5,10036.0,202201,202201,34
31743171,10,56651,4H,BOHANAN-BLOCKER 3B,"PIONEER NATURAL RES. USA, INC.",SPRABERRY (TREND AREA),202201,202411,35,3612.0,19001.0,6778.833333333334,10036.0,202201,202201,35
31743171,10,56651,4H,BOHANAN-BLOCKER 3B,"PIONEER NATURAL RES. USA, INC.",SPRABERRY (TREND AREA),202201,202412,36,4132.0,19058.0,7308.333333333334,10036.0,202201,202201,36
31743171,10,56651,4H,BOHANAN-BLOCKER 3B,"PIONEER NATURAL RES. USA, INC.",SPRABERRY (TREND AREA),202201,202501,37,4110.0,17364.0,7004.0,10036.0,202201,202201,37
31743171,10,56651,4H,BOHANAN-BLOCKER 3B,"PIONEER NATURAL RES. USA, INC.",SPRABERRY (TREND AREA),202201,202502,38,3556.0,15562.0,6149.666666666666,10036.0,202201,202201,38
31743171,10,56651,4H,BOHANAN-BLOCKER 3B,"PIONEER NATURAL RES. USA, INC.",SPRABERRY (TREND AREA),202201,202503,39,3381.0,16758.0,6174.0,10036.0,202201,202201,39
31743171,10,56651,4H,BOHANAN-BLOCKER 3B,"PIONEER NATURAL RES. USA, INC.",SPRABERRY (TREND AREA),202201,202504,40,3249.0,12006.0,5250.0,10036.0,202201,202201,40
31743171,10,56651,4H,BOHANAN-BLOCKER 3B,"PIONEER NATURAL RES. USA, INC.",SPRABERRY (TREND AREA),202201,202505,41,4571.0,17365.0,7465.166666666666,10036.0,202201,202201,41
31743171,10,56651,4H,BOHANAN-BLOCKER 3B,"PIONEER NATURAL RES. USA, INC.",SPRABERRY (TREND AREA),202201,202506,42,3747.0,17213.0,6615.833333333334,10036.0,202201,202201,42
31743171,10,56651,4H,BOHANAN-BLOCKER 3B,"PIONEER NATURAL RES. USA, INC.",SPRABERRY (TREND AREA),202201,202507,43,1763.0,6758.0,2889.333333333333,10036.0,202201,202201,43
31743171,10,56651,4H,BOHANAN-BLOCKER 3B,"PIONEER NATURAL RES. USA, INC.",SPRABERRY (TREND AREA),202201,202508,44,2283.0,3981.0,2946.5,10036.0,202201,202201,44
31743171,10,56651,4H,BOHANAN-BLOCKER 3B,"PIONEER NATURAL RES. USA, INC.",SPRABERRY (TREND AREA),202201,202509,45,3194.0,9820.0,4830.666666666667,10036.0,202201,202201,45
31743171,10,56651,4H,BOHANAN-BLOCKER 3B,"PIONEER NATURAL RES. USA, INC.",SPRABERRY (TREND AREA),202201,202510,46,3370.0,13831.0,5675.166666666666,10036.0,202201,202201,46
31743171,10,56651,4H,BOHANAN-BLOCKER 3B,"PIONEER NATURAL RES. USA, INC.",SPRABERRY (TREND AREA),202201,202511,47,3311.0,18661.0,6421.166666666666,10036.0,202201,202201,47
31743171,10,56651,4H,BOHANAN-BLOCKER 3B,"PIONEER NATURAL RES. USA, INC.",SPRABERRY (TREND AREA),202201,202512,48,4521.0,20918.0,8007.333333333334,10036.0,202201,202201,48
31743171,10,56651,4H,BOHANAN-BLOCKER 3B,"PIONEER NATURAL RES. USA, INC.",SPRABERRY (TREND AREA),202201,202601,49,3723.0,17747.0,6680.833333333334,10036.0,202201,202201,49
31743171,10,56651,4H,BOHANAN-BLOCKER 3B,"PIONEER NATURAL RES. USA, INC.",SPRABERRY (TREND AREA),202201,202602,50,4424.0,17103.0,7274.5,10036.0,202201,202201,50
31743171,10,56651,4H,BOHANAN-BLOCKER 3B,"PIONEER NATURAL RES. USA, INC.",SPRABERRY (TREND AREA),202201,202603,51,4260.0,18561.0,7353.5,10036.0,202201,202201,51
31743171,10,56651,4H,BOHANAN-BLOCKER 3B,"PIONEER NATURAL RES. USA, INC.",SPRABERRY (TREND AREA),202201,202604,52,0.0,0.0,0.0,10036.0,202201,202201,52
31743171,10,56651,4H,BOHANAN-BLOCKER 3B,"PIONEER NATURAL RES. USA, INC.",SPRABERRY (TREND AREA),202201,202605,53,0.0,0.0,0.0,10036.0,202201,202201,53
31743171,10,56651,4H,BOHANAN-BLOCKER 3B,"PIONEER NATURAL RES. USA, INC.",SPRABERRY (TREND AREA),202201,202606,54,0.0,0.0,0.0,10036.0,202201,202201,54
31743549,10,60103,322H,WELCH-COX E39V,"PIONEER NATURAL RES. USA, INC.",SPRABERRY (TREND AREA),202310,202310,1,9788.0,7848.0,11096.0,10330.0,202310,202310,1
31743549,10,60103,322H,WELCH-COX E39V,"PIONEER NATURAL RES. USA, INC.",SPRABERRY (TREND AREA),202310,202311,2,45998.0,37461.0,52241.5,10330.0,202310,202310,2
31743549,10,60103,322H,WELCH-COX E39V,"PIONEER NATURAL RES. USA, INC.",SPRABERRY (TREND AREA),202310,202312,3,42079.0,42873.0,49224.5,10330.0,202310,202310,3
31743549,10,60103,322H,WELCH-COX E39V,"PIONEER NATURAL RES. USA, INC.",SPRABERRY (TREND AREA),202310,202401,4,30010.0,36751.0,36135.166666666664,10330.0,202310,202310,4
31743549,10,60103,322H,WELCH-COX E39V,"PIONEER NATURAL RES. USA, INC.",SPRABERRY (TREND AREA),202310,202402,5,22876.0,29963.0,27869.833333333332,10330.0,202310,202310,5
31743549,10,60103,322H,WELCH-COX E39V,"PIONEER NATURAL RES. USA, INC.",SPRABERRY (TREND AREA),202310,202403,6,13153.0,17889.0,16134.5,10330.0,202310,202310,6
31743549,10,60103,322H,WELCH-COX E39V,"PIONEER NATURAL RES. USA, INC.",SPRABERRY (TREND AREA),202310,202404,7,10295.0,12429.0,12366.5,10330.0,202310,202310,7
31743549,10,60103,322H,WELCH-COX E39V,"PIONEER NATURAL RES. USA, INC.",SPRABERRY (TREND AREA),202310,202405,8,12968.0,18575.0,16063.833333333334,10330.0,202310,202310,8
31743549,10,60103,322H,WELCH-COX E39V,"PIONEER NATURAL RES. USA, INC.",SPRABERRY (TREND AREA),202310,202406,9,8706.0,10868.0,10517.333333333334,10330.0,202310,202310,9
31743549,10,60103,322H,WELCH-COX E39V,"PIONEER NATURAL RES. USA, INC.",SPRABERRY (TREND AREA),202310,202407,10,12419.0,18923.0,15572.833333333334,10330.0,202310,202310,10
31743549,10,60103,322H,WELCH-COX E39V,"PIONEER NATURAL RES. USA, INC.",SPRABERRY (TREND AREA),202310,202408,11,9679.0,16085.0,12359.833333333334,10330.0,202310,202310,11
31743549,10,60103,322H,WELCH-COX E39V,"PIONEER NATURAL RES. USA, INC.",SPRABERRY (TREND AREA),202310,202409,12,8489.0,14836.0,10961.666666666666,10330.0,202310,202310,12
31743549,10,60103,322H,WELCH-COX E39V,"PIONEER NATURAL RES. USA, INC.",SPRABERRY (TREND AREA),202310,202410,13,9463.0,16008.0,12131.0,10330.0,202310,202310,13
31743549,10,60103,322H,WELCH-COX E39V,"PIONEER NATURAL RES. USA, INC.",SPRABERRY (TREND AREA),202310,202411,14,8460.0,15078.0,10973.0,10330.0,202310,202310,14
31743549,10,60103,322H,WELCH-COX E39V,"PIONEER NATURAL RES. USA, INC.",SPRABERRY (TREND AREA),202310,202412,15,8525.0,16537.0,11281.166666666666,10330.0,202310,202310,15
31743549,10,60103,322H,WELCH-COX E39V,"PIONEER NATURAL RES. USA, INC.",SPRABERRY (TREND AREA),202310,202501,16,8172.0,18613.0,11274.166666666666,10330.0,202310,202310,16
31743549,10,60103,322H,WELCH-COX E39V,"PIONEER NATURAL RES. USA, INC.",SPRABERRY (TREND AREA),202310,202502,17,6349.0,14209.0,8717.166666666666,10330.0,202310,202310,17
31743549,10,60103,322H,WELCH-COX E39V,"PIONEER NATURAL RES. USA, INC.",SPRABERRY (TREND AREA),202310,202503,18,3293.0,7136.0,4482.333333333333,10330.0,202310,202310,18
31743549,10,60103,322H,WELCH-COX E39V,"PIONEER NATURAL RES. USA, INC.",SPRABERRY (TREND AREA),202310,202504,19,2423.0,4251.0,3131.5,10330.0,202310,202310,19
31743549,10,60103,322H,WELCH-COX E39V,"PIONEER NATURAL RES. USA, INC.",SPRABERRY (TREND AREA),202310,202505,20,9829.0,18379.0,12892.166666666666,10330.0,202310,202310,20
31743549,10,60103,322H,WELCH-COX E39V,"PIONEER NATURAL RES. USA, INC.",SPRABERRY (TREND AREA),202310,202506,21,4970.0,16408.0,7704.666666666666,10330.0,202310,202310,21
31743549,10,60103,322H,WELCH-COX E39V,"PIONEER NATURAL RES. USA, INC.",SPRABERRY (TREND AREA),202310,202507,22,5836.0,12482.0,7916.333333333334,10330.0,202310,202310,22
31743549,10,60103,322H,WELCH-COX E39V,"PIONEER NATURAL RES. USA, INC.",SPRABERRY (TREND AREA),202310,202508,23,1399.0,259.0,1442.1666666666667,10330.0,202310,202310,23
31743549,10,60103,322H,WELCH-COX E39V,"PIONEER NATURAL RES. USA, INC.",SPRABERRY (TREND AREA),202310,202509,24,0.0,0.0,0.0,10330.0,202310,202310,24
31743549,10,60103,322H,WELCH-COX E39V,"PIONEER NATURAL RES. USA, INC.",SPRABERRY (TREND AREA),202310,202510,25,0.0,0.0,0.0,10330.0,202310,202310,25
31743549,10,60103,322H,WELCH-COX E39V,"PIONEER NATURAL RES. USA, INC.",SPRABERRY (TREND AREA),202310,202511,26,4.0,1.0,4.166666666666667,10330.0,202310,202310,26
31743549,10,60103,322H,WELCH-COX E39V,"PIONEER NATURAL RES. USA, INC.",SPRABERRY (TREND AREA),202310,202512,27,5373.0,6857.0,6515.833333333333,10330.0,202310,202310,27
31743549,10,60103,322H,WELCH-COX E39V,"PIONEER NATURAL RES. USA, INC.",SPRABERRY (TREND AREA),202310,202601,28,5309.0,8160.0,6669.0,10330.0,202310,202310,28
31743549,10,60103,322H,WELCH-COX E39V,"PIONEER NATURAL RES. USA, INC.",SPRABERRY (TREND AREA),202310,202602,29,0.0,0.0,0.0,10330.0,202310,202310,29
31743549,10,60103,322H,WELCH-COX E39V,"PIONEER NATURAL RES. USA, INC.",SPRABERRY (TREND AREA),202310,202603,30,0.0,0.0,0.0,10330.0,202310,202310,30
31743549,10,60103,322H,WELCH-COX E39V,"PIONEER NATURAL RES. USA, INC.",SPRABERRY (TREND AREA),202310,202604,31,0.0,0.0,0.0,10330.0,202310,202310,31
31743549,10,60103,322H,WELCH-COX E39V,"PIONEER NATURAL RES. USA, INC.",SPRABERRY (TREND AREA),202310,202605,32,0.0,0.0,0.0,10330.0,202310,202310,32
31743549,10,60103,322H,WELCH-COX E39V,"PIONEER NATURAL RES. USA, INC.",SPRABERRY (TREND AREA),202310,202606,33,0.0,0.0,0.0,10330.0,202310,202310,33
31743566,10,60093,301H,WELCH-COX E39A,"PIONEER NATURAL RES. USA, INC.",SPRABERRY (TREND AREA),202310,202310,1,7918.0,6900.0,9068.0,10131.0,202310,202310,1
31743566,10,60093,301H,WELCH-COX E39A,"PIONEER NATURAL RES. USA, INC.",SPRABERRY (TREND AREA),202310,202311,2,19027.0,16050.0,21702.0,10131.0,202310,202310,2
31743566,10,60093,301H,WELCH-COX E39A,"PIONEER NATURAL RES. USA, INC.",SPRABERRY (TREND AREA),202310,202312,3,13966.0,12263.0,16009.833333333334,10131.0,202310,202310,3
31743566,10,60093,301H,WELCH-COX E39A,"PIONEER NATURAL RES. USA, INC.",SPRABERRY (TREND AREA),202310,202401,4,10815.0,9743.0,12438.833333333334,10131.0,202310,202310,4
31743566,10,60093,301H,WELCH-COX E39A,"PIONEER NATURAL RES. USA, INC.",SPRABERRY (TREND AREA),202310,202402,5,6692.0,6901.0,7842.166666666667,10131.0,202310,202310,5
31743566,10,60093,301H,WELCH-COX E39A,"PIONEER NATURAL RES. USA, INC.",SPRABERRY (TREND AREA),202310,202403,6,8380.0,10242.0,10087.0,10131.0,202310,202310,6
31743566,10,60093,301H,WELCH-COX E39A,"PIONEER NATURAL RES. USA, INC.",SPRABERRY (TREND AREA),202310,202404,7,6377.0,7925.0,7697.833333333333,10131.0,202310,202310,7
31743566,10,60093,301H,WELCH-COX E39A,"PIONEER NATURAL RES. USA, INC.",SPRABERRY (TREND AREA),202310,202405,8,5944.0,7897.0,7260.166666666667,10131.0,202310,202310,8
31743566,10,60093,301H,WELCH-COX E39A,"PIONEER NATURAL RES. USA, INC.",SPRABERRY (TREND AREA),202310,202406,9,5169.0,7253.0,6377.833333333333,10131.0,202310,202310,9
31743566,10,60093,301H,WELCH-COX E39A,"PIONEER NATURAL RES. USA, INC.",SPRABERRY (TREND AREA),202310,202407,10,3602.0,4669.0,4380.166666666667,10131.0,202310,202310,10
31743566,10,60093,301H,WELCH-COX E39A,"PIONEER NATURAL RES. USA, INC.",SPRABERRY (TREND AREA),202310,202408,11,4257.0,4567.0,5018.166666666667,10131.0,202310,202310,11
31743566,10,60093,301H,WELCH-COX E39A,"PIONEER NATURAL RES. USA, INC.",SPRABERRY (TREND AREA),202310,202409,12,3271.0,2311.0,3656.1666666666665,10131.0,202310,202310,12
31743566,10,60093,301H,WELCH-COX E39A,"PIONEER NATURAL RES. USA, INC.",SPRABERRY (TREND AREA),202310,202410,13,3531.0,2949.0,4022.5,10131.0,202310,202310,13
31743566,10,60093,301H,WELCH-COX E39A,"PIONEER NATURAL RES. USA, INC.",SPRABERRY (TREND AREA),202310,202411,14,3285.0,2462.0,3695.3333333333335,10131.0,202310,202310,14
31743566,10,60093,301H,WELCH-COX E39A,"PIONEER NATURAL RES. USA, INC.",SPRABERRY (TREND AREA),202310,202412,15,3282.0,3202.0,3815.6666666666665,10131.0,202310,202310,15
31743566,10,60093,301H,WELCH-COX E39A,"PIONEER NATURAL RES. USA, INC.",SPRABERRY (TREND AREA),202310,202501,16,2978.0,3109.0,3496.1666666666665,10131.0,202310,202310,16
31743566,10,60093,301H,WELCH-COX E39A,"PIONEER NATURAL RES. USA, INC.",SPRABERRY (TREND AREA),202310,202502,17,2445.0,2357.0,2837.8333333333335,10131.0,202310,202310,17
31743566,10,60093,301H,WELCH-COX E39A,"PIONEER NATURAL RES. USA, INC.",SPRABERRY (TREND AREA),202310,202503,18,2640.0,2821.0,3110.1666666666665,10131.0,202310,202310,18
31743566,10,60093,301H,WELCH-COX E39A,"PIONEER NATURAL RES. USA, INC.",SPRABERRY (TREND AREA),202310,202504,19,1936.0,3176.0,2465.3333333333335,10131.0,202310,202310,19
31743566,10,60093,301H,WELCH-COX E39A,"PIONEER NATURAL RES. USA, INC.",SPRABERRY (TREND AREA),202310,202505,20,2042.0,3957.0,2701.5,10131.0,202310,202310,20
31743566,10,60093,301H,WELCH-COX E39A,"PIONEER NATURAL RES. USA, INC.",SPRABERRY (TREND AREA),202310,202506,21,1409.0,2976.0,1905.0,10131.0,202310,202310,21
31743566,10,60093,301H,WELCH-COX E39A,"PIONEER NATURAL RES. USA, INC.",SPRABERRY (TREND AREA),202310,202507,22,1513.0,3249.0,2054.5,10131.0,202310,202310,22
31743566,10,60093,301H,WELCH-COX E39A,"PIONEER NATURAL RES. USA, INC.",SPRABERRY (TREND AREA),202310,202508,23,1591.0,3370.0,2152.6666666666665,10131.0,202310,202310,23
31743566,10,60093,301H,WELCH-COX E39A,"PIONEER NATURAL RES. USA, INC.",SPRABERRY (TREND AREA),202310,202509,24,1391.0,3346.0,1948.6666666666665,10131.0,202310,202310,24
31743566,10,60093,301H,WELCH-COX E39A,"PIONEER NATURAL RES. USA, INC.",SPRABERRY (TREND AREA),202310,202510,25,1535.0,3703.0,2152.1666666666665,10131.0,202310,202310,25
31743566,10,60093,301H,WELCH-COX E39A,"PIONEER NATURAL RES. USA, INC.",SPRABERRY (TREND AREA),202310,202511,26,1640.0,3612.0,2242.0,10131.0,202310,202310,26
31743566,10,60093,301H,WELCH-COX E39A,"PIONEER NATURAL RES. USA, INC.",SPRABERRY (TREND AREA),202310,202512,27,1576.0,2995.0,2075.1666666666665,10131.0,202310,202310,27
31743566,10,60093,301H,WELCH-COX E39A,"PIONEER NATURAL RES. USA, INC.",SPRABERRY (TREND AREA),202310,202601,28,1668.0,2579.0,2097.8333333333335,10131.0,202310,202310,28
31743566,10,60093,301H,WELCH-COX E39A,"PIONEER NATURAL RES. USA, INC.",SPRABERRY (TREND AREA),202310,202602,29,1339.0,1614.0,1608.0,10131.0,202310,202310,29
31743566,10,60093,301H,WELCH-COX E39A,"PIONEER NATURAL RES. USA, INC.",SPRABERRY (TREND AREA),202310,202603,30,1005.0,1489.0,1253.1666666666667,10131.0,202310,202310,30
31743566,10,60093,301H,WELCH-COX E39A,"PIONEER NATURAL RES. USA, INC.",SPRABERRY (TREND AREA),202310,202604,31,0.0,0.0,0.0,10131.0,202310,202310,31
31743566,10,60093,301H,WELCH-COX E39A,"PIONEER NATURAL RES. USA, INC.",SPRABERRY (TREND AREA),202310,202605,32,0.0,0.0,0.0,10131.0,202310,202310,32
31743566,10,60093,301H,WELCH-COX E39A,"PIONEER NATURAL RES. USA, INC.",SPRABERRY (TREND AREA),202310,202606,33,0.0,0.0,0.0,10131.0,202310,202310,33
31743568,10,60106,320H,WELCH-COX E39T,"PIONEER NATURAL RES. USA, INC.",SPRABERRY (TREND AREA),202310,202310,1,8584.0,5888.0,9565.333333333334,10330.0,202310,202310,1
31743568,10,60106,320H,WELCH-COX E39T,"PIONEER NATURAL RES. USA, INC.",SPRABERRY (TREND AREA),202310,202311,2,48446.0,41227.0,55317.166666666664,10330.0,202310,202310,2
31743568,10,60106,320H,WELCH-COX E39T,"PIONEER NATURAL RES. USA, INC.",SPRABERRY (TREND AREA),202310,202312,3,42468.0,43459.0,49711.166666666664,10330.0,202310,202310,3
31743568,10,60106,320H,WELCH-COX E39T,"PIONEER NATURAL RES. USA, INC.",SPRABERRY (TREND AREA),202310,202401,4,30997.0,36685.0,37111.166666666664,10330.0,202310,202310,4
31743568,10,60106,320H,WELCH-COX E39T,"PIONEER NATURAL RES. USA, INC.",SPRABERRY (TREND AREA),202310,202402,5,18655.0,23416.0,22557.666666666668,10330.0,202310,202310,5
31743568,10,60106,320H,WELCH-COX E39T,"PIONEER NATURAL RES. USA, INC.",SPRABERRY (TREND AREA),202310,202403,6,21484.0,31134.0,26673.0,10330.0,202310,202310,6
31743568,10,60106,320H,WELCH-COX E39T,"PIONEER NATURAL RES. USA, INC.",SPRABERRY (TREND AREA),202310,202404,7,16465.0,24773.0,20593.833333333332,10330.0,202310,202310,7
31743568,10,60106,320H,WELCH-COX E39T,"PIONEER NATURAL RES. USA, INC.",SPRABERRY (TREND AREA),202310,202405,8,13607.0,20379.0,17003.5,10330.0,202310,202310,8
31743568,10,60106,320H,WELCH-COX E39T,"PIONEER NATURAL RES. USA, INC.",SPRABERRY (TREND AREA),202310,202406,9,12111.0,17158.0,14970.666666666666,10330.0,202310,202310,9
31743568,10,60106,320H,WELCH-COX E39T,"PIONEER NATURAL RES. USA, INC.",SPRABERRY (TREND AREA),202310,202407,10,12236.0,19214.0,15438.333333333334,10330.0,202310,202310,10
31743568,10,60106,320H,WELCH-COX E39T,"PIONEER NATURAL RES. USA, INC.",SPRABERRY (TREND AREA),202310,202408,11,9975.0,15700.0,12591.666666666666,10330.0,202310,202310,11
31743568,10,60106,320H,WELCH-COX E39T,"PIONEER NATURAL RES. USA, INC.",SPRABERRY (TREND AREA),202310,202409,12,2070.0,3016.0,2572.6666666666665,10330.0,202310,202310,12
31743568,10,60106,320H,WELCH-COX E39T,"PIONEER NATURAL RES. USA, INC.",SPRABERRY (TREND AREA),202310,202410,13,7111.0,8093.0,8459.833333333334,10330.0,202310,202310,13
31743568,10,60106,320H,WELCH-COX E39T,"PIONEER NATURAL RES. USA, INC.",SPRABERRY (TREND AREA),202310,202411,14,9480.0,13196.0,11679.333333333334,10330.0,202310,202310,14
31743568,10,60106,320H,WELCH-COX E39T,"PIONEER NATURAL RES. USA, INC.",SPRABERRY (TREND AREA),202310,202412,15,8161.0,12723.0,10281.5,10330.0,202310,202310,15
31743568,10,60106,320H,WELCH-COX E39T,"PIONEER NATURAL RES. USA, INC.",SPRABERRY (TREND AREA),202310,202501,16,8801.0,15233.0,11339.833333333334,10330.0,202310,202310,16
31743568,10,60106,320H,WELCH-COX E39T,"PIONEER NATURAL RES. USA, INC.",SPRABERRY (TREND AREA),202310,202502,17,6127.0,10429.0,7865.166666666667,10330.0,202310,202310,17
31743568,10,60106,320H,WELCH-COX E39T,"PIONEER NATURAL RES. USA, INC.",SPRABERRY (TREND AREA),202310,202503,18,5231.0,10289.0,6945.833333333333,10330.0,202310,202310,18
31743568,10,60106,320H,WELCH-COX E39T,"PIONEER NATURAL RES. USA, INC.",SPRABERRY (TREND AREA),202310,202504,19,4047.0,8124.0,5401.0,10330.0,202310,202310,19
31743568,10,60106,320H,WELCH-COX E39T,"PIONEER NATURAL RES. USA, INC.",SPRABERRY (TREND AREA),202310,202505,20,8326.0,9864.0,9970.0,10330.0,202310,202310,20
31743568,10,60106,320H,WELCH-COX E39T,"PIONEER NATURAL RES. USA, INC.",SPRABERRY (TREND AREA),202310,202506,21,4921.0,11104.0,6771.666666666667,10330.0,202310,202310,21
31743568,10,60106,320H,WELCH-COX E39T,"PIONEER NATURAL RES. USA, INC.",SPRABERRY (TREND AREA),202310,202507,22,7078.0,15409.0,9646.166666666666,10330.0,202310,202310,22
31743568,10,60106,320H,WELCH-COX E39T,"PIONEER NATURAL RES. USA, INC.",SPRABERRY (TREND AREA),202310,202508,23,6563.0,17314.0,9448.666666666666,10330.0,202310,202310,23
31743568,10,60106,320H,WELCH-COX E39T,"PIONEER NATURAL RES. USA, INC.",SPRABERRY (TREND AREA),202310,202509,24,5429.0,15973.0,8091.166666666666,10330.0,202310,202310,24
31743568,10,60106,320H,WELCH-COX E39T,"PIONEER NATURAL RES. USA, INC.",SPRABERRY (TREND AREA),202310,202510,25,5536.0,16735.0,8325.166666666666,10330.0,202310,202310,25
31743568,10,60106,320H,WELCH-COX E39T,"PIONEER NATURAL RES. USA, INC.",SPRABERRY (TREND AREA),202310,202511,26,4869.0,13120.0,7055.666666666666,10330.0,202310,202310,26
31743568,10,60106,320H,WELCH-COX E39T,"PIONEER NATURAL RES. USA, INC.",SPRABERRY (TREND AREA),202310,202512,27,4244.0,11948.0,6235.333333333333,10330.0,202310,202310,27
31743568,10,60106,320H,WELCH-COX E39T,"PIONEER NATURAL RES. USA, INC.",SPRABERRY (TREND AREA),202310,202601,28,3825.0,11291.0,5706.833333333333,10330.0,202310,202310,28
31743568,10,60106,320H,WELCH-COX E39T,"PIONEER NATURAL RES. USA, INC.",SPRABERRY (TREND AREA),202310,202602,29,3659.0,10604.0,5426.333333333333,10330.0,202310,202310,29
31743568,10,60106,320H,WELCH-COX E39T,"PIONEER NATURAL RES. USA, INC.",SPRABERRY (TREND AREA),202310,202603,30,4051.0,14181.0,6414.5,10330.0,202310,202310,30
31743568,10,60106,320H,WELCH-COX E39T,"PIONEER NATURAL RES. USA, INC.",SPRABERRY (TREND AREA),202310,202604,31,0.0,0.0,0.0,10330.0,202310,202310,31
31743568,10,60106,320H,WELCH-COX E39T,"PIONEER NATURAL RES. USA, INC.",SPRABERRY (TREND AREA),202310,202605,32,0.0,0.0,0.0,10330.0,202310,202310,32
31743568,10,60106,320H,WELCH-COX E39T,"PIONEER NATURAL RES. USA, INC.",SPRABERRY (TREND AREA),202310,202606,33,0.0,0.0,0.0,10330.0,202310,202310,33
31743755,10,57663,214H,GLYNN-ATCHISON 44N,"PIONEER NATURAL RES. USA, INC.",SPRABERRY (TREND AREA),202203,202208,1,3916.0,3437.0,4488.833333333333,10301.0,202203,202208,6
31743755,10,57663,214H,GLYNN-ATCHISON 44N,"PIONEER NATURAL RES. USA, INC.",SPRABERRY (TREND AREA),202203,202209,2,18767.0,15746.0,21391.333333333332,10301.0,202203,202208,7
31743755,10,57663,214H,GLYNN-ATCHISON 44N,"PIONEER NATURAL RES. USA, INC.",SPRABERRY (TREND AREA),202203,202210,3,24840.0,24499.0,28923.166666666668,10301.0,202203,202208,8
31743755,10,57663,214H,GLYNN-ATCHISON 44N,"PIONEER NATURAL RES. USA, INC.",SPRABERRY (TREND AREA),202203,202211,4,21086.0,23976.0,25082.0,10301.0,202203,202208,9
31743755,10,57663,214H,GLYNN-ATCHISON 44N,"PIONEER NATURAL RES. USA, INC.",SPRABERRY (TREND AREA),202203,202212,5,19052.0,26960.0,23545.333333333332,10301.0,202203,202208,10
31743755,10,57663,214H,GLYNN-ATCHISON 44N,"PIONEER NATURAL RES. USA, INC.",SPRABERRY (TREND AREA),202203,202301,6,600.0,408.0,668.0,10301.0,202203,202208,11
31743755,10,57663,214H,GLYNN-ATCHISON 44N,"PIONEER NATURAL RES. USA, INC.",SPRABERRY (TREND AREA),202203,202302,7,3791.0,3490.0,4372.666666666667,10301.0,202203,202208,12
31743755,10,57663,214H,GLYNN-ATCHISON 44N,"PIONEER NATURAL RES. USA, INC.",SPRABERRY (TREND AREA),202203,202303,8,9613.0,12384.0,11677.0,10301.0,202203,202208,13
31743755,10,57663,214H,GLYNN-ATCHISON 44N,"PIONEER NATURAL RES. USA, INC.",SPRABERRY (TREND AREA),202203,202304,9,13713.0,22101.0,17396.5,10301.0,202203,202208,14
31743755,10,57663,214H,GLYNN-ATCHISON 44N,"PIONEER NATURAL RES. USA, INC.",SPRABERRY (TREND AREA),202203,202305,10,13687.0,25186.0,17884.666666666668,10301.0,202203,202208,15
31743755,10,57663,214H,GLYNN-ATCHISON 44N,"PIONEER NATURAL RES. USA, INC.",SPRABERRY (TREND AREA),202203,202306,11,13195.0,26243.0,17568.833333333332,10301.0,202203,202208,16
31743755,10,57663,214H,GLYNN-ATCHISON 44N,"PIONEER NATURAL RES. USA, INC.",SPRABERRY (TREND AREA),202203,202307,12,12801.0,28136.0,17490.333333333332,10301.0,202203,202208,17
31743755,10,57663,214H,GLYNN-ATCHISON 44N,"PIONEER NATURAL RES. USA, INC.",SPRABERRY (TREND AREA),202203,202308,13,11398.0,27708.0,16016.0,10301.0,202203,202208,18
31743755,10,57663,214H,GLYNN-ATCHISON 44N,"PIONEER NATURAL RES. USA, INC.",SPRABERRY (TREND AREA),202203,202309,14,9927.0,26157.0,14286.5,10301.0,202203,202208,19
31743755,10,57663,214H,GLYNN-ATCHISON 44N,"PIONEER NATURAL RES. USA, INC.",SPRABERRY (TREND AREA),202203,202310,15,8145.0,24874.0,12290.666666666668,10301.0,202203,202208,20
31743755,10,57663,214H,GLYNN-ATCHISON 44N,"PIONEER NATURAL RES. USA, INC.",SPRABERRY (TREND AREA),202203,202311,16,9327.0,26757.0,13786.5,10301.0,202203,202208,21
31743755,10,57663,214H,GLYNN-ATCHISON 44N,"PIONEER NATURAL RES. USA, INC.",SPRABERRY (TREND AREA),202203,202312,17,7716.0,23353.0,11608.166666666666,10301.0,202203,202208,22
31743755,10,57663,214H,GLYNN-ATCHISON 44N,"PIONEER NATURAL RES. USA, INC.",SPRABERRY (TREND AREA),202203,202401,18,6581.0,19241.0,9787.833333333334,10301.0,202203,202208,23
31743755,10,57663,214H,GLYNN-ATCHISON 44N,"PIONEER NATURAL RES. USA, INC.",SPRABERRY (TREND AREA),202203,202402,19,5293.0,16179.0,7989.5,10301.0,202203,202208,24
31743755,10,57663,214H,GLYNN-ATCHISON 44N,"PIONEER NATURAL RES. USA, INC.",SPRABERRY (TREND AREA),202203,202403,20,6211.0,19292.0,9426.333333333334,10301.0,202203,202208,25
31743755,10,57663,214H,GLYNN-ATCHISON 44N,"PIONEER NATURAL RES. USA, INC.",SPRABERRY (TREND AREA),202203,202404,21,4928.0,16735.0,7717.166666666666,10301.0,202203,202208,26
31743755,10,57663,214H,GLYNN-ATCHISON 44N,"PIONEER NATURAL RES. USA, INC.",SPRABERRY (TREND AREA),202203,202405,22,6007.0,21695.0,9622.833333333334,10301.0,202203,202208,27
31743755,10,57663,214H,GLYNN-ATCHISON 44N,"PIONEER NATURAL RES. USA, INC.",SPRABERRY (TREND AREA),202203,202406,23,1708.0,6078.0,2721.0,10301.0,202203,202208,28
31743755,10,57663,214H,GLYNN-ATCHISON 44N,"PIONEER NATURAL RES. USA, INC.",SPRABERRY (TREND AREA),202203,202407,24,6317.0,19996.0,9649.666666666666,10301.0,202203,202208,29
31743755,10,57663,214H,GLYNN-ATCHISON 44N,"PIONEER NATURAL RES. USA, INC.",SPRABERRY (TREND AREA),202203,202408,25,6356.0,23761.0,10316.166666666666,10301.0,202203,202208,30
31743755,10,57663,214H,GLYNN-ATCHISON 44N,"PIONEER NATURAL RES. USA, INC.",SPRABERRY (TREND AREA),202203,202409,26,6228.0,24034.0,10233.666666666666,10301.0,202203,202208,31
31743755,10,57663,214H,GLYNN-ATCHISON 44N,"PIONEER NATURAL RES. USA, INC.",SPRABERRY (TREND AREA),202203,202410,27,5712.0,24274.0,9757.666666666666,10301.0,202203,202208,32
31743755,10,57663,214H,GLYNN-ATCHISON 44N,"PIONEER NATURAL RES. USA, INC.",SPRABERRY (TREND AREA),202203,202411,28,5517.0,23097.0,9366.5,10301.0,202203,202208,33
31743755,10,57663,214H,GLYNN-ATCHISON 44N,"PIONEER NATURAL RES. USA, INC.",SPRABERRY (TREND AREA),202203,202412,29,5292.0,22817.0,9094.833333333334,10301.0,202203,202208,34
31743755,10,57663,214H,GLYNN-ATCHISON 44N,"PIONEER NATURAL RES. USA, INC.",SPRABERRY (TREND AREA),202203,202501,30,3927.0,20176.0,7289.666666666666,10301.0,202203,202208,35
31743755,10,57663,214H,GLYNN-ATCHISON 44N,"PIONEER NATURAL RES. USA, INC.",SPRABERRY (TREND AREA),202203,202502,31,5000.0,19281.0,8213.5,10301.0,202203,202208,36
31743755,10,57663,214H,GLYNN-ATCHISON 44N,"PIONEER NATURAL RES. USA, INC.",SPRABERRY (TREND AREA),202203,202503,32,4355.0,18396.0,7421.0,10301.0,202203,202208,37
31743755,10,57663,214H,GLYNN-ATCHISON 44N,"PIONEER NATURAL RES. USA, INC.",SPRABERRY (TREND AREA),202203,202504,33,4172.0,18454.0,7247.666666666666,10301.0,202203,202208,38
31743755,10,57663,214H,GLYNN-ATCHISON 44N,"PIONEER NATURAL RES. USA, INC.",SPRABERRY (TREND AREA),202203,202505,34,3571.0,18317.0,6623.833333333334,10301.0,202203,202208,39
31743755,10,57663,214H,GLYNN-ATCHISON 44N,"PIONEER NATURAL RES. USA, INC.",SPRABERRY (TREND AREA),202203,202506,35,3719.0,19584.0,6983.0,10301.0,202203,202208,40
31743755,10,57663,214H,GLYNN-ATCHISON 44N,"PIONEER NATURAL RES. USA, INC.",SPRABERRY (TREND AREA),202203,202507,36,2414.0,14042.0,4754.333333333334,10301.0,202203,202208,41
31743755,10,57663,214H,GLYNN-ATCHISON 44N,"PIONEER NATURAL RES. USA, INC.",SPRABERRY (TREND AREA),202203,202508,37,1346.0,8087.0,2693.833333333333,10301.0,202203,202208,42
31743755,10,57663,214H,GLYNN-ATCHISON 44N,"PIONEER NATURAL RES. USA, INC.",SPRABERRY (TREND AREA),202203,202509,38,1794.0,7997.0,3126.833333333333,10301.0,202203,202208,43
31743755,10,57663,214H,GLYNN-ATCHISON 44N,"PIONEER NATURAL RES. USA, INC.",SPRABERRY (TREND AREA),202203,202510,39,2313.0,9933.0,3968.5,10301.0,202203,202208,44
31743755,10,57663,214H,GLYNN-ATCHISON 44N,"PIONEER NATURAL RES. USA, INC.",SPRABERRY (TREND AREA),202203,202511,40,2420.0,10106.0,4104.333333333333,10301.0,202203,202208,45
31743755,10,57663,214H,GLYNN-ATCHISON 44N,"PIONEER NATURAL RES. USA, INC.",SPRABERRY (TREND AREA),202203,202512,41,2616.0,10619.0,4385.833333333333,10301.0,202203,202208,46
31743755,10,57663,214H,GLYNN-ATCHISON 44N,"PIONEER NATURAL RES. USA, INC.",SPRABERRY (TREND AREA),202203,202601,42,1558.0,7394.0,2790.333333333333,10301.0,202203,202208,47
31743755,10,57663,214H,GLYNN-ATCHISON 44N,"PIONEER NATURAL RES. USA, INC.",SPRABERRY (TREND AREA),202203,202602,43,2435.0,10703.0,4218.833333333333,10301.0,202203,202208,48
31743755,10,57663,214H,GLYNN-ATCHISON 44N,"PIONEER NATURAL RES. USA, INC.",SPRABERRY (TREND AREA),202203,202603,44,2872.0,14403.0,5272.5,10301.0,202203,202208,49
31743755,10,57663,214H,GLYNN-ATCHISON 44N,"PIONEER NATURAL RES. USA, INC.",SPRABERRY (TREND AREA),202203,202604,45,0.0,0.0,0.0,10301.0,202203,202208,50
31743755,10,57663,214H,GLYNN-ATCHISON 44N,"PIONEER NATURAL RES. USA, INC.",SPRABERRY (TREND AREA),202203,202605,46,0.0,0.0,0.0,10301.0,202203,202208,51
31743755,10,57663,214H,GLYNN-ATCHISON 44N,"PIONEER NATURAL RES. USA, INC.",SPRABERRY (TREND AREA),202203,202606,47,0.0,0.0,0.0,10301.0,202203,202208,52
31743757,10,57623,213H,GLYNN-ATCHISON 44M,"PIONEER NATURAL RES. USA, INC.",SPRABERRY (TREND AREA),202203,202208,1,3360.0,2768.0,3821.3333333333335,10181.0,202203,202208,6
31743757,10,57623,213H,GLYNN-ATCHISON 44M,"PIONEER NATURAL RES. USA, INC.",SPRABERRY (TREND AREA),202203,202209,2,14479.0,9896.0,16128.333333333334,10181.0,202203,202208,7
31743757,10,57623,213H,GLYNN-ATCHISON 44M,"PIONEER NATURAL RES. USA, INC.",SPRABERRY (TREND AREA),202203,202210,3,19410.0,16898.0,22226.333333333332,10181.0,202203,202208,8
31743757,10,57623,213H,GLYNN-ATCHISON 44M,"PIONEER NATURAL RES. USA, INC.",SPRABERRY (TREND AREA),202203,202211,4,15768.0,18112.0,18786.666666666668,10181.0,202203,202208,9
31743757,10,57623,213H,GLYNN-ATCHISON 44M,"PIONEER NATURAL RES. USA, INC.",SPRABERRY (TREND AREA),202203,202212,5,12918.0,16916.0,15737.333333333334,10181.0,202203,202208,10
31743757,10,57623,213H,GLYNN-ATCHISON 44M,"PIONEER NATURAL RES. USA, INC.",SPRABERRY (TREND AREA),202203,202301,6,714.0,129.0,735.5,10181.0,202203,202208,11
31743757,10,57623,213H,GLYNN-ATCHISON 44M,"PIONEER NATURAL RES. USA, INC.",SPRABERRY (TREND AREA),202203,202302,7,5871.0,7200.0,7071.0,10181.0,202203,202208,12
31743757,10,57623,213H,GLYNN-ATCHISON 44M,"PIONEER NATURAL RES. USA, INC.",SPRABERRY (TREND AREA),202203,202303,8,6419.0,9742.0,8042.666666666667,10181.0,202203,202208,13
31743757,10,57623,213H,GLYNN-ATCHISON 44M,"PIONEER NATURAL RES. USA, INC.",SPRABERRY (TREND AREA),202203,202304,9,5136.0,8900.0,6619.333333333333,10181.0,202203,202208,14
31743757,10,57623,213H,GLYNN-ATCHISON 44M,"PIONEER NATURAL RES. USA, INC.",SPRABERRY (TREND AREA),202203,202305,10,5031.0,10464.0,6775.0,10181.0,202203,202208,15
31743757,10,57623,213H,GLYNN-ATCHISON 44M,"PIONEER NATURAL RES. USA, INC.",SPRABERRY (TREND AREA),202203,202306,11,4775.0,10814.0,6577.333333333333,10181.0,202203,202208,16
31743757,10,57623,213H,GLYNN-ATCHISON 44M,"PIONEER NATURAL RES. USA, INC.",SPRABERRY (TREND AREA),202203,202307,12,5183.0,12717.0,7302.5,10181.0,202203,202208,17
31743757,10,57623,213H,GLYNN-ATCHISON 44M,"PIONEER NATURAL RES. USA, INC.",SPRABERRY (TREND AREA),202203,202308,13,4155.0,11975.0,6150.833333333333,10181.0,202203,202208,18
31743757,10,57623,213H,GLYNN-ATCHISON 44M,"PIONEER NATURAL RES. USA, INC.",SPRABERRY (TREND AREA),202203,202309,14,3368.0,11899.0,5351.166666666667,10181.0,202203,202208,19
31743757,10,57623,213H,GLYNN-ATCHISON 44M,"PIONEER NATURAL RES. USA, INC.",SPRABERRY (TREND AREA),202203,202310,15,2582.0,10785.0,4379.5,10181.0,202203,202208,20
31743757,10,57623,213H,GLYNN-ATCHISON 44M,"PIONEER NATURAL RES. USA, INC.",SPRABERRY (TREND AREA),202203,202311,16,2706.0,12572.0,4801.333333333334,10181.0,202203,202208,21
31743757,10,57623,213H,GLYNN-ATCHISON 44M,"PIONEER NATURAL RES. USA, INC.",SPRABERRY (TREND AREA),202203,202312,17,1826.0,12139.0,3849.166666666667,10181.0,202203,202208,22
31743757,10,57623,213H,GLYNN-ATCHISON 44M,"PIONEER NATURAL RES. USA, INC.",SPRABERRY (TREND AREA),202203,202401,18,1505.0,10315.0,3224.166666666667,10181.0,202203,202208,23
31743757,10,57623,213H,GLYNN-ATCHISON 44M,"PIONEER NATURAL RES. USA, INC.",SPRABERRY (TREND AREA),202203,202402,19,1854.0,10702.0,3637.666666666667,10181.0,202203,202208,24
31743757,10,57623,213H,GLYNN-ATCHISON 44M,"PIONEER NATURAL RES. USA, INC.",SPRABERRY (TREND AREA),202203,202403,20,1920.0,11609.0,3854.833333333333,10181.0,202203,202208,25
31743757,10,57623,213H,GLYNN-ATCHISON 44M,"PIONEER NATURAL RES. USA, INC.",SPRABERRY (TREND AREA),202203,202404,21,1765.0,12133.0,3787.166666666667,10181.0,202203,202208,26
31743757,10,57623,213H,GLYNN-ATCHISON 44M,"PIONEER NATURAL RES. USA, INC.",SPRABERRY (TREND AREA),202203,202405,22,1696.0,10360.0,3422.666666666667,10181.0,202203,202208,27
31743757,10,57623,213H,GLYNN-ATCHISON 44M,"PIONEER NATURAL RES. USA, INC.",SPRABERRY (TREND AREA),202203,202406,23,5520.0,14555.0,7945.833333333334,10181.0,202203,202208,28
31743757,10,57623,213H,GLYNN-ATCHISON 44M,"PIONEER NATURAL RES. USA, INC.",SPRABERRY (TREND AREA),202203,202407,24,4681.0,16856.0,7490.333333333334,10181.0,202203,202208,29
31743757,10,57623,213H,GLYNN-ATCHISON 44M,"PIONEER NATURAL RES. USA, INC.",SPRABERRY (TREND AREA),202203,202408,25,4457.0,17375.0,7352.833333333334,10181.0,202203,202208,30
31743757,10,57623,213H,GLYNN-ATCHISON 44M,"PIONEER NATURAL RES. USA, INC.",SPRABERRY (TREND AREA),202203,202409,26,4533.0,18124.0,7553.666666666666,10181.0,202203,202208,31
31743757,10,57623,213H,GLYNN-ATCHISON 44M,"PIONEER NATURAL RES. USA, INC.",SPRABERRY (TREND AREA),202203,202410,27,3716.0,16512.0,6468.0,10181.0,202203,202208,32
31743757,10,57623,213H,GLYNN-ATCHISON 44M,"PIONEER NATURAL RES. USA, INC.",SPRABERRY (TREND AREA),202203,202411,28,5673.0,16786.0,8470.666666666666,10181.0,202203,202208,33
31743757,10,57623,213H,GLYNN-ATCHISON 44M,"PIONEER NATURAL RES. USA, INC.",SPRABERRY (TREND AREA),202203,202412,29,5750.0,19760.0,9043.333333333334,10181.0,202203,202208,34
31743757,10,57623,213H,GLYNN-ATCHISON 44M,"PIONEER NATURAL RES. USA, INC.",SPRABERRY (TREND AREA),202203,202501,30,1899.0,11286.0,3780.0,10181.0,202203,202208,35
31743757,10,57623,213H,GLYNN-ATCHISON 44M,"PIONEER NATURAL RES. USA, INC.",SPRABERRY (TREND AREA),202203,202502,31,3902.0,15983.0,6565.833333333334,10181.0,202203,202208,36
31743757,10,57623,213H,GLYNN-ATCHISON 44M,"PIONEER NATURAL RES. USA, INC.",SPRABERRY (TREND AREA),202203,202503,32,2728.0,13705.0,5012.166666666666,10181.0,202203,202208,37
31743757,10,57623,213H,GLYNN-ATCHISON 44M,"PIONEER NATURAL RES. USA, INC.",SPRABERRY (TREND AREA),202203,202504,33,3046.0,14789.0,5510.833333333334,10181.0,202203,202208,38
31743757,10,57623,213H,GLYNN-ATCHISON 44M,"PIONEER NATURAL RES. USA, INC.",SPRABERRY (TREND AREA),202203,202505,34,1608.0,10387.0,3339.166666666667,10181.0,202203,202208,39
31743757,10,57623,213H,GLYNN-ATCHISON 44M,"PIONEER NATURAL RES. USA, INC.",SPRABERRY (TREND AREA),202203,202506,35,1543.0,9466.0,3120.666666666667,10181.0,202203,202208,40
31743757,10,57623,213H,GLYNN-ATCHISON 44M,"PIONEER NATURAL RES. USA, INC.",SPRABERRY (TREND AREA),202203,202507,36,1197.0,5913.0,2182.5,10181.0,202203,202208,41
31743757,10,57623,213H,GLYNN-ATCHISON 44M,"PIONEER NATURAL RES. USA, INC.",SPRABERRY (TREND AREA),202203,202508,37,423.0,2261.0,799.8333333333333,10181.0,202203,202208,42
31743757,10,57623,213H,GLYNN-ATCHISON 44M,"PIONEER NATURAL RES. USA, INC.",SPRABERRY (TREND AREA),202203,202509,38,942.0,5417.0,1844.8333333333335,10181.0,202203,202208,43
31743757,10,57623,213H,GLYNN-ATCHISON 44M,"PIONEER NATURAL RES. USA, INC.",SPRABERRY (TREND AREA),202203,202510,39,1598.0,7366.0,2825.666666666667,10181.0,202203,202208,44
31743757,10,57623,213H,GLYNN-ATCHISON 44M,"PIONEER NATURAL RES. USA, INC.",SPRABERRY (TREND AREA),202203,202511,40,2657.0,12683.0,4770.833333333334,10181.0,202203,202208,45
31743757,10,57623,213H,GLYNN-ATCHISON 44M,"PIONEER NATURAL RES. USA, INC.",SPRABERRY (TREND AREA),202203,202512,41,2293.0,14346.0,4684.0,10181.0,202203,202208,46
31743757,10,57623,213H,GLYNN-ATCHISON 44M,"PIONEER NATURAL RES. USA, INC.",SPRABERRY (TREND AREA),202203,202601,42,1660.0,12347.0,3717.8333333333335,10181.0,202203,202208,47
31743757,10,57623,213H,GLYNN-ATCHISON 44M,"PIONEER NATURAL RES. USA, INC.",SPRABERRY (TREND AREA),202203,202602,43,1656.0,10004.0,3323.333333333333,10181.0,202203,202208,48
31743757,10,57623,213H,GLYNN-ATCHISON 44M,"PIONEER NATURAL RES. USA, INC.",SPRABERRY (TREND AREA),202203,202603,44,1888.0,11106.0,3739.0,10181.0,202203,202208,49
31743757,10,57623,213H,GLYNN-ATCHISON 44M,"PIONEER NATURAL RES. USA, INC.",SPRABERRY (TREND AREA),202203,202604,45,0.0,0.0,0.0,10181.0,202203,202208,50
31743757,10,57623,213H,GLYNN-ATCHISON 44M,"PIONEER NATURAL RES. USA, INC.",SPRABERRY (TREND AREA),202203,202605,46,0.0,0.0,0.0,10181.0,202203,202208,51
31743757,10,57623,213H,GLYNN-ATCHISON 44M,"PIONEER NATURAL RES. USA, INC.",SPRABERRY (TREND AREA),202203,202606,47,0.0,0.0,0.0,10181.0,202203,202208,52
31743759,10,57722,212H,GLYNN-ATCHISON 44L,"PIONEER NATURAL RES. USA, INC.",SPRABERRY (TREND AREA),202208,202208,1,12323.0,11467.0,14234.166666666666,10181.0,202208,202208,1
31743759,10,57722,212H,GLYNN-ATCHISON 44L,"PIONEER NATURAL RES. USA, INC.",SPRABERRY (TREND AREA),202208,202209,2,34729.0,34363.0,40456.166666666664,10181.0,202208,202208,2
31743759,10,57722,212H,GLYNN-ATCHISON 44L,"PIONEER NATURAL RES. USA, INC.",SPRABERRY (TREND AREA),202208,202210,3,27507.0,40438.0,34246.666666666664,10181.0,202208,202208,3
31743759,10,57722,212H,GLYNN-ATCHISON 44L,"PIONEER NATURAL RES. USA, INC.",SPRABERRY (TREND AREA),202208,202211,4,18560.0,34461.0,24303.5,10181.0,202208,202208,4
31743759,10,57722,212H,GLYNN-ATCHISON 44L,"PIONEER NATURAL RES. USA, INC.",SPRABERRY (TREND AREA),202208,202212,5,13453.0,32216.0,18822.333333333332,10181.0,202208,202208,5
31743759,10,57722,212H,GLYNN-ATCHISON 44L,"PIONEER NATURAL RES. USA, INC.",SPRABERRY (TREND AREA),202208,202301,6,9032.0,16842.0,11839.0,10181.0,202208,202208,6
31743759,10,57722,212H,GLYNN-ATCHISON 44L,"PIONEER NATURAL RES. USA, INC.",SPRABERRY (TREND AREA),202208,202302,7,10822.0,30465.0,15899.5,10181.0,202208,202208,7
31743759,10,57722,212H,GLYNN-ATCHISON 44L,"PIONEER NATURAL RES. USA, INC.",SPRABERRY (TREND AREA),202208,202303,8,9140.0,31761.0,14433.5,10181.0,202208,202208,8
31743759,10,57722,212H,GLYNN-ATCHISON 44L,"PIONEER NATURAL RES. USA, INC.",SPRABERRY (TREND AREA),202208,202304,9,7396.0,26464.0,11806.666666666668,10181.0,202208,202208,9
31743759,10,57722,212H,GLYNN-ATCHISON 44L,"PIONEER NATURAL RES. USA, INC.",SPRABERRY (TREND AREA),202208,202305,10,6737.0,25448.0,10978.333333333332,10181.0,202208,202208,10
31743759,10,57722,212H,GLYNN-ATCHISON 44L,"PIONEER NATURAL RES. USA, INC.",SPRABERRY (TREND AREA),202208,202306,11,5872.0,22382.0,9602.333333333334,10181.0,202208,202208,11
31743759,10,57722,212H,GLYNN-ATCHISON 44L,"PIONEER NATURAL RES. USA, INC.",SPRABERRY (TREND AREA),202208,202307,12,4411.0,15609.0,7012.5,10181.0,202208,202208,12
31743759,10,57722,212H,GLYNN-ATCHISON 44L,"PIONEER NATURAL RES. USA, INC.",SPRABERRY (TREND AREA),202208,202308,13,4991.0,22620.0,8761.0,10181.0,202208,202208,13
31743759,10,57722,212H,GLYNN-ATCHISON 44L,"PIONEER NATURAL RES. USA, INC.",SPRABERRY (TREND AREA),202208,202309,14,3857.0,19602.0,7124.0,10181.0,202208,202208,14
31743759,10,57722,212H,GLYNN-ATCHISON 44L,"PIONEER NATURAL RES. USA, INC.",SPRABERRY (TREND AREA),202208,202310,15,2680.0,16024.0,5350.666666666666,10181.0,202208,202208,15
31743759,10,57722,212H,GLYNN-ATCHISON 44L,"PIONEER NATURAL RES. USA, INC.",SPRABERRY (TREND AREA),202208,202311,16,1134.0,8141.0,2490.833333333333,10181.0,202208,202208,16
31743759,10,57722,212H,GLYNN-ATCHISON 44L,"PIONEER NATURAL RES. USA, INC.",SPRABERRY (TREND AREA),202208,202312,17,4373.0,20796.0,7839.0,10181.0,202208,202208,17
31743759,10,57722,212H,GLYNN-ATCHISON 44L,"PIONEER NATURAL RES. USA, INC.",SPRABERRY (TREND AREA),202208,202401,18,2863.0,17759.0,5822.833333333334,10181.0,202208,202208,18
31743759,10,57722,212H,GLYNN-ATCHISON 44L,"PIONEER NATURAL RES. USA, INC.",SPRABERRY (TREND AREA),202208,202402,19,3255.0,19611.0,6523.5,10181.0,202208,202208,19
31743759,10,57722,212H,GLYNN-ATCHISON 44L,"PIONEER NATURAL RES. USA, INC.",SPRABERRY (TREND AREA),202208,202403,20,3125.0,19715.0,6410.833333333334,10181.0,202208,202208,20
31743759,10,57722,212H,GLYNN-ATCHISON 44L,"PIONEER NATURAL RES. USA, INC.",SPRABERRY (TREND AREA),202208,202404,21,3019.0,21289.0,6567.166666666666,10181.0,202208,202208,21
31743759,10,57722,212H,GLYNN-ATCHISON 44L,"PIONEER NATURAL RES. USA, INC.",SPRABERRY (TREND AREA),202208,202405,22,3210.0,23356.0,7102.666666666666,10181.0,202208,202208,22
31743759,10,57722,212H,GLYNN-ATCHISON 44L,"PIONEER NATURAL RES. USA, INC.",SPRABERRY (TREND AREA),202208,202406,23,3072.0,23741.0,7028.833333333334,10181.0,202208,202208,23
31743759,10,57722,212H,GLYNN-ATCHISON 44L,"PIONEER NATURAL RES. USA, INC.",SPRABERRY (TREND AREA),202208,202407,24,2839.0,21829.0,6477.166666666666,10181.0,202208,202208,24
31743759,10,57722,212H,GLYNN-ATCHISON 44L,"PIONEER NATURAL RES. USA, INC.",SPRABERRY (TREND AREA),202208,202408,25,2651.0,22138.0,6340.666666666666,10181.0,202208,202208,25
31743759,10,57722,212H,GLYNN-ATCHISON 44L,"PIONEER NATURAL RES. USA, INC.",SPRABERRY (TREND AREA),202208,202409,26,2370.0,19722.0,5657.0,10181.0,202208,202208,26
31743759,10,57722,212H,GLYNN-ATCHISON 44L,"PIONEER NATURAL RES. USA, INC.",SPRABERRY (TREND AREA),202208,202410,27,2109.0,17349.0,5000.5,10181.0,202208,202208,27
31743759,10,57722,212H,GLYNN-ATCHISON 44L,"PIONEER NATURAL RES. USA, INC.",SPRABERRY (TREND AREA),202208,202411,28,2133.0,16995.0,4965.5,10181.0,202208,202208,28
31743759,10,57722,212H,GLYNN-ATCHISON 44L,"PIONEER NATURAL RES. USA, INC.",SPRABERRY (TREND AREA),202208,202412,29,2231.0,18568.0,5325.666666666666,10181.0,202208,202208,29
31743759,10,57722,212H,GLYNN-ATCHISON 44L,"PIONEER NATURAL RES. USA, INC.",SPRABERRY (TREND AREA),202208,202501,30,2235.0,20489.0,5649.833333333334,10181.0,202208,202208,30
31743759,10,57722,212H,GLYNN-ATCHISON 44L,"PIONEER NATURAL RES. USA, INC.",SPRABERRY (TREND AREA),202208,202502,31,2238.0,18073.0,5250.166666666666,10181.0,202208,202208,31
31743759,10,57722,212H,GLYNN-ATCHISON 44L,"PIONEER NATURAL RES. USA, INC.",SPRABERRY (TREND AREA),202208,202503,32,2214.0,19495.0,5463.166666666666,10181.0,202208,202208,32
31743759,10,57722,212H,GLYNN-ATCHISON 44L,"PIONEER NATURAL RES. USA, INC.",SPRABERRY (TREND AREA),202208,202504,33,2024.0,18880.0,5170.666666666666,10181.0,202208,202208,33
31743759,10,57722,212H,GLYNN-ATCHISON 44L,"PIONEER NATURAL RES. USA, INC.",SPRABERRY (TREND AREA),202208,202505,34,1804.0,18552.0,4896.0,10181.0,202208,202208,34
31743759,10,57722,212H,GLYNN-ATCHISON 44L,"PIONEER NATURAL RES. USA, INC.",SPRABERRY (TREND AREA),202208,202506,35,1927.0,20628.0,5365.0,10181.0,202208,202208,35
31743759,10,57722,212H,GLYNN-ATCHISON 44L,"PIONEER NATURAL RES. USA, INC.",SPRABERRY (TREND AREA),202208,202507,36,1271.0,16149.0,3962.5,10181.0,202208,202208,36
31743759,10,57722,212H,GLYNN-ATCHISON 44L,"PIONEER NATURAL RES. USA, INC.",SPRABERRY (TREND AREA),202208,202508,37,1701.0,19483.0,4948.166666666666,10181.0,202208,202208,37
31743759,10,57722,212H,GLYNN-ATCHISON 44L,"PIONEER NATURAL RES. USA, INC.",SPRABERRY (TREND AREA),202208,202509,38,1635.0,17866.0,4612.666666666666,10181.0,202208,202208,38
31743759,10,57722,212H,GLYNN-ATCHISON 44L,"PIONEER NATURAL RES. USA, INC.",SPRABERRY (TREND AREA),202208,202510,39,1674.0,18950.0,4832.333333333334,10181.0,202208,202208,39
31743759,10,57722,212H,GLYNN-ATCHISON 44L,"PIONEER NATURAL RES. USA, INC.",SPRABERRY (TREND AREA),202208,202511,40,1620.0,16219.0,4323.166666666666,10181.0,202208,202208,40
31743759,10,57722,212H,GLYNN-ATCHISON 44L,"PIONEER NATURAL RES. USA, INC.",SPRABERRY (TREND AREA),202208,202512,41,1706.0,15022.0,4209.666666666666,10181.0,202208,202208,41
31743759,10,57722,212H,GLYNN-ATCHISON 44L,"PIONEER NATURAL RES. USA, INC.",SPRABERRY (TREND AREA),202208,202601,42,1413.0,12313.0,3465.1666666666665,10181.0,202208,202208,42
31743759,10,57722,212H,GLYNN-ATCHISON 44L,"PIONEER NATURAL RES. USA, INC.",SPRABERRY (TREND AREA),202208,202602,43,1301.0,13324.0,3521.6666666666665,10181.0,202208,202208,43
31743759,10,57722,212H,GLYNN-ATCHISON 44L,"PIONEER NATURAL RES. USA, INC.",SPRABERRY (TREND AREA),202208,202603,44,1508.0,16023.0,4178.5,10181.0,202208,202208,44
31743759,10,57722,212H,GLYNN-ATCHISON 44L,"PIONEER NATURAL RES. USA, INC.",SPRABERRY (TREND AREA),202208,202604,45,0.0,0.0,0.0,10181.0,202208,202208,45
31743759,10,57722,212H,GLYNN-ATCHISON 44L,"PIONEER NATURAL RES. USA, INC.",SPRABERRY (TREND AREA),202208,202605,46,0.0,0.0,0.0,10181.0,202208,202208,46
31743759,10,57722,212H,GLYNN-ATCHISON 44L,"PIONEER NATURAL RES. USA, INC.",SPRABERRY (TREND AREA),202208,202606,47,0.0,0.0,0.0,10181.0,202208,202208,47
31743816,10,58214,4H,SCHARBAUER-DOVE 7D,"PIONEER NATURAL RES. USA, INC.",SPRABERRY (TREND AREA),202210,202210,1,28317.0,25127.0,32504.833333333332,10181.0,202210,202210,1
31743816,10,58214,4H,SCHARBAUER-DOVE 7D,"PIONEER NATURAL RES. USA, INC.",SPRABERRY (TREND AREA),202210,202211,2,24783.0,28089.0,29464.5,10181.0,202210,202210,2
31743816,10,58214,4H,SCHARBAUER-DOVE 7D,"PIONEER NATURAL RES. USA, INC.",SPRABERRY (TREND AREA),202210,202212,3,19455.0,26371.0,23850.166666666668,10181.0,202210,202210,3
31743816,10,58214,4H,SCHARBAUER-DOVE 7D,"PIONEER NATURAL RES. USA, INC.",SPRABERRY (TREND AREA),202210,202301,4,17215.0,18254.0,20257.333333333332,10181.0,202210,202210,4
31743816,10,58214,4H,SCHARBAUER-DOVE 7D,"PIONEER NATURAL RES. USA, INC.",SPRABERRY (TREND AREA),202210,202302,5,14367.0,13636.0,16639.666666666668,10181.0,202210,202210,5
31743816,10,58214,4H,SCHARBAUER-DOVE 7D,"PIONEER NATURAL RES. USA, INC.",SPRABERRY (TREND AREA),202210,202303,6,13981.0,5138.0,14837.333333333334,10181.0,202210,202210,6
31743816,10,58214,4H,SCHARBAUER-DOVE 7D,"PIONEER NATURAL RES. USA, INC.",SPRABERRY (TREND AREA),202210,202304,7,12243.0,18020.0,15246.333333333334,10181.0,202210,202210,7
31743816,10,58214,4H,SCHARBAUER-DOVE 7D,"PIONEER NATURAL RES. USA, INC.",SPRABERRY (TREND AREA),202210,202305,8,10734.0,8364.0,12128.0,10181.0,202210,202210,8
31743816,10,58214,4H,SCHARBAUER-DOVE 7D,"PIONEER NATURAL RES. USA, INC.",SPRABERRY (TREND AREA),202210,202306,9,10551.0,15928.0,13205.666666666666,10181.0,202210,202210,9
31743816,10,58214,4H,SCHARBAUER-DOVE 7D,"PIONEER NATURAL RES. USA, INC.",SPRABERRY (TREND AREA),202210,202307,10,7014.0,7154.0,8206.333333333334,10181.0,202210,202210,10
31743816,10,58214,4H,SCHARBAUER-DOVE 7D,"PIONEER NATURAL RES. USA, INC.",SPRABERRY (TREND AREA),202210,202308,11,8774.0,10355.0,10499.833333333334,10181.0,202210,202210,11
31743816,10,58214,4H,SCHARBAUER-DOVE 7D,"PIONEER NATURAL RES. USA, INC.",SPRABERRY (TREND AREA),202210,202309,12,8709.0,15574.0,11304.666666666666,10181.0,202210,202210,12
31743816,10,58214,4H,SCHARBAUER-DOVE 7D,"PIONEER NATURAL RES. USA, INC.",SPRABERRY (TREND AREA),202210,202310,13,8425.0,22397.0,12157.833333333334,10181.0,202210,202210,13
31743816,10,58214,4H,SCHARBAUER-DOVE 7D,"PIONEER NATURAL RES. USA, INC.",SPRABERRY (TREND AREA),202210,202311,14,5855.0,6491.0,6936.833333333333,10181.0,202210,202210,14
31743816,10,58214,4H,SCHARBAUER-DOVE 7D,"PIONEER NATURAL RES. USA, INC.",SPRABERRY (TREND AREA),202210,202312,15,6540.0,7353.0,7765.5,10181.0,202210,202210,15
31743816,10,58214,4H,SCHARBAUER-DOVE 7D,"PIONEER NATURAL RES. USA, INC.",SPRABERRY (TREND AREA),202210,202401,16,6316.0,7678.0,7595.666666666667,10181.0,202210,202210,16
31743816,10,58214,4H,SCHARBAUER-DOVE 7D,"PIONEER NATURAL RES. USA, INC.",SPRABERRY (TREND AREA),202210,202402,17,6146.0,7740.0,7436.0,10181.0,202210,202210,17
31743816,10,58214,4H,SCHARBAUER-DOVE 7D,"PIONEER NATURAL RES. USA, INC.",SPRABERRY (TREND AREA),202210,202403,18,4962.0,5831.0,5933.833333333333,10181.0,202210,202210,18
31743816,10,58214,4H,SCHARBAUER-DOVE 7D,"PIONEER NATURAL RES. USA, INC.",SPRABERRY (TREND AREA),202210,202404,19,4307.0,4600.0,5073.666666666667,10181.0,202210,202210,19
31743816,10,58214,4H,SCHARBAUER-DOVE 7D,"PIONEER NATURAL RES. USA, INC.",SPRABERRY (TREND AREA),202210,202405,20,2520.0,3381.0,3083.5,10181.0,202210,202210,20
31743816,10,58214,4H,SCHARBAUER-DOVE 7D,"PIONEER NATURAL RES. USA, INC.",SPRABERRY (TREND AREA),202210,202406,21,7615.0,9309.0,9166.5,10181.0,202210,202210,21
31743816,10,58214,4H,SCHARBAUER-DOVE 7D,"PIONEER NATURAL RES. USA, INC.",SPRABERRY (TREND AREA),202210,202407,22,10242.0,30183.0,15272.5,10181.0,202210,202210,22
31743816,10,58214,4H,SCHARBAUER-DOVE 7D,"PIONEER NATURAL RES. USA, INC.",SPRABERRY (TREND AREA),202210,202408,23,7651.0,32799.0,13117.5,10181.0,202210,202210,23
31743816,10,58214,4H,SCHARBAUER-DOVE 7D,"PIONEER NATURAL RES. USA, INC.",SPRABERRY (TREND AREA),202210,202409,24,6465.0,23573.0,10393.833333333334,10181.0,202210,202210,24
31743816,10,58214,4H,SCHARBAUER-DOVE 7D,"PIONEER NATURAL RES. USA, INC.",SPRABERRY (TREND AREA),202210,202410,25,6225.0,21559.0,9818.166666666666,10181.0,202210,202210,25
31743816,10,58214,4H,SCHARBAUER-DOVE 7D,"PIONEER NATURAL RES. USA, INC.",SPRABERRY (TREND AREA),202210,202411,26,5989.0,14679.0,8435.5,10181.0,202210,202210,26
31743816,10,58214,4H,SCHARBAUER-DOVE 7D,"PIONEER NATURAL RES. USA, INC.",SPRABERRY (TREND AREA),202210,202412,27,6041.0,14711.0,8492.833333333334,10181.0,202210,202210,27
31743816,10,58214,4H,SCHARBAUER-DOVE 7D,"PIONEER NATURAL RES. USA, INC.",SPRABERRY (TREND AREA),202210,202501,28,5144.0,15782.0,7774.333333333334,10181.0,202210,202210,28
31743816,10,58214,4H,SCHARBAUER-DOVE 7D,"PIONEER NATURAL RES. USA, INC.",SPRABERRY (TREND AREA),202210,202502,29,4746.0,9759.0,6372.5,10181.0,202210,202210,29
31743816,10,58214,4H,SCHARBAUER-DOVE 7D,"PIONEER NATURAL RES. USA, INC.",SPRABERRY (TREND AREA),202210,202503,30,4840.0,9138.0,6363.0,10181.0,202210,202210,30
31743816,10,58214,4H,SCHARBAUER-DOVE 7D,"PIONEER NATURAL RES. USA, INC.",SPRABERRY (TREND AREA),202210,202504,31,5336.0,13146.0,7527.0,10181.0,202210,202210,31
31743816,10,58214,4H,SCHARBAUER-DOVE 7D,"PIONEER NATURAL RES. USA, INC.",SPRABERRY (TREND AREA),202210,202505,32,4628.0,13469.0,6872.833333333334,10181.0,202210,202210,32
31743816,10,58214,4H,SCHARBAUER-DOVE 7D,"PIONEER NATURAL RES. USA, INC.",SPRABERRY (TREND AREA),202210,202506,33,4492.0,13917.0,6811.5,10181.0,202210,202210,33
31743816,10,58214,4H,SCHARBAUER-DOVE 7D,"PIONEER NATURAL RES. USA, INC.",SPRABERRY (TREND AREA),202210,202507,34,4484.0,14987.0,6981.833333333334,10181.0,202210,202210,34
31743816,10,58214,4H,SCHARBAUER-DOVE 7D,"PIONEER NATURAL RES. USA, INC.",SPRABERRY (TREND AREA),202210,202508,35,4445.0,13757.0,6737.833333333334,10181.0,202210,202210,35
31743816,10,58214,4H,SCHARBAUER-DOVE 7D,"PIONEER NATURAL RES. USA, INC.",SPRABERRY (TREND AREA),202210,202509,36,3421.0,9337.0,4977.166666666667,10181.0,202210,202210,36
31743816,10,58214,4H,SCHARBAUER-DOVE 7D,"PIONEER NATURAL RES. USA, INC.",SPRABERRY (TREND AREA),202210,202510,37,4316.0,10593.0,6081.5,10181.0,202210,202210,37
31743816,10,58214,4H,SCHARBAUER-DOVE 7D,"PIONEER NATURAL RES. USA, INC.",SPRABERRY (TREND AREA),202210,202511,38,4230.0,12262.0,6273.666666666667,10181.0,202210,202210,38
31743816,10,58214,4H,SCHARBAUER-DOVE 7D,"PIONEER NATURAL RES. USA, INC.",SPRABERRY (TREND AREA),202210,202512,39,4546.0,15484.0,7126.666666666666,10181.0,202210,202210,39
31743816,10,58214,4H,SCHARBAUER-DOVE 7D,"PIONEER NATURAL RES. USA, INC.",SPRABERRY (TREND AREA),202210,202601,40,2976.0,20245.0,6350.166666666666,10181.0,202210,202210,40
31743816,10,58214,4H,SCHARBAUER-DOVE 7D,"PIONEER NATURAL RES. USA, INC.",SPRABERRY (TREND AREA),202210,202602,41,1907.0,392.0,1972.3333333333333,10181.0,202210,202210,41
31743816,10,58214,4H,SCHARBAUER-DOVE 7D,"PIONEER NATURAL RES. USA, INC.",SPRABERRY (TREND AREA),202210,202603,42,3492.0,5718.0,4445.0,10181.0,202210,202210,42
31743816,10,58214,4H,SCHARBAUER-DOVE 7D,"PIONEER NATURAL RES. USA, INC.",SPRABERRY (TREND AREA),202210,202604,43,0.0,0.0,0.0,10181.0,202210,202210,43
31743816,10,58214,4H,SCHARBAUER-DOVE 7D,"PIONEER NATURAL RES. USA, INC.",SPRABERRY (TREND AREA),202210,202605,44,0.0,0.0,0.0,10181.0,202210,202210,44
31743816,10,58214,4H,SCHARBAUER-DOVE 7D,"PIONEER NATURAL RES. USA, INC.",SPRABERRY (TREND AREA),202210,202606,45,0.0,0.0,0.0,10181.0,202210,202210,45
31743818,10,58257,6H,SCHARBAUER-DOVE 7F,"PIONEER NATURAL RES. USA, INC.",SPRABERRY (TREND AREA),202210,202210,1,24972.0,23917.0,28958.166666666668,10330.0,202210,202210,1
31743818,10,58257,6H,SCHARBAUER-DOVE 7F,"PIONEER NATURAL RES. USA, INC.",SPRABERRY (TREND AREA),202210,202211,2,29622.0,29441.0,34528.833333333336,10330.0,202210,202210,2
31743818,10,58257,6H,SCHARBAUER-DOVE 7F,"PIONEER NATURAL RES. USA, INC.",SPRABERRY (TREND AREA),202210,202212,3,20739.0,21739.0,24362.166666666668,10330.0,202210,202210,3
31743818,10,58257,6H,SCHARBAUER-DOVE 7F,"PIONEER NATURAL RES. USA, INC.",SPRABERRY (TREND AREA),202210,202301,4,16746.0,19102.0,19929.666666666668,10330.0,202210,202210,4
31743818,10,58257,6H,SCHARBAUER-DOVE 7F,"PIONEER NATURAL RES. USA, INC.",SPRABERRY (TREND AREA),202210,202302,5,12222.0,14581.0,14652.166666666666,10330.0,202210,202210,5
31743818,10,58257,6H,SCHARBAUER-DOVE 7F,"PIONEER NATURAL RES. USA, INC.",SPRABERRY (TREND AREA),202210,202303,6,12498.0,16761.0,15291.5,10330.0,202210,202210,6
31743818,10,58257,6H,SCHARBAUER-DOVE 7F,"PIONEER NATURAL RES. USA, INC.",SPRABERRY (TREND AREA),202210,202304,7,10911.0,12595.0,13010.166666666666,10330.0,202210,202210,7
31743818,10,58257,6H,SCHARBAUER-DOVE 7F,"PIONEER NATURAL RES. USA, INC.",SPRABERRY (TREND AREA),202210,202305,8,8013.0,8804.0,9480.333333333334,10330.0,202210,202210,8
31743818,10,58257,6H,SCHARBAUER-DOVE 7F,"PIONEER NATURAL RES. USA, INC.",SPRABERRY (TREND AREA),202210,202306,9,4784.0,5410.0,5685.666666666667,10330.0,202210,202210,9
31743818,10,58257,6H,SCHARBAUER-DOVE 7F,"PIONEER NATURAL RES. USA, INC.",SPRABERRY (TREND AREA),202210,202307,10,10307.0,10526.0,12061.333333333334,10330.0,202210,202210,10
31743818,10,58257,6H,SCHARBAUER-DOVE 7F,"PIONEER NATURAL RES. USA, INC.",SPRABERRY (TREND AREA),202210,202308,11,11106.0,16090.0,13787.666666666666,10330.0,202210,202210,11
31743818,10,58257,6H,SCHARBAUER-DOVE 7F,"PIONEER NATURAL RES. USA, INC.",SPRABERRY (TREND AREA),202210,202309,12,8619.0,12394.0,10684.666666666666,10330.0,202210,202210,12
31743818,10,58257,6H,SCHARBAUER-DOVE 7F,"PIONEER NATURAL RES. USA, INC.",SPRABERRY (TREND AREA),202210,202310,13,4987.0,6520.0,6073.666666666667,10330.0,202210,202210,13
31743818,10,58257,6H,SCHARBAUER-DOVE 7F,"PIONEER NATURAL RES. USA, INC.",SPRABERRY (TREND AREA),202210,202311,14,3294.0,2621.0,3730.8333333333335,10330.0,202210,202210,14
31743818,10,58257,6H,SCHARBAUER-DOVE 7F,"PIONEER NATURAL RES. USA, INC.",SPRABERRY (TREND AREA),202210,202312,15,10016.0,15185.0,12546.833333333334,10330.0,202210,202210,15
31743818,10,58257,6H,SCHARBAUER-DOVE 7F,"PIONEER NATURAL RES. USA, INC.",SPRABERRY (TREND AREA),202210,202401,16,7558.0,13361.0,9784.833333333334,10330.0,202210,202210,16
31743818,10,58257,6H,SCHARBAUER-DOVE 7F,"PIONEER NATURAL RES. USA, INC.",SPRABERRY (TREND AREA),202210,202402,17,6953.0,11018.0,8789.333333333334,10330.0,202210,202210,17
31743818,10,58257,6H,SCHARBAUER-DOVE 7F,"PIONEER NATURAL RES. USA, INC.",SPRABERRY (TREND AREA),202210,202403,18,6688.0,10500.0,8438.0,10330.0,202210,202210,18
31743818,10,58257,6H,SCHARBAUER-DOVE 7F,"PIONEER NATURAL RES. USA, INC.",SPRABERRY (TREND AREA),202210,202404,19,5899.0,9406.0,7466.666666666667,10330.0,202210,202210,19
31743818,10,58257,6H,SCHARBAUER-DOVE 7F,"PIONEER NATURAL RES. USA, INC.",SPRABERRY (TREND AREA),202210,202405,20,5763.0,8694.0,7212.0,10330.0,202210,202210,20
31743818,10,58257,6H,SCHARBAUER-DOVE 7F,"PIONEER NATURAL RES. USA, INC.",SPRABERRY (TREND AREA),202210,202406,21,5683.0,8770.0,7144.666666666667,10330.0,202210,202210,21
31743818,10,58257,6H,SCHARBAUER-DOVE 7F,"PIONEER NATURAL RES. USA, INC.",SPRABERRY (TREND AREA),202210,202407,22,5561.0,8914.0,7046.666666666667,10330.0,202210,202210,22
31743818,10,58257,6H,SCHARBAUER-DOVE 7F,"PIONEER NATURAL RES. USA, INC.",SPRABERRY (TREND AREA),202210,202408,23,5033.0,9484.0,6613.666666666667,10330.0,202210,202210,23
31743818,10,58257,6H,SCHARBAUER-DOVE 7F,"PIONEER NATURAL RES. USA, INC.",SPRABERRY (TREND AREA),202210,202409,24,4513.0,7632.0,5785.0,10330.0,202210,202210,24
31743818,10,58257,6H,SCHARBAUER-DOVE 7F,"PIONEER NATURAL RES. USA, INC.",SPRABERRY (TREND AREA),202210,202410,25,4402.0,6979.0,5565.166666666667,10330.0,202210,202210,25
31743818,10,58257,6H,SCHARBAUER-DOVE 7F,"PIONEER NATURAL RES. USA, INC.",SPRABERRY (TREND AREA),202210,202411,26,4942.0,6700.0,6058.666666666667,10330.0,202210,202210,26
31743818,10,58257,6H,SCHARBAUER-DOVE 7F,"PIONEER NATURAL RES. USA, INC.",SPRABERRY (TREND AREA),202210,202412,27,4590.0,6298.0,5639.666666666667,10330.0,202210,202210,27
31743818,10,58257,6H,SCHARBAUER-DOVE 7F,"PIONEER NATURAL RES. USA, INC.",SPRABERRY (TREND AREA),202210,202501,28,3988.0,7328.0,5209.333333333333,10330.0,202210,202210,28
31743818,10,58257,6H,SCHARBAUER-DOVE 7F,"PIONEER NATURAL RES. USA, INC.",SPRABERRY (TREND AREA),202210,202502,29,1026.0,1386.0,1257.0,10330.0,202210,202210,29
31743818,10,58257,6H,SCHARBAUER-DOVE 7F,"PIONEER NATURAL RES. USA, INC.",SPRABERRY (TREND AREA),202210,202503,30,3904.0,4627.0,4675.166666666667,10330.0,202210,202210,30
31743818,10,58257,6H,SCHARBAUER-DOVE 7F,"PIONEER NATURAL RES. USA, INC.",SPRABERRY (TREND AREA),202210,202504,31,5203.0,8267.0,6580.833333333333,10330.0,202210,202210,31
31743818,10,58257,6H,SCHARBAUER-DOVE 7F,"PIONEER NATURAL RES. USA, INC.",SPRABERRY (TREND AREA),202210,202505,32,4875.0,8599.0,6308.166666666667,10330.0,202210,202210,32
31743818,10,58257,6H,SCHARBAUER-DOVE 7F,"PIONEER NATURAL RES. USA, INC.",SPRABERRY (TREND AREA),202210,202506,33,4735.0,10226.0,6439.333333333333,10330.0,202210,202210,33
31743818,10,58257,6H,SCHARBAUER-DOVE 7F,"PIONEER NATURAL RES. USA, INC.",SPRABERRY (TREND AREA),202210,202507,34,4636.0,10338.0,6359.0,10330.0,202210,202210,34
31743818,10,58257,6H,SCHARBAUER-DOVE 7F,"PIONEER NATURAL RES. USA, INC.",SPRABERRY (TREND AREA),202210,202508,35,4551.0,10119.0,6237.5,10330.0,202210,202210,35
31743818,10,58257,6H,SCHARBAUER-DOVE 7F,"PIONEER NATURAL RES. USA, INC.",SPRABERRY (TREND AREA),202210,202509,36,3405.0,7014.0,4574.0,10330.0,202210,202210,36
31743818,10,58257,6H,SCHARBAUER-DOVE 7F,"PIONEER NATURAL RES. USA, INC.",SPRABERRY (TREND AREA),202210,202510,37,4202.0,7770.0,5497.0,10330.0,202210,202210,37
31743818,10,58257,6H,SCHARBAUER-DOVE 7F,"PIONEER NATURAL RES. USA, INC.",SPRABERRY (TREND AREA),202210,202511,38,3819.0,7214.0,5021.333333333333,10330.0,202210,202210,38
31743818,10,58257,6H,SCHARBAUER-DOVE 7F,"PIONEER NATURAL RES. USA, INC.",SPRABERRY (TREND AREA),202210,202512,39,3952.0,8364.0,5346.0,10330.0,202210,202210,39
31743818,10,58257,6H,SCHARBAUER-DOVE 7F,"PIONEER NATURAL RES. USA, INC.",SPRABERRY (TREND AREA),202210,202601,40,4083.0,10566.0,5844.0,10330.0,202210,202210,40
31743818,10,58257,6H,SCHARBAUER-DOVE 7F,"PIONEER NATURAL RES. USA, INC.",SPRABERRY (TREND AREA),202210,202602,41,2671.0,3060.0,3181.0,10330.0,202210,202210,41
31743818,10,58257,6H,SCHARBAUER-DOVE 7F,"PIONEER NATURAL RES. USA, INC.",SPRABERRY (TREND AREA),202210,202603,42,4038.0,5110.0,4889.666666666667,10330.0,202210,202210,42
31743818,10,58257,6H,SCHARBAUER-DOVE 7F,"PIONEER NATURAL RES. USA, INC.",SPRABERRY (TREND AREA),202210,202604,43,0.0,0.0,0.0,10330.0,202210,202210,43
31743818,10,58257,6H,SCHARBAUER-DOVE 7F,"PIONEER NATURAL RES. USA, INC.",SPRABERRY (TREND AREA),202210,202605,44,0.0,0.0,0.0,10330.0,202210,202210,44
31743818,10,58257,6H,SCHARBAUER-DOVE 7F,"PIONEER NATURAL RES. USA, INC.",SPRABERRY (TREND AREA),202210,202606,45,0.0,0.0,0.0,10330.0,202210,202210,45
31744051,10,57772,105H,EPLEY-MARTIN 31E,"PIONEER NATURAL RES. USA, INC.",SPRABERRY (TREND AREA),202204,202209,1,1375.0,971.0,1536.8333333333333,9781.0,202204,202209,6
31744051,10,57772,105H,EPLEY-MARTIN 31E,"PIONEER NATURAL RES. USA, INC.",SPRABERRY (TREND AREA),202204,202210,2,11617.0,10327.0,13338.166666666666,9781.0,202204,202209,7
31744051,10,57772,105H,EPLEY-MARTIN 31E,"PIONEER NATURAL RES. USA, INC.",SPRABERRY (TREND AREA),202204,202211,3,18712.0,15486.0,21293.0,9781.0,202204,202209,8
31744051,10,57772,105H,EPLEY-MARTIN 31E,"PIONEER NATURAL RES. USA, INC.",SPRABERRY (TREND AREA),202204,202212,4,19664.0,14359.0,22057.166666666668,9781.0,202204,202209,9
31744051,10,57772,105H,EPLEY-MARTIN 31E,"PIONEER NATURAL RES. USA, INC.",SPRABERRY (TREND AREA),202204,202301,5,22934.0,20682.0,26381.0,9781.0,202204,202209,10
31744051,10,57772,105H,EPLEY-MARTIN 31E,"PIONEER NATURAL RES. USA, INC.",SPRABERRY (TREND AREA),202204,202302,6,19165.0,23395.0,23064.166666666668,9781.0,202204,202209,11
31744051,10,57772,105H,EPLEY-MARTIN 31E,"PIONEER NATURAL RES. USA, INC.",SPRABERRY (TREND AREA),202204,202303,7,17448.0,22826.0,21252.333333333332,9781.0,202204,202209,12
31744051,10,57772,105H,EPLEY-MARTIN 31E,"PIONEER NATURAL RES. USA, INC.",SPRABERRY (TREND AREA),202204,202304,8,13485.0,18282.0,16532.0,9781.0,202204,202209,13
31744051,10,57772,105H,EPLEY-MARTIN 31E,"PIONEER NATURAL RES. USA, INC.",SPRABERRY (TREND AREA),202204,202305,9,13797.0,23642.0,17737.333333333332,9781.0,202204,202209,14
31744051,10,57772,105H,EPLEY-MARTIN 31E,"PIONEER NATURAL RES. USA, INC.",SPRABERRY (TREND AREA),202204,202306,10,6282.0,10060.0,7958.666666666667,9781.0,202204,202209,15
31744051,10,57772,105H,EPLEY-MARTIN 31E,"PIONEER NATURAL RES. USA, INC.",SPRABERRY (TREND AREA),202204,202307,11,7052.0,12985.0,9216.166666666666,9781.0,202204,202209,16
31744051,10,57772,105H,EPLEY-MARTIN 31E,"PIONEER NATURAL RES. USA, INC.",SPRABERRY (TREND AREA),202204,202308,12,5116.0,11972.0,7111.333333333333,9781.0,202204,202209,17
31744051,10,57772,105H,EPLEY-MARTIN 31E,"PIONEER NATURAL RES. USA, INC.",SPRABERRY (TREND AREA),202204,202309,13,2416.0,5739.0,3372.5,9781.0,202204,202209,18
31744051,10,57772,105H,EPLEY-MARTIN 31E,"PIONEER NATURAL RES. USA, INC.",SPRABERRY (TREND AREA),202204,202310,14,271.0,299.0,320.8333333333333,9781.0,202204,202209,19
31744051,10,57772,105H,EPLEY-MARTIN 31E,"PIONEER NATURAL RES. USA, INC.",SPRABERRY (TREND AREA),202204,202311,15,3489.0,2484.0,3903.0,9781.0,202204,202209,20
31744051,10,57772,105H,EPLEY-MARTIN 31E,"PIONEER NATURAL RES. USA, INC.",SPRABERRY (TREND AREA),202204,202312,16,7680.0,5286.0,8561.0,9781.0,202204,202209,21
31744051,10,57772,105H,EPLEY-MARTIN 31E,"PIONEER NATURAL RES. USA, INC.",SPRABERRY (TREND AREA),202204,202401,17,12038.0,10148.0,13729.333333333334,9781.0,202204,202209,22
31744051,10,57772,105H,EPLEY-MARTIN 31E,"PIONEER NATURAL RES. USA, INC.",SPRABERRY (TREND AREA),202204,202402,18,12419.0,16581.0,15182.5,9781.0,202204,202209,23
31744051,10,57772,105H,EPLEY-MARTIN 31E,"PIONEER NATURAL RES. USA, INC.",SPRABERRY (TREND AREA),202204,202403,19,11006.0,19555.0,14265.166666666666,9781.0,202204,202209,24
31744051,10,57772,105H,EPLEY-MARTIN 31E,"PIONEER NATURAL RES. USA, INC.",SPRABERRY (TREND AREA),202204,202404,20,8886.0,17127.0,11740.5,9781.0,202204,202209,25
31744051,10,57772,105H,EPLEY-MARTIN 31E,"PIONEER NATURAL RES. USA, INC.",SPRABERRY (TREND AREA),202204,202405,21,8910.0,17719.0,11863.166666666666,9781.0,202204,202209,26
31744051,10,57772,105H,EPLEY-MARTIN 31E,"PIONEER NATURAL RES. USA, INC.",SPRABERRY (TREND AREA),202204,202406,22,8003.0,16380.0,10733.0,9781.0,202204,202209,27
31744051,10,57772,105H,EPLEY-MARTIN 31E,"PIONEER NATURAL RES. USA, INC.",SPRABERRY (TREND AREA),202204,202407,23,7707.0,16622.0,10477.333333333334,9781.0,202204,202209,28
31744051,10,57772,105H,EPLEY-MARTIN 31E,"PIONEER NATURAL RES. USA, INC.",SPRABERRY (TREND AREA),202204,202408,24,7452.0,16604.0,10219.333333333334,9781.0,202204,202209,29
31744051,10,57772,105H,EPLEY-MARTIN 31E,"PIONEER NATURAL RES. USA, INC.",SPRABERRY (TREND AREA),202204,202409,25,7385.0,17941.0,10375.166666666666,9781.0,202204,202209,30
31744051,10,57772,105H,EPLEY-MARTIN 31E,"PIONEER NATURAL RES. USA, INC.",SPRABERRY (TREND AREA),202204,202410,26,7504.0,18784.0,10634.666666666666,9781.0,202204,202209,31
31744051,10,57772,105H,EPLEY-MARTIN 31E,"PIONEER NATURAL RES. USA, INC.",SPRABERRY (TREND AREA),202204,202411,27,6780.0,17098.0,9629.666666666666,9781.0,202204,202209,32
31744051,10,57772,105H,EPLEY-MARTIN 31E,"PIONEER NATURAL RES. USA, INC.",SPRABERRY (TREND AREA),202204,202412,28,4530.0,13804.0,6830.666666666666,9781.0,202204,202209,33
31744051,10,57772,105H,EPLEY-MARTIN 31E,"PIONEER NATURAL RES. USA, INC.",SPRABERRY (TREND AREA),202204,202501,29,5655.0,14987.0,8152.833333333334,9781.0,202204,202209,34
31744051,10,57772,105H,EPLEY-MARTIN 31E,"PIONEER NATURAL RES. USA, INC.",SPRABERRY (TREND AREA),202204,202502,30,4750.0,12259.0,6793.166666666667,9781.0,202204,202209,35
31744051,10,57772,105H,EPLEY-MARTIN 31E,"PIONEER NATURAL RES. USA, INC.",SPRABERRY (TREND AREA),202204,202503,31,5562.0,14332.0,7950.666666666666,9781.0,202204,202209,36
31744051,10,57772,105H,EPLEY-MARTIN 31E,"PIONEER NATURAL RES. USA, INC.",SPRABERRY (TREND AREA),202204,202504,32,5123.0,13622.0,7393.333333333334,9781.0,202204,202209,37
31744051,10,57772,105H,EPLEY-MARTIN 31E,"PIONEER NATURAL RES. USA, INC.",SPRABERRY (TREND AREA),202204,202505,33,4422.0,12023.0,6425.833333333333,9781.0,202204,202209,38
31744051,10,57772,105H,EPLEY-MARTIN 31E,"PIONEER NATURAL RES. USA, INC.",SPRABERRY (TREND AREA),202204,202506,34,3751.0,12312.0,5803.0,9781.0,202204,202209,39
31744051,10,57772,105H,EPLEY-MARTIN 31E,"PIONEER NATURAL RES. USA, INC.",SPRABERRY (TREND AREA),202204,202507,35,3833.0,10960.0,5659.666666666667,9781.0,202204,202209,40
31744051,10,57772,105H,EPLEY-MARTIN 31E,"PIONEER NATURAL RES. USA, INC.",SPRABERRY (TREND AREA),202204,202508,36,693.0,1979.0,1022.8333333333333,9781.0,202204,202209,41
31744051,10,57772,105H,EPLEY-MARTIN 31E,"PIONEER NATURAL RES. USA, INC.",SPRABERRY (TREND AREA),202204,202509,37,980.0,981.0,1143.5,9781.0,202204,202209,42
31744051,10,57772,105H,EPLEY-MARTIN 31E,"PIONEER NATURAL RES. USA, INC.",SPRABERRY (TREND AREA),202204,202510,38,3567.0,3907.0,4218.166666666667,9781.0,202204,202209,43
31744051,10,57772,105H,EPLEY-MARTIN 31E,"PIONEER NATURAL RES. USA, INC.",SPRABERRY (TREND AREA),202204,202511,39,4111.0,6418.0,5180.666666666667,9781.0,202204,202209,44
31744051,10,57772,105H,EPLEY-MARTIN 31E,"PIONEER NATURAL RES. USA, INC.",SPRABERRY (TREND AREA),202204,202512,40,4123.0,8748.0,5581.0,9781.0,202204,202209,45
31744051,10,57772,105H,EPLEY-MARTIN 31E,"PIONEER NATURAL RES. USA, INC.",SPRABERRY (TREND AREA),202204,202601,41,4375.0,11667.0,6319.5,9781.0,202204,202209,46
31744051,10,57772,105H,EPLEY-MARTIN 31E,"PIONEER NATURAL RES. USA, INC.",SPRABERRY (TREND AREA),202204,202602,42,4600.0,12621.0,6703.5,9781.0,202204,202209,47
31744051,10,57772,105H,EPLEY-MARTIN 31E,"PIONEER NATURAL RES. USA, INC.",SPRABERRY (TREND AREA),202204,202603,43,4380.0,13179.0,6576.5,9781.0,202204,202209,48
31744051,10,57772,105H,EPLEY-MARTIN 31E,"PIONEER NATURAL RES. USA, INC.",SPRABERRY (TREND AREA),202204,202604,44,0.0,0.0,0.0,9781.0,202204,202209,49
31744051,10,57772,105H,EPLEY-MARTIN 31E,"PIONEER NATURAL RES. USA, INC.",SPRABERRY (TREND AREA),202204,202605,45,0.0,0.0,0.0,9781.0,202204,202209,50
31744051,10,57772,105H,EPLEY-MARTIN 31E,"PIONEER NATURAL RES. USA, INC.",SPRABERRY (TREND AREA),202204,202606,46,0.0,0.0,0.0,9781.0,202204,202209,51
31744052,10,57845,106H,EPLEY-MARTIN 31F,"PIONEER NATURAL RES. USA, INC.",SPRABERRY (TREND AREA),202209,202209,1,9280.0,8589.0,10711.5,9981.0,202209,202209,1
31744052,10,57845,106H,EPLEY-MARTIN 31F,"PIONEER NATURAL RES. USA, INC.",SPRABERRY (TREND AREA),202209,202210,2,30973.0,31533.0,36228.5,9981.0,202209,202209,2
31744052,10,57845,106H,EPLEY-MARTIN 31F,"PIONEER NATURAL RES. USA, INC.",SPRABERRY (TREND AREA),202209,202211,3,23654.0,39636.0,30260.0,9981.0,202209,202209,3
31744052,10,57845,106H,EPLEY-MARTIN 31F,"PIONEER NATURAL RES. USA, INC.",SPRABERRY (TREND AREA),202209,202212,4,15785.0,25834.0,20090.666666666668,9981.0,202209,202209,4
31744052,10,57845,106H,EPLEY-MARTIN 31F,"PIONEER NATURAL RES. USA, INC.",SPRABERRY (TREND AREA),202209,202301,5,11652.0,22238.0,15358.333333333334,9981.0,202209,202209,5
31744052,10,57845,106H,EPLEY-MARTIN 31F,"PIONEER NATURAL RES. USA, INC.",SPRABERRY (TREND AREA),202209,202302,6,8928.0,18081.0,11941.5,9981.0,202209,202209,6
31744052,10,57845,106H,EPLEY-MARTIN 31F,"PIONEER NATURAL RES. USA, INC.",SPRABERRY (TREND AREA),202209,202303,7,8632.0,17558.0,11558.333333333334,9981.0,202209,202209,7
31744052,10,57845,106H,EPLEY-MARTIN 31F,"PIONEER NATURAL RES. USA, INC.",SPRABERRY (TREND AREA),202209,202304,8,7646.0,16554.0,10405.0,9981.0,202209,202209,8
31744052,10,57845,106H,EPLEY-MARTIN 31F,"PIONEER NATURAL RES. USA, INC.",SPRABERRY (TREND AREA),202209,202305,9,6383.0,14664.0,8827.0,9981.0,202209,202209,9
31744052,10,57845,106H,EPLEY-MARTIN 31F,"PIONEER NATURAL RES. USA, INC.",SPRABERRY (TREND AREA),202209,202306,10,3817.0,4224.0,4521.0,9981.0,202209,202209,10
31744052,10,57845,106H,EPLEY-MARTIN 31F,"PIONEER NATURAL RES. USA, INC.",SPRABERRY (TREND AREA),202209,202307,11,6783.0,14485.0,9197.166666666666,9981.0,202209,202209,11
31744052,10,57845,106H,EPLEY-MARTIN 31F,"PIONEER NATURAL RES. USA, INC.",SPRABERRY (TREND AREA),202209,202308,12,5759.0,13656.0,8035.0,9981.0,202209,202209,12
31744052,10,57845,106H,EPLEY-MARTIN 31F,"PIONEER NATURAL RES. USA, INC.",SPRABERRY (TREND AREA),202209,202309,13,2978.0,6889.0,4126.166666666667,9981.0,202209,202209,13
31744052,10,57845,106H,EPLEY-MARTIN 31F,"PIONEER NATURAL RES. USA, INC.",SPRABERRY (TREND AREA),202209,202310,14,4179.0,3665.0,4789.833333333333,9981.0,202209,202209,14
31744052,10,57845,106H,EPLEY-MARTIN 31F,"PIONEER NATURAL RES. USA, INC.",SPRABERRY (TREND AREA),202209,202311,15,6609.0,7893.0,7924.5,9981.0,202209,202209,15
31744052,10,57845,106H,EPLEY-MARTIN 31F,"PIONEER NATURAL RES. USA, INC.",SPRABERRY (TREND AREA),202209,202312,16,7279.0,12339.0,9335.5,9981.0,202209,202209,16
31744052,10,57845,106H,EPLEY-MARTIN 31F,"PIONEER NATURAL RES. USA, INC.",SPRABERRY (TREND AREA),202209,202401,17,6746.0,14726.0,9200.333333333334,9981.0,202209,202209,17
31744052,10,57845,106H,EPLEY-MARTIN 31F,"PIONEER NATURAL RES. USA, INC.",SPRABERRY (TREND AREA),202209,202402,18,5329.0,13448.0,7570.333333333334,9981.0,202209,202209,18
31744052,10,57845,106H,EPLEY-MARTIN 31F,"PIONEER NATURAL RES. USA, INC.",SPRABERRY (TREND AREA),202209,202403,19,4511.0,12567.0,6605.5,9981.0,202209,202209,19
31744052,10,57845,106H,EPLEY-MARTIN 31F,"PIONEER NATURAL RES. USA, INC.",SPRABERRY (TREND AREA),202209,202404,20,1309.0,3335.0,1864.8333333333335,9981.0,202209,202209,20
31744052,10,57845,106H,EPLEY-MARTIN 31F,"PIONEER NATURAL RES. USA, INC.",SPRABERRY (TREND AREA),202209,202405,21,3908.0,5985.0,4905.5,9981.0,202209,202209,21
31744052,10,57845,106H,EPLEY-MARTIN 31F,"PIONEER NATURAL RES. USA, INC.",SPRABERRY (TREND AREA),202209,202406,22,4324.0,6984.0,5488.0,9981.0,202209,202209,22
31744052,10,57845,106H,EPLEY-MARTIN 31F,"PIONEER NATURAL RES. USA, INC.",SPRABERRY (TREND AREA),202209,202407,23,3728.0,8584.0,5158.666666666667,9981.0,202209,202209,23
31744052,10,57845,106H,EPLEY-MARTIN 31F,"PIONEER NATURAL RES. USA, INC.",SPRABERRY (TREND AREA),202209,202408,24,1918.0,4394.0,2650.3333333333335,9981.0,202209,202209,24
31744052,10,57845,106H,EPLEY-MARTIN 31F,"PIONEER NATURAL RES. USA, INC.",SPRABERRY (TREND AREA),202209,202409,25,3792.0,8152.0,5150.666666666667,9981.0,202209,202209,25
31744052,10,57845,106H,EPLEY-MARTIN 31F,"PIONEER NATURAL RES. USA, INC.",SPRABERRY (TREND AREA),202209,202410,26,3489.0,9282.0,5036.0,9981.0,202209,202209,26
31744052,10,57845,106H,EPLEY-MARTIN 31F,"PIONEER NATURAL RES. USA, INC.",SPRABERRY (TREND AREA),202209,202411,27,2986.0,8881.0,4466.166666666667,9981.0,202209,202209,27
31744052,10,57845,106H,EPLEY-MARTIN 31F,"PIONEER NATURAL RES. USA, INC.",SPRABERRY (TREND AREA),202209,202412,28,2734.0,7466.0,3978.333333333333,9981.0,202209,202209,28
31744052,10,57845,106H,EPLEY-MARTIN 31F,"PIONEER NATURAL RES. USA, INC.",SPRABERRY (TREND AREA),202209,202501,29,2709.0,7252.0,3917.666666666667,9981.0,202209,202209,29
31744052,10,57845,106H,EPLEY-MARTIN 31F,"PIONEER NATURAL RES. USA, INC.",SPRABERRY (TREND AREA),202209,202502,30,2297.0,6225.0,3334.5,9981.0,202209,202209,30
31744052,10,57845,106H,EPLEY-MARTIN 31F,"PIONEER NATURAL RES. USA, INC.",SPRABERRY (TREND AREA),202209,202503,31,2357.0,6451.0,3432.166666666667,9981.0,202209,202209,31
31744052,10,57845,106H,EPLEY-MARTIN 31F,"PIONEER NATURAL RES. USA, INC.",SPRABERRY (TREND AREA),202209,202504,32,2225.0,7089.0,3406.5,9981.0,202209,202209,32
31744052,10,57845,106H,EPLEY-MARTIN 31F,"PIONEER NATURAL RES. USA, INC.",SPRABERRY (TREND AREA),202209,202505,33,1849.0,5891.0,2830.8333333333335,9981.0,202209,202209,33
31744052,10,57845,106H,EPLEY-MARTIN 31F,"PIONEER NATURAL RES. USA, INC.",SPRABERRY (TREND AREA),202209,202506,34,1784.0,7319.0,3003.833333333333,9981.0,202209,202209,34
31744052,10,57845,106H,EPLEY-MARTIN 31F,"PIONEER NATURAL RES. USA, INC.",SPRABERRY (TREND AREA),202209,202507,35,1997.0,9015.0,3499.5,9981.0,202209,202209,35
31744052,10,57845,106H,EPLEY-MARTIN 31F,"PIONEER NATURAL RES. USA, INC.",SPRABERRY (TREND AREA),202209,202508,36,366.0,1656.0,642.0,9981.0,202209,202209,36
31744052,10,57845,106H,EPLEY-MARTIN 31F,"PIONEER NATURAL RES. USA, INC.",SPRABERRY (TREND AREA),202209,202509,37,136.0,9.0,137.5,9981.0,202209,202209,37
31744052,10,57845,106H,EPLEY-MARTIN 31F,"PIONEER NATURAL RES. USA, INC.",SPRABERRY (TREND AREA),202209,202510,38,1191.0,805.0,1325.1666666666667,9981.0,202209,202209,38
31744052,10,57845,106H,EPLEY-MARTIN 31F,"PIONEER NATURAL RES. USA, INC.",SPRABERRY (TREND AREA),202209,202511,39,1763.0,2120.0,2116.3333333333335,9981.0,202209,202209,39
31744052,10,57845,106H,EPLEY-MARTIN 31F,"PIONEER NATURAL RES. USA, INC.",SPRABERRY (TREND AREA),202209,202512,40,2180.0,3479.0,2759.8333333333335,9981.0,202209,202209,40
31744052,10,57845,106H,EPLEY-MARTIN 31F,"PIONEER NATURAL RES. USA, INC.",SPRABERRY (TREND AREA),202209,202601,41,2175.0,5166.0,3036.0,9981.0,202209,202209,41
31744052,10,57845,106H,EPLEY-MARTIN 31F,"PIONEER NATURAL RES. USA, INC.",SPRABERRY (TREND AREA),202209,202602,42,2328.0,6537.0,3417.5,9981.0,202209,202209,42
31744052,10,57845,106H,EPLEY-MARTIN 31F,"PIONEER NATURAL RES. USA, INC.",SPRABERRY (TREND AREA),202209,202603,43,2187.0,6646.0,3294.666666666667,9981.0,202209,202209,43
31744052,10,57845,106H,EPLEY-MARTIN 31F,"PIONEER NATURAL RES. USA, INC.",SPRABERRY (TREND AREA),202209,202604,44,0.0,0.0,0.0,9981.0,202209,202209,44
31744052,10,57845,106H,EPLEY-MARTIN 31F,"PIONEER NATURAL RES. USA, INC.",SPRABERRY (TREND AREA),202209,202605,45,0.0,0.0,0.0,9981.0,202209,202209,45
31744052,10,57845,106H,EPLEY-MARTIN 31F,"PIONEER NATURAL RES. USA, INC.",SPRABERRY (TREND AREA),202209,202606,46,0.0,0.0,0.0,9981.0,202209,202209,46
31744053,10,57856,104H,EPLEY-MARTIN 31D,"PIONEER NATURAL RES. USA, INC.",SPRABERRY (TREND AREA),202209,202209,1,20062.0,19851.0,23370.5,9886.0,202209,202209,1
31744053,10,57856,104H,EPLEY-MARTIN 31D,"PIONEER NATURAL RES. USA, INC.",SPRABERRY (TREND AREA),202209,202210,2,37339.0,34400.0,43072.333333333336,9886.0,202209,202209,2
31744053,10,57856,104H,EPLEY-MARTIN 31D,"PIONEER NATURAL RES. USA, INC.",SPRABERRY (TREND AREA),202209,202211,3,25092.0,29592.0,30024.0,9886.0,202209,202209,3
31744053,10,57856,104H,EPLEY-MARTIN 31D,"PIONEER NATURAL RES. USA, INC.",SPRABERRY (TREND AREA),202209,202212,4,17993.0,27456.0,22569.0,9886.0,202209,202209,4
31744053,10,57856,104H,EPLEY-MARTIN 31D,"PIONEER NATURAL RES. USA, INC.",SPRABERRY (TREND AREA),202209,202301,5,15781.0,32222.0,21151.333333333332,9886.0,202209,202209,5
31744053,10,57856,104H,EPLEY-MARTIN 31D,"PIONEER NATURAL RES. USA, INC.",SPRABERRY (TREND AREA),202209,202302,6,12036.0,24005.0,16036.833333333334,9886.0,202209,202209,6
31744053,10,57856,104H,EPLEY-MARTIN 31D,"PIONEER NATURAL RES. USA, INC.",SPRABERRY (TREND AREA),202209,202303,7,11907.0,18970.0,15068.666666666666,9886.0,202209,202209,7
31744053,10,57856,104H,EPLEY-MARTIN 31D,"PIONEER NATURAL RES. USA, INC.",SPRABERRY (TREND AREA),202209,202304,8,10535.0,18014.0,13537.333333333334,9886.0,202209,202209,8
31744053,10,57856,104H,EPLEY-MARTIN 31D,"PIONEER NATURAL RES. USA, INC.",SPRABERRY (TREND AREA),202209,202305,9,9685.0,17118.0,12538.0,9886.0,202209,202209,9
31744053,10,57856,104H,EPLEY-MARTIN 31D,"PIONEER NATURAL RES. USA, INC.",SPRABERRY (TREND AREA),202209,202306,10,9169.0,11948.0,11160.333333333334,9886.0,202209,202209,10
31744053,10,57856,104H,EPLEY-MARTIN 31D,"PIONEER NATURAL RES. USA, INC.",SPRABERRY (TREND AREA),202209,202307,11,9468.0,17762.0,12428.333333333334,9886.0,202209,202209,11
31744053,10,57856,104H,EPLEY-MARTIN 31D,"PIONEER NATURAL RES. USA, INC.",SPRABERRY (TREND AREA),202209,202308,12,8908.0,21774.0,12537.0,9886.0,202209,202209,12
31744053,10,57856,104H,EPLEY-MARTIN 31D,"PIONEER NATURAL RES. USA, INC.",SPRABERRY (TREND AREA),202209,202309,13,3966.0,7912.0,5284.666666666667,9886.0,202209,202209,13
31744053,10,57856,104H,EPLEY-MARTIN 31D,"PIONEER NATURAL RES. USA, INC.",SPRABERRY (TREND AREA),202209,202310,14,6698.0,1349.0,6922.833333333333,9886.0,202209,202209,14
31744053,10,57856,104H,EPLEY-MARTIN 31D,"PIONEER NATURAL RES. USA, INC.",SPRABERRY (TREND AREA),202209,202311,15,8704.0,5886.0,9685.0,9886.0,202209,202209,15
31744053,10,57856,104H,EPLEY-MARTIN 31D,"PIONEER NATURAL RES. USA, INC.",SPRABERRY (TREND AREA),202209,202312,16,8384.0,9095.0,9899.833333333334,9886.0,202209,202209,16
31744053,10,57856,104H,EPLEY-MARTIN 31D,"PIONEER NATURAL RES. USA, INC.",SPRABERRY (TREND AREA),202209,202401,17,5369.0,291.0,5417.5,9886.0,202209,202209,17
31744053,10,57856,104H,EPLEY-MARTIN 31D,"PIONEER NATURAL RES. USA, INC.",SPRABERRY (TREND AREA),202209,202402,18,3984.0,200.0,4017.3333333333335,9886.0,202209,202209,18
31744053,10,57856,104H,EPLEY-MARTIN 31D,"PIONEER NATURAL RES. USA, INC.",SPRABERRY (TREND AREA),202209,202403,19,6248.0,9206.0,7782.333333333333,9886.0,202209,202209,19
31744053,10,57856,104H,EPLEY-MARTIN 31D,"PIONEER NATURAL RES. USA, INC.",SPRABERRY (TREND AREA),202209,202404,20,5567.0,20827.0,9038.166666666666,9886.0,202209,202209,20
31744053,10,57856,104H,EPLEY-MARTIN 31D,"PIONEER NATURAL RES. USA, INC.",SPRABERRY (TREND AREA),202209,202405,21,5224.0,18187.0,8255.166666666666,9886.0,202209,202209,21
31744053,10,57856,104H,EPLEY-MARTIN 31D,"PIONEER NATURAL RES. USA, INC.",SPRABERRY (TREND AREA),202209,202406,22,4012.0,16232.0,6717.333333333334,9886.0,202209,202209,22
31744053,10,57856,104H,EPLEY-MARTIN 31D,"PIONEER NATURAL RES. USA, INC.",SPRABERRY (TREND AREA),202209,202407,23,4745.0,17656.0,7687.666666666666,9886.0,202209,202209,23
31744053,10,57856,104H,EPLEY-MARTIN 31D,"PIONEER NATURAL RES. USA, INC.",SPRABERRY (TREND AREA),202209,202408,24,2405.0,8161.0,3765.166666666667,9886.0,202209,202209,24
31744053,10,57856,104H,EPLEY-MARTIN 31D,"PIONEER NATURAL RES. USA, INC.",SPRABERRY (TREND AREA),202209,202409,25,4828.0,14878.0,7307.666666666666,9886.0,202209,202209,25
31744053,10,57856,104H,EPLEY-MARTIN 31D,"PIONEER NATURAL RES. USA, INC.",SPRABERRY (TREND AREA),202209,202410,26,5003.0,15983.0,7666.833333333334,9886.0,202209,202209,26
31744053,10,57856,104H,EPLEY-MARTIN 31D,"PIONEER NATURAL RES. USA, INC.",SPRABERRY (TREND AREA),202209,202411,27,4372.0,14697.0,6821.5,9886.0,202209,202209,27
31744053,10,57856,104H,EPLEY-MARTIN 31D,"PIONEER NATURAL RES. USA, INC.",SPRABERRY (TREND AREA),202209,202412,28,4369.0,14618.0,6805.333333333334,9886.0,202209,202209,28
31744053,10,57856,104H,EPLEY-MARTIN 31D,"PIONEER NATURAL RES. USA, INC.",SPRABERRY (TREND AREA),202209,202501,29,4011.0,14121.0,6364.5,9886.0,202209,202209,29
31744053,10,57856,104H,EPLEY-MARTIN 31D,"PIONEER NATURAL RES. USA, INC.",SPRABERRY (TREND AREA),202209,202502,30,3709.0,12426.0,5780.0,9886.0,202209,202209,30
31744053,10,57856,104H,EPLEY-MARTIN 31D,"PIONEER NATURAL RES. USA, INC.",SPRABERRY (TREND AREA),202209,202503,31,2991.0,10694.0,4773.333333333333,9886.0,202209,202209,31
31744053,10,57856,104H,EPLEY-MARTIN 31D,"PIONEER NATURAL RES. USA, INC.",SPRABERRY (TREND AREA),202209,202504,32,3413.0,14059.0,5756.166666666666,9886.0,202209,202209,32
31744053,10,57856,104H,EPLEY-MARTIN 31D,"PIONEER NATURAL RES. USA, INC.",SPRABERRY (TREND AREA),202209,202505,33,3447.0,14623.0,5884.166666666666,9886.0,202209,202209,33
31744053,10,57856,104H,EPLEY-MARTIN 31D,"PIONEER NATURAL RES. USA, INC.",SPRABERRY (TREND AREA),202209,202506,34,3003.0,14414.0,5405.333333333334,9886.0,202209,202209,34
31744053,10,57856,104H,EPLEY-MARTIN 31D,"PIONEER NATURAL RES. USA, INC.",SPRABERRY (TREND AREA),202209,202507,35,3413.0,14774.0,5875.333333333334,9886.0,202209,202209,35
31744053,10,57856,104H,EPLEY-MARTIN 31D,"PIONEER NATURAL RES. USA, INC.",SPRABERRY (TREND AREA),202209,202508,36,535.0,2438.0,941.3333333333333,9886.0,202209,202209,36
31744053,10,57856,104H,EPLEY-MARTIN 31D,"PIONEER NATURAL RES. USA, INC.",SPRABERRY (TREND AREA),202209,202509,37,1998.0,1719.0,2284.5,9886.0,202209,202209,37
31744053,10,57856,104H,EPLEY-MARTIN 31D,"PIONEER NATURAL RES. USA, INC.",SPRABERRY (TREND AREA),202209,202510,38,2708.0,1273.0,2920.1666666666665,9886.0,202209,202209,38
31744053,10,57856,104H,EPLEY-MARTIN 31D,"PIONEER NATURAL RES. USA, INC.",SPRABERRY (TREND AREA),202209,202511,39,2677.0,22237.0,6383.166666666666,9886.0,202209,202209,39
31744053,10,57856,104H,EPLEY-MARTIN 31D,"PIONEER NATURAL RES. USA, INC.",SPRABERRY (TREND AREA),202209,202512,40,3795.0,16713.0,6580.5,9886.0,202209,202209,40
31744053,10,57856,104H,EPLEY-MARTIN 31D,"PIONEER NATURAL RES. USA, INC.",SPRABERRY (TREND AREA),202209,202601,41,3005.0,4956.0,3831.0,9886.0,202209,202209,41
31744053,10,57856,104H,EPLEY-MARTIN 31D,"PIONEER NATURAL RES. USA, INC.",SPRABERRY (TREND AREA),202209,202602,42,3535.0,6267.0,4579.5,9886.0,202209,202209,42
31744053,10,57856,104H,EPLEY-MARTIN 31D,"PIONEER NATURAL RES. USA, INC.",SPRABERRY (TREND AREA),202209,202603,43,3041.0,8729.0,4495.833333333333,9886.0,202209,202209,43
31744053,10,57856,104H,EPLEY-MARTIN 31D,"PIONEER NATURAL RES. USA, INC.",SPRABERRY (TREND AREA),202209,202604,44,0.0,0.0,0.0,9886.0,202209,202209,44
31744053,10,57856,104H,EPLEY-MARTIN 31D,"PIONEER NATURAL RES. USA, INC.",SPRABERRY (TREND AREA),202209,202605,45,0.0,0.0,0.0,9886.0,202209,202209,45
31744053,10,57856,104H,EPLEY-MARTIN 31D,"PIONEER NATURAL RES. USA, INC.",SPRABERRY (TREND AREA),202209,202606,46,0.0,0.0,0.0,9886.0,202209,202209,46
31744055,10,59221,211H,DAVIS-LACY 31K,"PIONEER NATURAL RES. USA, INC.",SPRABERRY (TREND AREA),202212,202307,1,10364.0,10046.0,12038.333333333334,9939.0,202212,202307,8
31744055,10,59221,211H,DAVIS-LACY 31K,"PIONEER NATURAL RES. USA, INC.",SPRABERRY (TREND AREA),202212,202308,2,17096.0,16744.0,19886.666666666668,9939.0,202212,202307,9
31744055,10,59221,211H,DAVIS-LACY 31K,"PIONEER NATURAL RES. USA, INC.",SPRABERRY (TREND AREA),202212,202309,3,12777.0,12017.0,14779.833333333334,9939.0,202212,202307,10
31744055,10,59221,211H,DAVIS-LACY 31K,"PIONEER NATURAL RES. USA, INC.",SPRABERRY (TREND AREA),202212,202310,4,11282.0,9953.0,12940.833333333334,9939.0,202212,202307,11
31744055,10,59221,211H,DAVIS-LACY 31K,"PIONEER NATURAL RES. USA, INC.",SPRABERRY (TREND AREA),202212,202311,5,18740.0,18459.0,21816.5,9939.0,202212,202307,12
31744055,10,59221,211H,DAVIS-LACY 31K,"PIONEER NATURAL RES. USA, INC.",SPRABERRY (TREND AREA),202212,202312,6,20171.0,27025.0,24675.166666666668,9939.0,202212,202307,13
31744055,10,59221,211H,DAVIS-LACY 31K,"PIONEER NATURAL RES. USA, INC.",SPRABERRY (TREND AREA),202212,202401,7,15477.0,26668.0,19921.666666666668,9939.0,202212,202307,14
31744055,10,59221,211H,DAVIS-LACY 31K,"PIONEER NATURAL RES. USA, INC.",SPRABERRY (TREND AREA),202212,202402,8,7034.0,15959.0,9693.833333333334,9939.0,202212,202307,15
31744055,10,59221,211H,DAVIS-LACY 31K,"PIONEER NATURAL RES. USA, INC.",SPRABERRY (TREND AREA),202212,202403,9,3208.0,3690.0,3823.0,9939.0,202212,202307,16
31744055,10,59221,211H,DAVIS-LACY 31K,"PIONEER NATURAL RES. USA, INC.",SPRABERRY (TREND AREA),202212,202404,10,8976.0,7502.0,10226.333333333334,9939.0,202212,202307,17
31744055,10,59221,211H,DAVIS-LACY 31K,"PIONEER NATURAL RES. USA, INC.",SPRABERRY (TREND AREA),202212,202405,11,11357.0,10564.0,13117.666666666666,9939.0,202212,202307,18
31744055,10,59221,211H,DAVIS-LACY 31K,"PIONEER NATURAL RES. USA, INC.",SPRABERRY (TREND AREA),202212,202406,12,8051.0,8793.0,9516.5,9939.0,202212,202307,19
31744055,10,59221,211H,DAVIS-LACY 31K,"PIONEER NATURAL RES. USA, INC.",SPRABERRY (TREND AREA),202212,202407,13,10728.0,15595.0,13327.166666666666,9939.0,202212,202307,20
31744055,10,59221,211H,DAVIS-LACY 31K,"PIONEER NATURAL RES. USA, INC.",SPRABERRY (TREND AREA),202212,202408,14,9984.0,17303.0,12867.833333333334,9939.0,202212,202307,21
31744055,10,59221,211H,DAVIS-LACY 31K,"PIONEER NATURAL RES. USA, INC.",SPRABERRY (TREND AREA),202212,202409,15,8224.0,17012.0,11059.333333333334,9939.0,202212,202307,22
31744055,10,59221,211H,DAVIS-LACY 31K,"PIONEER NATURAL RES. USA, INC.",SPRABERRY (TREND AREA),202212,202410,16,6995.0,17812.0,9963.666666666666,9939.0,202212,202307,23
31744055,10,59221,211H,DAVIS-LACY 31K,"PIONEER NATURAL RES. USA, INC.",SPRABERRY (TREND AREA),202212,202411,17,5339.0,15504.0,7923.0,9939.0,202212,202307,24
31744055,10,59221,211H,DAVIS-LACY 31K,"PIONEER NATURAL RES. USA, INC.",SPRABERRY (TREND AREA),202212,202412,18,5082.0,17168.0,7943.333333333334,9939.0,202212,202307,25
31744055,10,59221,211H,DAVIS-LACY 31K,"PIONEER NATURAL RES. USA, INC.",SPRABERRY (TREND AREA),202212,202501,19,4941.0,17070.0,7786.0,9939.0,202212,202307,26
31744055,10,59221,211H,DAVIS-LACY 31K,"PIONEER NATURAL RES. USA, INC.",SPRABERRY (TREND AREA),202212,202502,20,3232.0,12002.0,5232.333333333333,9939.0,202212,202307,27
31744055,10,59221,211H,DAVIS-LACY 31K,"PIONEER NATURAL RES. USA, INC.",SPRABERRY (TREND AREA),202212,202503,21,3759.0,10931.0,5580.833333333333,9939.0,202212,202307,28
31744055,10,59221,211H,DAVIS-LACY 31K,"PIONEER NATURAL RES. USA, INC.",SPRABERRY (TREND AREA),202212,202504,22,4067.0,14103.0,6417.5,9939.0,202212,202307,29
31744055,10,59221,211H,DAVIS-LACY 31K,"PIONEER NATURAL RES. USA, INC.",SPRABERRY (TREND AREA),202212,202505,23,1583.0,5013.0,2418.5,9939.0,202212,202307,30
31744055,10,59221,211H,DAVIS-LACY 31K,"PIONEER NATURAL RES. USA, INC.",SPRABERRY (TREND AREA),202212,202506,24,4368.0,5755.0,5327.166666666667,9939.0,202212,202307,31
31744055,10,59221,211H,DAVIS-LACY 31K,"PIONEER NATURAL RES. USA, INC.",SPRABERRY (TREND AREA),202212,202507,25,6558.0,11956.0,8550.666666666666,9939.0,202212,202307,32
31744055,10,59221,211H,DAVIS-LACY 31K,"PIONEER NATURAL RES. USA, INC.",SPRABERRY (TREND AREA),202212,202508,26,6258.0,13196.0,8457.333333333334,9939.0,202212,202307,33
31744055,10,59221,211H,DAVIS-LACY 31K,"PIONEER NATURAL RES. USA, INC.",SPRABERRY (TREND AREA),202212,202509,27,5983.0,12960.0,8143.0,9939.0,202212,202307,34
31744055,10,59221,211H,DAVIS-LACY 31K,"PIONEER NATURAL RES. USA, INC.",SPRABERRY (TREND AREA),202212,202510,28,6624.0,14153.0,8982.833333333334,9939.0,202212,202307,35
31744055,10,59221,211H,DAVIS-LACY 31K,"PIONEER NATURAL RES. USA, INC.",SPRABERRY (TREND AREA),202212,202511,29,5098.0,12328.0,7152.666666666666,9939.0,202212,202307,36
31744055,10,59221,211H,DAVIS-LACY 31K,"PIONEER NATURAL RES. USA, INC.",SPRABERRY (TREND AREA),202212,202512,30,2646.0,5878.0,3625.6666666666665,9939.0,202212,202307,37
31744055,10,59221,211H,DAVIS-LACY 31K,"PIONEER NATURAL RES. USA, INC.",SPRABERRY (TREND AREA),202212,202601,31,5745.0,15308.0,8296.333333333334,9939.0,202212,202307,38
31744055,10,59221,211H,DAVIS-LACY 31K,"PIONEER NATURAL RES. USA, INC.",SPRABERRY (TREND AREA),202212,202602,32,5530.0,15225.0,8067.5,9939.0,202212,202307,39
31744055,10,59221,211H,DAVIS-LACY 31K,"PIONEER NATURAL RES. USA, INC.",SPRABERRY (TREND AREA),202212,202603,33,4809.0,15034.0,7314.666666666666,9939.0,202212,202307,40
31744055,10,59221,211H,DAVIS-LACY 31K,"PIONEER NATURAL RES. USA, INC.",SPRABERRY (TREND AREA),202212,202604,34,0.0,0.0,0.0,9939.0,202212,202307,41
31744055,10,59221,211H,DAVIS-LACY 31K,"PIONEER NATURAL RES. USA, INC.",SPRABERRY (TREND AREA),202212,202605,35,0.0,0.0,0.0,9939.0,202212,202307,42
31744055,10,59221,211H,DAVIS-LACY 31K,"PIONEER NATURAL RES. USA, INC.",SPRABERRY (TREND AREA),202212,202606,36,0.0,0.0,0.0,9939.0,202212,202307,43
31744056,10,59228,210H,DAVIS-LACY 31J,"PIONEER NATURAL RES. USA, INC.",SPRABERRY (TREND AREA),202212,202307,1,14993.0,12982.0,17156.666666666668,9981.0,202212,202307,8
31744056,10,59228,210H,DAVIS-LACY 31J,"PIONEER NATURAL RES. USA, INC.",SPRABERRY (TREND AREA),202212,202308,2,36117.0,30447.0,41191.5,9981.0,202212,202307,9
31744056,10,59228,210H,DAVIS-LACY 31J,"PIONEER NATURAL RES. USA, INC.",SPRABERRY (TREND AREA),202212,202309,3,26600.0,27798.0,31233.0,9981.0,202212,202307,10
31744056,10,59228,210H,DAVIS-LACY 31J,"PIONEER NATURAL RES. USA, INC.",SPRABERRY (TREND AREA),202212,202310,4,21074.0,27394.0,25639.666666666668,9981.0,202212,202307,11
31744056,10,59228,210H,DAVIS-LACY 31J,"PIONEER NATURAL RES. USA, INC.",SPRABERRY (TREND AREA),202212,202311,5,17519.0,25836.0,21825.0,9981.0,202212,202307,12
31744056,10,59228,210H,DAVIS-LACY 31J,"PIONEER NATURAL RES. USA, INC.",SPRABERRY (TREND AREA),202212,202312,6,14551.0,25655.0,18826.833333333332,9981.0,202212,202307,13
31744056,10,59228,210H,DAVIS-LACY 31J,"PIONEER NATURAL RES. USA, INC.",SPRABERRY (TREND AREA),202212,202401,7,11526.0,20966.0,15020.333333333334,9981.0,202212,202307,14
31744056,10,59228,210H,DAVIS-LACY 31J,"PIONEER NATURAL RES. USA, INC.",SPRABERRY (TREND AREA),202212,202402,8,7565.0,16421.0,10301.833333333334,9981.0,202212,202307,15
31744056,10,59228,210H,DAVIS-LACY 31J,"PIONEER NATURAL RES. USA, INC.",SPRABERRY (TREND AREA),202212,202403,9,3404.0,2407.0,3805.1666666666665,9981.0,202212,202307,16
31744056,10,59228,210H,DAVIS-LACY 31J,"PIONEER NATURAL RES. USA, INC.",SPRABERRY (TREND AREA),202212,202404,10,6954.0,8245.0,8328.166666666666,9981.0,202212,202307,17
31744056,10,59228,210H,DAVIS-LACY 31J,"PIONEER NATURAL RES. USA, INC.",SPRABERRY (TREND AREA),202212,202405,11,8084.0,14082.0,10431.0,9981.0,202212,202307,18
31744056,10,59228,210H,DAVIS-LACY 31J,"PIONEER NATURAL RES. USA, INC.",SPRABERRY (TREND AREA),202212,202406,12,7278.0,14185.0,9642.166666666666,9981.0,202212,202307,19
31744056,10,59228,210H,DAVIS-LACY 31J,"PIONEER NATURAL RES. USA, INC.",SPRABERRY (TREND AREA),202212,202407,13,6715.0,14366.0,9109.333333333334,9981.0,202212,202307,20
31744056,10,59228,210H,DAVIS-LACY 31J,"PIONEER NATURAL RES. USA, INC.",SPRABERRY (TREND AREA),202212,202408,14,6296.0,14123.0,8649.833333333334,9981.0,202212,202307,21
31744056,10,59228,210H,DAVIS-LACY 31J,"PIONEER NATURAL RES. USA, INC.",SPRABERRY (TREND AREA),202212,202409,15,5502.0,13704.0,7786.0,9981.0,202212,202307,22
31744056,10,59228,210H,DAVIS-LACY 31J,"PIONEER NATURAL RES. USA, INC.",SPRABERRY (TREND AREA),202212,202410,16,4908.0,12863.0,7051.833333333334,9981.0,202212,202307,23
31744056,10,59228,210H,DAVIS-LACY 31J,"PIONEER NATURAL RES. USA, INC.",SPRABERRY (TREND AREA),202212,202411,17,5621.0,16770.0,8416.0,9981.0,202212,202307,24
31744056,10,59228,210H,DAVIS-LACY 31J,"PIONEER NATURAL RES. USA, INC.",SPRABERRY (TREND AREA),202212,202412,18,5362.0,17666.0,8306.333333333334,9981.0,202212,202307,25
31744056,10,59228,210H,DAVIS-LACY 31J,"PIONEER NATURAL RES. USA, INC.",SPRABERRY (TREND AREA),202212,202501,19,4340.0,15138.0,6863.0,9981.0,202212,202307,26
31744056,10,59228,210H,DAVIS-LACY 31J,"PIONEER NATURAL RES. USA, INC.",SPRABERRY (TREND AREA),202212,202502,20,3028.0,10107.0,4712.5,9981.0,202212,202307,27
31744056,10,59228,210H,DAVIS-LACY 31J,"PIONEER NATURAL RES. USA, INC.",SPRABERRY (TREND AREA),202212,202503,21,2647.0,8193.0,4012.5,9981.0,202212,202307,28
31744056,10,59228,210H,DAVIS-LACY 31J,"PIONEER NATURAL RES. USA, INC.",SPRABERRY (TREND AREA),202212,202504,22,2557.0,9377.0,4119.833333333333,9981.0,202212,202307,29
31744056,10,59228,210H,DAVIS-LACY 31J,"PIONEER NATURAL RES. USA, INC.",SPRABERRY (TREND AREA),202212,202505,23,2376.0,10591.0,4141.166666666667,9981.0,202212,202307,30
31744056,10,59228,210H,DAVIS-LACY 31J,"PIONEER NATURAL RES. USA, INC.",SPRABERRY (TREND AREA),202212,202506,24,2090.0,14143.0,4447.166666666666,9981.0,202212,202307,31
31744056,10,59228,210H,DAVIS-LACY 31J,"PIONEER NATURAL RES. USA, INC.",SPRABERRY (TREND AREA),202212,202507,25,1436.0,12943.0,3593.1666666666665,9981.0,202212,202307,32
31744056,10,59228,210H,DAVIS-LACY 31J,"PIONEER NATURAL RES. USA, INC.",SPRABERRY (TREND AREA),202212,202508,26,1584.0,11146.0,3441.666666666667,9981.0,202212,202307,33
31744056,10,59228,210H,DAVIS-LACY 31J,"PIONEER NATURAL RES. USA, INC.",SPRABERRY (TREND AREA),202212,202509,27,1562.0,8004.0,2896.0,9981.0,202212,202307,34
31744056,10,59228,210H,DAVIS-LACY 31J,"PIONEER NATURAL RES. USA, INC.",SPRABERRY (TREND AREA),202212,202510,28,1629.0,7320.0,2849.0,9981.0,202212,202307,35
31744056,10,59228,210H,DAVIS-LACY 31J,"PIONEER NATURAL RES. USA, INC.",SPRABERRY (TREND AREA),202212,202511,29,2395.0,8178.0,3758.0,9981.0,202212,202307,36
31744056,10,59228,210H,DAVIS-LACY 31J,"PIONEER NATURAL RES. USA, INC.",SPRABERRY (TREND AREA),202212,202512,30,2279.0,7586.0,3543.333333333333,9981.0,202212,202307,37
31744056,10,59228,210H,DAVIS-LACY 31J,"PIONEER NATURAL RES. USA, INC.",SPRABERRY (TREND AREA),202212,202601,31,1766.0,6398.0,2832.333333333333,9981.0,202212,202307,38
31744056,10,59228,210H,DAVIS-LACY 31J,"PIONEER NATURAL RES. USA, INC.",SPRABERRY (TREND AREA),202212,202602,32,1924.0,6576.0,3020.0,9981.0,202212,202307,39
31744056,10,59228,210H,DAVIS-LACY 31J,"PIONEER NATURAL RES. USA, INC.",SPRABERRY (TREND AREA),202212,202603,33,1332.0,4589.0,2096.8333333333335,9981.0,202212,202307,40
31744056,10,59228,210H,DAVIS-LACY 31J,"PIONEER NATURAL RES. USA, INC.",SPRABERRY (TREND AREA),202212,202604,34,0.0,0.0,0.0,9981.0,202212,202307,41
31744056,10,59228,210H,DAVIS-LACY 31J,"PIONEER NATURAL RES. USA, INC.",SPRABERRY (TREND AREA),202212,202605,35,0.0,0.0,0.0,9981.0,202212,202307,42
31744056,10,59228,210H,DAVIS-LACY 31J,"PIONEER NATURAL RES. USA, INC.",SPRABERRY (TREND AREA),202212,202606,36,0.0,0.0,0.0,9981.0,202212,202307,43
31744057,10,59229,209H,DAVIS-LACY 31I,"PIONEER NATURAL RES. USA, INC.",SPRABERRY (TREND AREA),202301,202307,1,23641.0,21371.0,27202.833333333332,10067.0,202301,202307,7
31744057,10,59229,209H,DAVIS-LACY 31I,"PIONEER NATURAL RES. USA, INC.",SPRABERRY (TREND AREA),202301,202308,2,39699.0,36473.0,45777.833333333336,10067.0,202301,202307,8
31744057,10,59229,209H,DAVIS-LACY 31I,"PIONEER NATURAL RES. USA, INC.",SPRABERRY (TREND AREA),202301,202309,3,47937.0,50859.0,56413.5,10067.0,202301,202307,9
31744057,10,59229,209H,DAVIS-LACY 31I,"PIONEER NATURAL RES. USA, INC.",SPRABERRY (TREND AREA),202301,202310,4,41926.0,54299.0,50975.833333333336,10067.0,202301,202307,10
31744057,10,59229,209H,DAVIS-LACY 31I,"PIONEER NATURAL RES. USA, INC.",SPRABERRY (TREND AREA),202301,202311,5,31440.0,42821.0,38576.833333333336,10067.0,202301,202307,11
31744057,10,59229,209H,DAVIS-LACY 31I,"PIONEER NATURAL RES. USA, INC.",SPRABERRY (TREND AREA),202301,202312,6,23631.0,37262.0,29841.333333333332,10067.0,202301,202307,12
31744057,10,59229,209H,DAVIS-LACY 31I,"PIONEER NATURAL RES. USA, INC.",SPRABERRY (TREND AREA),202301,202401,7,19368.0,34195.0,25067.166666666668,10067.0,202301,202307,13
31744057,10,59229,209H,DAVIS-LACY 31I,"PIONEER NATURAL RES. USA, INC.",SPRABERRY (TREND AREA),202301,202402,8,14525.0,27675.0,19137.5,10067.0,202301,202307,14
31744057,10,59229,209H,DAVIS-LACY 31I,"PIONEER NATURAL RES. USA, INC.",SPRABERRY (TREND AREA),202301,202403,9,14700.0,24039.0,18706.5,10067.0,202301,202307,15
31744057,10,59229,209H,DAVIS-LACY 31I,"PIONEER NATURAL RES. USA, INC.",SPRABERRY (TREND AREA),202301,202404,10,13649.0,22578.0,17412.0,10067.0,202301,202307,16
31744057,10,59229,209H,DAVIS-LACY 31I,"PIONEER NATURAL RES. USA, INC.",SPRABERRY (TREND AREA),202301,202405,11,12225.0,22065.0,15902.5,10067.0,202301,202307,17
31744057,10,59229,209H,DAVIS-LACY 31I,"PIONEER NATURAL RES. USA, INC.",SPRABERRY (TREND AREA),202301,202406,12,10923.0,21006.0,14424.0,10067.0,202301,202307,18
31744057,10,59229,209H,DAVIS-LACY 31I,"PIONEER NATURAL RES. USA, INC.",SPRABERRY (TREND AREA),202301,202407,13,10041.0,20855.0,13516.833333333334,10067.0,202301,202307,19
31744057,10,59229,209H,DAVIS-LACY 31I,"PIONEER NATURAL RES. USA, INC.",SPRABERRY (TREND AREA),202301,202408,14,9939.0,21378.0,13502.0,10067.0,202301,202307,20
31744057,10,59229,209H,DAVIS-LACY 31I,"PIONEER NATURAL RES. USA, INC.",SPRABERRY (TREND AREA),202301,202409,15,8398.0,19248.0,11606.0,10067.0,202301,202307,21
31744057,10,59229,209H,DAVIS-LACY 31I,"PIONEER NATURAL RES. USA, INC.",SPRABERRY (TREND AREA),202301,202410,16,7381.0,17282.0,10261.333333333334,10067.0,202301,202307,22
31744057,10,59229,209H,DAVIS-LACY 31I,"PIONEER NATURAL RES. USA, INC.",SPRABERRY (TREND AREA),202301,202411,17,7275.0,17410.0,10176.666666666666,10067.0,202301,202307,23
31744057,10,59229,209H,DAVIS-LACY 31I,"PIONEER NATURAL RES. USA, INC.",SPRABERRY (TREND AREA),202301,202412,18,6723.0,18152.0,9748.333333333334,10067.0,202301,202307,24
31744057,10,59229,209H,DAVIS-LACY 31I,"PIONEER NATURAL RES. USA, INC.",SPRABERRY (TREND AREA),202301,202501,19,6566.0,19052.0,9741.333333333334,10067.0,202301,202307,25
31744057,10,59229,209H,DAVIS-LACY 31I,"PIONEER NATURAL RES. USA, INC.",SPRABERRY (TREND AREA),202301,202502,20,4763.0,15581.0,7359.833333333334,10067.0,202301,202307,26
31744057,10,59229,209H,DAVIS-LACY 31I,"PIONEER NATURAL RES. USA, INC.",SPRABERRY (TREND AREA),202301,202503,21,3774.0,11239.0,5647.166666666667,10067.0,202301,202307,27
31744057,10,59229,209H,DAVIS-LACY 31I,"PIONEER NATURAL RES. USA, INC.",SPRABERRY (TREND AREA),202301,202504,22,3139.0,8087.0,4486.833333333333,10067.0,202301,202307,28
31744057,10,59229,209H,DAVIS-LACY 31I,"PIONEER NATURAL RES. USA, INC.",SPRABERRY (TREND AREA),202301,202505,23,7289.0,13283.0,9502.833333333334,10067.0,202301,202307,29
31744057,10,59229,209H,DAVIS-LACY 31I,"PIONEER NATURAL RES. USA, INC.",SPRABERRY (TREND AREA),202301,202506,24,10080.0,22446.0,13821.0,10067.0,202301,202307,30
31744057,10,59229,209H,DAVIS-LACY 31I,"PIONEER NATURAL RES. USA, INC.",SPRABERRY (TREND AREA),202301,202507,25,9148.0,24350.0,13206.333333333334,10067.0,202301,202307,31
31744057,10,59229,209H,DAVIS-LACY 31I,"PIONEER NATURAL RES. USA, INC.",SPRABERRY (TREND AREA),202301,202508,26,8688.0,25786.0,12985.666666666668,10067.0,202301,202307,32
31744057,10,59229,209H,DAVIS-LACY 31I,"PIONEER NATURAL RES. USA, INC.",SPRABERRY (TREND AREA),202301,202509,27,7209.0,24933.0,11364.5,10067.0,202301,202307,33
31744057,10,59229,209H,DAVIS-LACY 31I,"PIONEER NATURAL RES. USA, INC.",SPRABERRY (TREND AREA),202301,202510,28,5400.0,18364.0,8460.666666666666,10067.0,202301,202307,34
31744057,10,59229,209H,DAVIS-LACY 31I,"PIONEER NATURAL RES. USA, INC.",SPRABERRY (TREND AREA),202301,202511,29,5623.0,22337.0,9345.833333333334,10067.0,202301,202307,35
31744057,10,59229,209H,DAVIS-LACY 31I,"PIONEER NATURAL RES. USA, INC.",SPRABERRY (TREND AREA),202301,202512,30,4994.0,23141.0,8850.833333333334,10067.0,202301,202307,36
31744057,10,59229,209H,DAVIS-LACY 31I,"PIONEER NATURAL RES. USA, INC.",SPRABERRY (TREND AREA),202301,202601,31,4752.0,24923.0,8905.833333333332,10067.0,202301,202307,37
31744057,10,59229,209H,DAVIS-LACY 31I,"PIONEER NATURAL RES. USA, INC.",SPRABERRY (TREND AREA),202301,202602,32,5412.0,25071.0,9590.5,10067.0,202301,202307,38
31744057,10,59229,209H,DAVIS-LACY 31I,"PIONEER NATURAL RES. USA, INC.",SPRABERRY (TREND AREA),202301,202603,33,4628.0,26060.0,8971.333333333332,10067.0,202301,202307,39
31744057,10,59229,209H,DAVIS-LACY 31I,"PIONEER NATURAL RES. USA, INC.",SPRABERRY (TREND AREA),202301,202604,34,0.0,0.0,0.0,10067.0,202301,202307,40
31744057,10,59229,209H,DAVIS-LACY 31I,"PIONEER NATURAL RES. USA, INC.",SPRABERRY (TREND AREA),202301,202605,35,0.0,0.0,0.0,10067.0,202301,202307,41
31744057,10,59229,209H,DAVIS-LACY 31I,"PIONEER NATURAL RES. USA, INC.",SPRABERRY (TREND AREA),202301,202606,36,0.0,0.0,0.0,10067.0,202301,202307,42
31744058,10,58930,208H,DAVIS-LACY 31H,"PIONEER NATURAL RES. USA, INC.",SPRABERRY (TREND AREA),202211,202307,1,3661.0,9971.0,5322.833333333333,9932.0,202211,202307,9
31744058,10,58930,208H,DAVIS-LACY 31H,"PIONEER NATURAL RES. USA, INC.",SPRABERRY (TREND AREA),202211,202308,2,11136.0,13379.0,13365.833333333334,9932.0,202211,202307,10
31744058,10,58930,208H,DAVIS-LACY 31H,"PIONEER NATURAL RES. USA, INC.",SPRABERRY (TREND AREA),202211,202309,3,5573.0,5117.0,6425.833333333333,9932.0,202211,202307,11
31744058,10,58930,208H,DAVIS-LACY 31H,"PIONEER NATURAL RES. USA, INC.",SPRABERRY (TREND AREA),202211,202310,4,6391.0,5425.0,7295.166666666667,9932.0,202211,202307,12
31744058,10,58930,208H,DAVIS-LACY 31H,"PIONEER NATURAL RES. USA, INC.",SPRABERRY (TREND AREA),202211,202311,5,9238.0,7534.0,10493.666666666666,9932.0,202211,202307,13
31744058,10,58930,208H,DAVIS-LACY 31H,"PIONEER NATURAL RES. USA, INC.",SPRABERRY (TREND AREA),202211,202312,6,7525.0,7905.0,8842.5,9932.0,202211,202307,14
31744058,10,58930,208H,DAVIS-LACY 31H,"PIONEER NATURAL RES. USA, INC.",SPRABERRY (TREND AREA),202211,202401,7,7153.0,10165.0,8847.166666666666,9932.0,202211,202307,15
31744058,10,58930,208H,DAVIS-LACY 31H,"PIONEER NATURAL RES. USA, INC.",SPRABERRY (TREND AREA),202211,202402,8,4232.0,7935.0,5554.5,9932.0,202211,202307,16
31744058,10,58930,208H,DAVIS-LACY 31H,"PIONEER NATURAL RES. USA, INC.",SPRABERRY (TREND AREA),202211,202403,9,5043.0,4520.0,5796.333333333333,9932.0,202211,202307,17
31744058,10,58930,208H,DAVIS-LACY 31H,"PIONEER NATURAL RES. USA, INC.",SPRABERRY (TREND AREA),202211,202404,10,8110.0,5716.0,9062.666666666666,9932.0,202211,202307,18
31744058,10,58930,208H,DAVIS-LACY 31H,"PIONEER NATURAL RES. USA, INC.",SPRABERRY (TREND AREA),202211,202405,11,6530.0,7402.0,7763.666666666667,9932.0,202211,202307,19
31744058,10,58930,208H,DAVIS-LACY 31H,"PIONEER NATURAL RES. USA, INC.",SPRABERRY (TREND AREA),202211,202406,12,6726.0,10607.0,8493.833333333334,9932.0,202211,202307,20
31744058,10,58930,208H,DAVIS-LACY 31H,"PIONEER NATURAL RES. USA, INC.",SPRABERRY (TREND AREA),202211,202407,13,6848.0,14725.0,9302.166666666666,9932.0,202211,202307,21
31744058,10,58930,208H,DAVIS-LACY 31H,"PIONEER NATURAL RES. USA, INC.",SPRABERRY (TREND AREA),202211,202408,14,6215.0,16235.0,8920.833333333334,9932.0,202211,202307,22
31744058,10,58930,208H,DAVIS-LACY 31H,"PIONEER NATURAL RES. USA, INC.",SPRABERRY (TREND AREA),202211,202409,15,5173.0,14823.0,7643.5,9932.0,202211,202307,23
31744058,10,58930,208H,DAVIS-LACY 31H,"PIONEER NATURAL RES. USA, INC.",SPRABERRY (TREND AREA),202211,202410,16,4186.0,12294.0,6235.0,9932.0,202211,202307,24
31744058,10,58930,208H,DAVIS-LACY 31H,"PIONEER NATURAL RES. USA, INC.",SPRABERRY (TREND AREA),202211,202411,17,5294.0,17770.0,8255.666666666666,9932.0,202211,202307,25
31744058,10,58930,208H,DAVIS-LACY 31H,"PIONEER NATURAL RES. USA, INC.",SPRABERRY (TREND AREA),202211,202412,18,4338.0,17095.0,7187.166666666666,9932.0,202211,202307,26
31744058,10,58930,208H,DAVIS-LACY 31H,"PIONEER NATURAL RES. USA, INC.",SPRABERRY (TREND AREA),202211,202501,19,3743.0,15262.0,6286.666666666666,9932.0,202211,202307,27
31744058,10,58930,208H,DAVIS-LACY 31H,"PIONEER NATURAL RES. USA, INC.",SPRABERRY (TREND AREA),202211,202502,20,2813.0,13119.0,4999.5,9932.0,202211,202307,28
31744058,10,58930,208H,DAVIS-LACY 31H,"PIONEER NATURAL RES. USA, INC.",SPRABERRY (TREND AREA),202211,202503,21,2682.0,11490.0,4597.0,9932.0,202211,202307,29
31744058,10,58930,208H,DAVIS-LACY 31H,"PIONEER NATURAL RES. USA, INC.",SPRABERRY (TREND AREA),202211,202504,22,2313.0,10547.0,4070.833333333333,9932.0,202211,202307,30
31744058,10,58930,208H,DAVIS-LACY 31H,"PIONEER NATURAL RES. USA, INC.",SPRABERRY (TREND AREA),202211,202505,23,2788.0,13937.0,5110.833333333334,9932.0,202211,202307,31
31744058,10,58930,208H,DAVIS-LACY 31H,"PIONEER NATURAL RES. USA, INC.",SPRABERRY (TREND AREA),202211,202506,24,1267.0,6564.0,2361.0,9932.0,202211,202307,32
31744058,10,58930,208H,DAVIS-LACY 31H,"PIONEER NATURAL RES. USA, INC.",SPRABERRY (TREND AREA),202211,202507,25,2478.0,12377.0,4540.833333333334,9932.0,202211,202307,33
31744058,10,58930,208H,DAVIS-LACY 31H,"PIONEER NATURAL RES. USA, INC.",SPRABERRY (TREND AREA),202211,202508,26,2156.0,12129.0,4177.5,9932.0,202211,202307,34
31744058,10,58930,208H,DAVIS-LACY 31H,"PIONEER NATURAL RES. USA, INC.",SPRABERRY (TREND AREA),202211,202509,27,1910.0,11576.0,3839.333333333333,9932.0,202211,202307,35
31744058,10,58930,208H,DAVIS-LACY 31H,"PIONEER NATURAL RES. USA, INC.",SPRABERRY (TREND AREA),202211,202510,28,1782.0,13019.0,3951.8333333333335,9932.0,202211,202307,36
31744058,10,58930,208H,DAVIS-LACY 31H,"PIONEER NATURAL RES. USA, INC.",SPRABERRY (TREND AREA),202211,202511,29,1808.0,12882.0,3955.0,9932.0,202211,202307,37
31744058,10,58930,208H,DAVIS-LACY 31H,"PIONEER NATURAL RES. USA, INC.",SPRABERRY (TREND AREA),202211,202512,30,1782.0,12076.0,3794.666666666667,9932.0,202211,202307,38
31744058,10,58930,208H,DAVIS-LACY 31H,"PIONEER NATURAL RES. USA, INC.",SPRABERRY (TREND AREA),202211,202601,31,1578.0,11745.0,3535.5,9932.0,202211,202307,39
31744058,10,58930,208H,DAVIS-LACY 31H,"PIONEER NATURAL RES. USA, INC.",SPRABERRY (TREND AREA),202211,202602,32,1587.0,13804.0,3887.6666666666665,9932.0,202211,202307,40
31744058,10,58930,208H,DAVIS-LACY 31H,"PIONEER NATURAL RES. USA, INC.",SPRABERRY (TREND AREA),202211,202603,33,1875.0,13043.0,4048.8333333333335,9932.0,202211,202307,41
31744058,10,58930,208H,DAVIS-LACY 31H,"PIONEER NATURAL RES. USA, INC.",SPRABERRY (TREND AREA),202211,202604,34,0.0,0.0,0.0,9932.0,202211,202307,42
31744058,10,58930,208H,DAVIS-LACY 31H,"PIONEER NATURAL RES. USA, INC.",SPRABERRY (TREND AREA),202211,202605,35,0.0,0.0,0.0,9932.0,202211,202307,43
31744058,10,58930,208H,DAVIS-LACY 31H,"PIONEER NATURAL RES. USA, INC.",SPRABERRY (TREND AREA),202211,202606,36,0.0,0.0,0.0,9932.0,202211,202307,44
31744059,10,59242,207H,DAVIS-LACY 31G,"PIONEER NATURAL RES. USA, INC.",SPRABERRY (TREND AREA),202301,202307,1,23106.0,19859.0,26415.833333333332,9972.0,202301,202307,7
31744059,10,59242,207H,DAVIS-LACY 31G,"PIONEER NATURAL RES. USA, INC.",SPRABERRY (TREND AREA),202301,202308,2,29383.0,28203.0,34083.5,9972.0,202301,202307,8
31744059,10,59242,207H,DAVIS-LACY 31G,"PIONEER NATURAL RES. USA, INC.",SPRABERRY (TREND AREA),202301,202309,3,16946.0,16027.0,19617.166666666668,9972.0,202301,202307,9
31744059,10,59242,207H,DAVIS-LACY 31G,"PIONEER NATURAL RES. USA, INC.",SPRABERRY (TREND AREA),202301,202310,4,7800.0,6041.0,8806.833333333334,9972.0,202301,202307,10
31744059,10,59242,207H,DAVIS-LACY 31G,"PIONEER NATURAL RES. USA, INC.",SPRABERRY (TREND AREA),202301,202311,5,13871.0,14053.0,16213.166666666666,9972.0,202301,202307,11
31744059,10,59242,207H,DAVIS-LACY 31G,"PIONEER NATURAL RES. USA, INC.",SPRABERRY (TREND AREA),202301,202312,6,15753.0,34139.0,21442.833333333332,9972.0,202301,202307,12
31744059,10,59242,207H,DAVIS-LACY 31G,"PIONEER NATURAL RES. USA, INC.",SPRABERRY (TREND AREA),202301,202401,7,14038.0,36457.0,20114.166666666668,9972.0,202301,202307,13
31744059,10,59242,207H,DAVIS-LACY 31G,"PIONEER NATURAL RES. USA, INC.",SPRABERRY (TREND AREA),202301,202402,8,9742.0,25072.0,13920.666666666668,9972.0,202301,202307,14
31744059,10,59242,207H,DAVIS-LACY 31G,"PIONEER NATURAL RES. USA, INC.",SPRABERRY (TREND AREA),202301,202403,9,11084.0,27224.0,15621.333333333332,9972.0,202301,202307,15
31744059,10,59242,207H,DAVIS-LACY 31G,"PIONEER NATURAL RES. USA, INC.",SPRABERRY (TREND AREA),202301,202404,10,8941.0,19707.0,12225.5,9972.0,202301,202307,16
31744059,10,59242,207H,DAVIS-LACY 31G,"PIONEER NATURAL RES. USA, INC.",SPRABERRY (TREND AREA),202301,202405,11,8040.0,18460.0,11116.666666666666,9972.0,202301,202307,17
31744059,10,59242,207H,DAVIS-LACY 31G,"PIONEER NATURAL RES. USA, INC.",SPRABERRY (TREND AREA),202301,202406,12,7448.0,17437.0,10354.166666666666,9972.0,202301,202307,18
31744059,10,59242,207H,DAVIS-LACY 31G,"PIONEER NATURAL RES. USA, INC.",SPRABERRY (TREND AREA),202301,202407,13,6761.0,17707.0,9712.166666666666,9972.0,202301,202307,19
31744059,10,59242,207H,DAVIS-LACY 31G,"PIONEER NATURAL RES. USA, INC.",SPRABERRY (TREND AREA),202301,202408,14,7164.0,17056.0,10006.666666666666,9972.0,202301,202307,20
31744059,10,59242,207H,DAVIS-LACY 31G,"PIONEER NATURAL RES. USA, INC.",SPRABERRY (TREND AREA),202301,202409,15,5862.0,17181.0,8725.5,9972.0,202301,202307,21
31744059,10,59242,207H,DAVIS-LACY 31G,"PIONEER NATURAL RES. USA, INC.",SPRABERRY (TREND AREA),202301,202410,16,5188.0,18862.0,8331.666666666666,9972.0,202301,202307,22
31744059,10,59242,207H,DAVIS-LACY 31G,"PIONEER NATURAL RES. USA, INC.",SPRABERRY (TREND AREA),202301,202411,17,4823.0,17997.0,7822.5,9972.0,202301,202307,23
31744059,10,59242,207H,DAVIS-LACY 31G,"PIONEER NATURAL RES. USA, INC.",SPRABERRY (TREND AREA),202301,202412,18,4562.0,19129.0,7750.166666666666,9972.0,202301,202307,24
31744059,10,59242,207H,DAVIS-LACY 31G,"PIONEER NATURAL RES. USA, INC.",SPRABERRY (TREND AREA),202301,202501,19,4174.0,17155.0,7033.166666666666,9972.0,202301,202307,25
31744059,10,59242,207H,DAVIS-LACY 31G,"PIONEER NATURAL RES. USA, INC.",SPRABERRY (TREND AREA),202301,202502,20,3076.0,12610.0,5177.666666666666,9972.0,202301,202307,26
31744059,10,59242,207H,DAVIS-LACY 31G,"PIONEER NATURAL RES. USA, INC.",SPRABERRY (TREND AREA),202301,202503,21,4052.0,12038.0,6058.333333333333,9972.0,202301,202307,27
31744059,10,59242,207H,DAVIS-LACY 31G,"PIONEER NATURAL RES. USA, INC.",SPRABERRY (TREND AREA),202301,202504,22,3095.0,12041.0,5101.833333333333,9972.0,202301,202307,28
31744059,10,59242,207H,DAVIS-LACY 31G,"PIONEER NATURAL RES. USA, INC.",SPRABERRY (TREND AREA),202301,202505,23,3716.0,14426.0,6120.333333333334,9972.0,202301,202307,29
31744059,10,59242,207H,DAVIS-LACY 31G,"PIONEER NATURAL RES. USA, INC.",SPRABERRY (TREND AREA),202301,202506,24,3129.0,17112.0,5981.0,9972.0,202301,202307,30
31744059,10,59242,207H,DAVIS-LACY 31G,"PIONEER NATURAL RES. USA, INC.",SPRABERRY (TREND AREA),202301,202507,25,402.0,1895.0,717.8333333333333,9972.0,202301,202307,31
31744059,10,59242,207H,DAVIS-LACY 31G,"PIONEER NATURAL RES. USA, INC.",SPRABERRY (TREND AREA),202301,202508,26,5091.0,26445.0,9498.5,9972.0,202301,202307,32
31744059,10,59242,207H,DAVIS-LACY 31G,"PIONEER NATURAL RES. USA, INC.",SPRABERRY (TREND AREA),202301,202509,27,4969.0,39546.0,11560.0,9972.0,202301,202307,33
31744059,10,59242,207H,DAVIS-LACY 31G,"PIONEER NATURAL RES. USA, INC.",SPRABERRY (TREND AREA),202301,202510,28,4338.0,32701.0,9788.166666666668,9972.0,202301,202307,34
31744059,10,59242,207H,DAVIS-LACY 31G,"PIONEER NATURAL RES. USA, INC.",SPRABERRY (TREND AREA),202301,202511,29,3667.0,30946.0,8824.666666666668,9972.0,202301,202307,35
31744059,10,59242,207H,DAVIS-LACY 31G,"PIONEER NATURAL RES. USA, INC.",SPRABERRY (TREND AREA),202301,202512,30,1540.0,11568.0,3468.0,9972.0,202301,202307,36
31744059,10,59242,207H,DAVIS-LACY 31G,"PIONEER NATURAL RES. USA, INC.",SPRABERRY (TREND AREA),202301,202601,31,2283.0,7054.0,3458.666666666667,9972.0,202301,202307,37
31744059,10,59242,207H,DAVIS-LACY 31G,"PIONEER NATURAL RES. USA, INC.",SPRABERRY (TREND AREA),202301,202602,32,3044.0,15847.0,5685.166666666666,9972.0,202301,202307,38
31744059,10,59242,207H,DAVIS-LACY 31G,"PIONEER NATURAL RES. USA, INC.",SPRABERRY (TREND AREA),202301,202603,33,3521.0,26960.0,8014.333333333333,9972.0,202301,202307,39
31744059,10,59242,207H,DAVIS-LACY 31G,"PIONEER NATURAL RES. USA, INC.",SPRABERRY (TREND AREA),202301,202604,34,0.0,0.0,0.0,9972.0,202301,202307,40
31744059,10,59242,207H,DAVIS-LACY 31G,"PIONEER NATURAL RES. USA, INC.",SPRABERRY (TREND AREA),202301,202605,35,0.0,0.0,0.0,9972.0,202301,202307,41
31744059,10,59242,207H,DAVIS-LACY 31G,"PIONEER NATURAL RES. USA, INC.",SPRABERRY (TREND AREA),202301,202606,36,0.0,0.0,0.0,9972.0,202301,202307,42
31744060,10,58222,107H,EPLEY-MARTIN 31G,"PIONEER NATURAL RES. USA, INC.",SPRABERRY (TREND AREA),202209,202209,1,5482.0,4963.0,6309.166666666667,9781.0,202209,202209,1
31744060,10,58222,107H,EPLEY-MARTIN 31G,"PIONEER NATURAL RES. USA, INC.",SPRABERRY (TREND AREA),202209,202210,2,32777.0,30808.0,37911.666666666664,9781.0,202209,202209,2
31744060,10,58222,107H,EPLEY-MARTIN 31G,"PIONEER NATURAL RES. USA, INC.",SPRABERRY (TREND AREA),202209,202211,3,20375.0,20381.0,23771.833333333332,9781.0,202209,202209,3
31744060,10,58222,107H,EPLEY-MARTIN 31G,"PIONEER NATURAL RES. USA, INC.",SPRABERRY (TREND AREA),202209,202212,4,18731.0,24685.0,22845.166666666668,9781.0,202209,202209,4
31744060,10,58222,107H,EPLEY-MARTIN 31G,"PIONEER NATURAL RES. USA, INC.",SPRABERRY (TREND AREA),202209,202301,5,13670.0,22430.0,17408.333333333332,9781.0,202209,202209,5
31744060,10,58222,107H,EPLEY-MARTIN 31G,"PIONEER NATURAL RES. USA, INC.",SPRABERRY (TREND AREA),202209,202302,6,9870.0,17390.0,12768.333333333334,9781.0,202209,202209,6
31744060,10,58222,107H,EPLEY-MARTIN 31G,"PIONEER NATURAL RES. USA, INC.",SPRABERRY (TREND AREA),202209,202303,7,9975.0,18016.0,12977.666666666666,9781.0,202209,202209,7
31744060,10,58222,107H,EPLEY-MARTIN 31G,"PIONEER NATURAL RES. USA, INC.",SPRABERRY (TREND AREA),202209,202304,8,7539.0,13617.0,9808.5,9781.0,202209,202209,8
31744060,10,58222,107H,EPLEY-MARTIN 31G,"PIONEER NATURAL RES. USA, INC.",SPRABERRY (TREND AREA),202209,202305,9,3680.0,7300.0,4896.666666666667,9781.0,202209,202209,9
31744060,10,58222,107H,EPLEY-MARTIN 31G,"PIONEER NATURAL RES. USA, INC.",SPRABERRY (TREND AREA),202209,202306,10,666.0,634.0,771.6666666666666,9781.0,202209,202209,10
31744060,10,58222,107H,EPLEY-MARTIN 31G,"PIONEER NATURAL RES. USA, INC.",SPRABERRY (TREND AREA),202209,202307,11,3680.0,2762.0,4140.333333333333,9781.0,202209,202209,11
31744060,10,58222,107H,EPLEY-MARTIN 31G,"PIONEER NATURAL RES. USA, INC.",SPRABERRY (TREND AREA),202209,202308,12,7748.0,12194.0,9780.333333333334,9781.0,202209,202209,12
31744060,10,58222,107H,EPLEY-MARTIN 31G,"PIONEER NATURAL RES. USA, INC.",SPRABERRY (TREND AREA),202209,202309,13,5934.0,11416.0,7836.666666666667,9781.0,202209,202209,13
31744060,10,58222,107H,EPLEY-MARTIN 31G,"PIONEER NATURAL RES. USA, INC.",SPRABERRY (TREND AREA),202209,202310,14,4074.0,7387.0,5305.166666666667,9781.0,202209,202209,14
31744060,10,58222,107H,EPLEY-MARTIN 31G,"PIONEER NATURAL RES. USA, INC.",SPRABERRY (TREND AREA),202209,202311,15,5098.0,10788.0,6896.0,9781.0,202209,202209,15
31744060,10,58222,107H,EPLEY-MARTIN 31G,"PIONEER NATURAL RES. USA, INC.",SPRABERRY (TREND AREA),202209,202312,16,5613.0,13706.0,7897.333333333334,9781.0,202209,202209,16
31744060,10,58222,107H,EPLEY-MARTIN 31G,"PIONEER NATURAL RES. USA, INC.",SPRABERRY (TREND AREA),202209,202401,17,5092.0,13202.0,7292.333333333334,9781.0,202209,202209,17
31744060,10,58222,107H,EPLEY-MARTIN 31G,"PIONEER NATURAL RES. USA, INC.",SPRABERRY (TREND AREA),202209,202402,18,4480.0,12110.0,6498.333333333333,9781.0,202209,202209,18
31744060,10,58222,107H,EPLEY-MARTIN 31G,"PIONEER NATURAL RES. USA, INC.",SPRABERRY (TREND AREA),202209,202403,19,4549.0,12405.0,6616.5,9781.0,202209,202209,19
31744060,10,58222,107H,EPLEY-MARTIN 31G,"PIONEER NATURAL RES. USA, INC.",SPRABERRY (TREND AREA),202209,202404,20,4177.0,11146.0,6034.666666666667,9781.0,202209,202209,20
31744060,10,58222,107H,EPLEY-MARTIN 31G,"PIONEER NATURAL RES. USA, INC.",SPRABERRY (TREND AREA),202209,202405,21,3750.0,10452.0,5492.0,9781.0,202209,202209,21
31744060,10,58222,107H,EPLEY-MARTIN 31G,"PIONEER NATURAL RES. USA, INC.",SPRABERRY (TREND AREA),202209,202406,22,4125.0,9596.0,5724.333333333333,9781.0,202209,202209,22
31744060,10,58222,107H,EPLEY-MARTIN 31G,"PIONEER NATURAL RES. USA, INC.",SPRABERRY (TREND AREA),202209,202407,23,3582.0,9507.0,5166.5,9781.0,202209,202209,23
31744060,10,58222,107H,EPLEY-MARTIN 31G,"PIONEER NATURAL RES. USA, INC.",SPRABERRY (TREND AREA),202209,202408,24,3326.0,11290.0,5207.666666666667,9781.0,202209,202209,24
31744060,10,58222,107H,EPLEY-MARTIN 31G,"PIONEER NATURAL RES. USA, INC.",SPRABERRY (TREND AREA),202209,202409,25,3514.0,13000.0,5680.666666666666,9781.0,202209,202209,25
31744060,10,58222,107H,EPLEY-MARTIN 31G,"PIONEER NATURAL RES. USA, INC.",SPRABERRY (TREND AREA),202209,202410,26,3005.0,9893.0,4653.833333333333,9781.0,202209,202209,26
31744060,10,58222,107H,EPLEY-MARTIN 31G,"PIONEER NATURAL RES. USA, INC.",SPRABERRY (TREND AREA),202209,202411,27,3081.0,10115.0,4766.833333333333,9781.0,202209,202209,27
31744060,10,58222,107H,EPLEY-MARTIN 31G,"PIONEER NATURAL RES. USA, INC.",SPRABERRY (TREND AREA),202209,202412,28,2743.0,9889.0,4391.166666666667,9781.0,202209,202209,28
31744060,10,58222,107H,EPLEY-MARTIN 31G,"PIONEER NATURAL RES. USA, INC.",SPRABERRY (TREND AREA),202209,202501,29,2575.0,10983.0,4405.5,9781.0,202209,202209,29
31744060,10,58222,107H,EPLEY-MARTIN 31G,"PIONEER NATURAL RES. USA, INC.",SPRABERRY (TREND AREA),202209,202502,30,2127.0,8121.0,3480.5,9781.0,202209,202209,30
31744060,10,58222,107H,EPLEY-MARTIN 31G,"PIONEER NATURAL RES. USA, INC.",SPRABERRY (TREND AREA),202209,202503,31,1781.0,6891.0,2929.5,9781.0,202209,202209,31
31744060,10,58222,107H,EPLEY-MARTIN 31G,"PIONEER NATURAL RES. USA, INC.",SPRABERRY (TREND AREA),202209,202504,32,2069.0,7277.0,3281.833333333333,9781.0,202209,202209,32
31744060,10,58222,107H,EPLEY-MARTIN 31G,"PIONEER NATURAL RES. USA, INC.",SPRABERRY (TREND AREA),202209,202505,33,2357.0,7644.0,3631.0,9781.0,202209,202209,33
31744060,10,58222,107H,EPLEY-MARTIN 31G,"PIONEER NATURAL RES. USA, INC.",SPRABERRY (TREND AREA),202209,202506,34,2148.0,10903.0,3965.166666666667,9781.0,202209,202209,34
31744060,10,58222,107H,EPLEY-MARTIN 31G,"PIONEER NATURAL RES. USA, INC.",SPRABERRY (TREND AREA),202209,202507,35,1857.0,8670.0,3302.0,9781.0,202209,202209,35
31744060,10,58222,107H,EPLEY-MARTIN 31G,"PIONEER NATURAL RES. USA, INC.",SPRABERRY (TREND AREA),202209,202508,36,1628.0,6493.0,2710.166666666667,9781.0,202209,202209,36
31744060,10,58222,107H,EPLEY-MARTIN 31G,"PIONEER NATURAL RES. USA, INC.",SPRABERRY (TREND AREA),202209,202509,37,1434.0,5311.0,2319.1666666666665,9781.0,202209,202209,37
31744060,10,58222,107H,EPLEY-MARTIN 31G,"PIONEER NATURAL RES. USA, INC.",SPRABERRY (TREND AREA),202209,202510,38,1604.0,4629.0,2375.5,9781.0,202209,202209,38
31744060,10,58222,107H,EPLEY-MARTIN 31G,"PIONEER NATURAL RES. USA, INC.",SPRABERRY (TREND AREA),202209,202511,39,1495.0,4749.0,2286.5,9781.0,202209,202209,39
31744060,10,58222,107H,EPLEY-MARTIN 31G,"PIONEER NATURAL RES. USA, INC.",SPRABERRY (TREND AREA),202209,202512,40,1340.0,1051.0,1515.1666666666667,9781.0,202209,202209,40
31744060,10,58222,107H,EPLEY-MARTIN 31G,"PIONEER NATURAL RES. USA, INC.",SPRABERRY (TREND AREA),202209,202601,41,1219.0,81.0,1232.5,9781.0,202209,202209,41
31744060,10,58222,107H,EPLEY-MARTIN 31G,"PIONEER NATURAL RES. USA, INC.",SPRABERRY (TREND AREA),202209,202602,42,1518.0,853.0,1660.1666666666667,9781.0,202209,202209,42
31744060,10,58222,107H,EPLEY-MARTIN 31G,"PIONEER NATURAL RES. USA, INC.",SPRABERRY (TREND AREA),202209,202603,43,3372.0,6891.0,4520.5,9781.0,202209,202209,43
31744060,10,58222,107H,EPLEY-MARTIN 31G,"PIONEER NATURAL RES. USA, INC.",SPRABERRY (TREND AREA),202209,202604,44,0.0,0.0,0.0,9781.0,202209,202209,44
31744060,10,58222,107H,EPLEY-MARTIN 31G,"PIONEER NATURAL RES. USA, INC.",SPRABERRY (TREND AREA),202209,202605,45,0.0,0.0,0.0,9781.0,202209,202209,45
31744060,10,58222,107H,EPLEY-MARTIN 31G,"PIONEER NATURAL RES. USA, INC.",SPRABERRY (TREND AREA),202209,202606,46,0.0,0.0,0.0,9781.0,202209,202209,46
31744061,10,57708,103H,EPLEY-MARTIN 31C,"PIONEER NATURAL RES. USA, INC.",SPRABERRY (TREND AREA),202203,202209,1,12932.0,10726.0,14719.666666666666,9886.0,202203,202209,7
31744061,10,57708,103H,EPLEY-MARTIN 31C,"PIONEER NATURAL RES. USA, INC.",SPRABERRY (TREND AREA),202203,202210,2,53058.0,49677.0,61337.5,9886.0,202203,202209,8
31744061,10,57708,103H,EPLEY-MARTIN 31C,"PIONEER NATURAL RES. USA, INC.",SPRABERRY (TREND AREA),202203,202211,3,48161.0,47707.0,56112.166666666664,9886.0,202203,202209,9
31744061,10,57708,103H,EPLEY-MARTIN 31C,"PIONEER NATURAL RES. USA, INC.",SPRABERRY (TREND AREA),202203,202212,4,36702.0,40419.0,43438.5,9886.0,202203,202209,10
31744061,10,57708,103H,EPLEY-MARTIN 31C,"PIONEER NATURAL RES. USA, INC.",SPRABERRY (TREND AREA),202203,202301,5,25953.0,36643.0,32060.166666666668,9886.0,202203,202209,11
31744061,10,57708,103H,EPLEY-MARTIN 31C,"PIONEER NATURAL RES. USA, INC.",SPRABERRY (TREND AREA),202203,202302,6,19401.0,29602.0,24334.666666666668,9886.0,202203,202209,12
31744061,10,57708,103H,EPLEY-MARTIN 31C,"PIONEER NATURAL RES. USA, INC.",SPRABERRY (TREND AREA),202203,202303,7,17737.0,29165.0,22597.833333333332,9886.0,202203,202209,13
31744061,10,57708,103H,EPLEY-MARTIN 31C,"PIONEER NATURAL RES. USA, INC.",SPRABERRY (TREND AREA),202203,202304,8,16419.0,27985.0,21083.166666666668,9886.0,202203,202209,14
31744061,10,57708,103H,EPLEY-MARTIN 31C,"PIONEER NATURAL RES. USA, INC.",SPRABERRY (TREND AREA),202203,202305,9,15465.0,28569.0,20226.5,9886.0,202203,202209,15
31744061,10,57708,103H,EPLEY-MARTIN 31C,"PIONEER NATURAL RES. USA, INC.",SPRABERRY (TREND AREA),202203,202306,10,12439.0,18929.0,15593.833333333334,9886.0,202203,202209,16
31744061,10,57708,103H,EPLEY-MARTIN 31C,"PIONEER NATURAL RES. USA, INC.",SPRABERRY (TREND AREA),202203,202307,11,13170.0,19119.0,16356.5,9886.0,202203,202209,17
31744061,10,57708,103H,EPLEY-MARTIN 31C,"PIONEER NATURAL RES. USA, INC.",SPRABERRY (TREND AREA),202203,202308,12,11466.0,18676.0,14578.666666666666,9886.0,202203,202209,18
31744061,10,57708,103H,EPLEY-MARTIN 31C,"PIONEER NATURAL RES. USA, INC.",SPRABERRY (TREND AREA),202203,202309,13,8594.0,14638.0,11033.666666666666,9886.0,202203,202209,19
31744061,10,57708,103H,EPLEY-MARTIN 31C,"PIONEER NATURAL RES. USA, INC.",SPRABERRY (TREND AREA),202203,202310,14,10333.0,14037.0,12672.5,9886.0,202203,202209,20
31744061,10,57708,103H,EPLEY-MARTIN 31C,"PIONEER NATURAL RES. USA, INC.",SPRABERRY (TREND AREA),202203,202311,15,9888.0,14952.0,12380.0,9886.0,202203,202209,21
31744061,10,57708,103H,EPLEY-MARTIN 31C,"PIONEER NATURAL RES. USA, INC.",SPRABERRY (TREND AREA),202203,202312,16,9237.0,15846.0,11878.0,9886.0,202203,202209,22
31744061,10,57708,103H,EPLEY-MARTIN 31C,"PIONEER NATURAL RES. USA, INC.",SPRABERRY (TREND AREA),202203,202401,17,7825.0,14585.0,10255.833333333334,9886.0,202203,202209,23
31744061,10,57708,103H,EPLEY-MARTIN 31C,"PIONEER NATURAL RES. USA, INC.",SPRABERRY (TREND AREA),202203,202402,18,5518.0,3569.0,6112.833333333333,9886.0,202203,202209,24
31744061,10,57708,103H,EPLEY-MARTIN 31C,"PIONEER NATURAL RES. USA, INC.",SPRABERRY (TREND AREA),202203,202403,19,6702.0,8372.0,8097.333333333333,9886.0,202203,202209,25
31744061,10,57708,103H,EPLEY-MARTIN 31C,"PIONEER NATURAL RES. USA, INC.",SPRABERRY (TREND AREA),202203,202404,20,7782.0,18502.0,10865.666666666666,9886.0,202203,202209,26
31744061,10,57708,103H,EPLEY-MARTIN 31C,"PIONEER NATURAL RES. USA, INC.",SPRABERRY (TREND AREA),202203,202405,21,7960.0,20627.0,11397.833333333334,9886.0,202203,202209,27
31744061,10,57708,103H,EPLEY-MARTIN 31C,"PIONEER NATURAL RES. USA, INC.",SPRABERRY (TREND AREA),202203,202406,22,6722.0,18361.0,9782.166666666666,9886.0,202203,202209,28
31744061,10,57708,103H,EPLEY-MARTIN 31C,"PIONEER NATURAL RES. USA, INC.",SPRABERRY (TREND AREA),202203,202407,23,7126.0,20816.0,10595.333333333334,9886.0,202203,202209,29
31744061,10,57708,103H,EPLEY-MARTIN 31C,"PIONEER NATURAL RES. USA, INC.",SPRABERRY (TREND AREA),202203,202408,24,3393.0,10412.0,5128.333333333333,9886.0,202203,202209,30
31744061,10,57708,103H,EPLEY-MARTIN 31C,"PIONEER NATURAL RES. USA, INC.",SPRABERRY (TREND AREA),202203,202409,25,6461.0,15902.0,9111.333333333334,9886.0,202203,202209,31
31744061,10,57708,103H,EPLEY-MARTIN 31C,"PIONEER NATURAL RES. USA, INC.",SPRABERRY (TREND AREA),202203,202410,26,6555.0,15961.0,9215.166666666666,9886.0,202203,202209,32
31744061,10,57708,103H,EPLEY-MARTIN 31C,"PIONEER NATURAL RES. USA, INC.",SPRABERRY (TREND AREA),202203,202411,27,5964.0,16227.0,8668.5,9886.0,202203,202209,33
31744061,10,57708,103H,EPLEY-MARTIN 31C,"PIONEER NATURAL RES. USA, INC.",SPRABERRY (TREND AREA),202203,202412,28,5901.0,17450.0,8809.333333333334,9886.0,202203,202209,34
31744061,10,57708,103H,EPLEY-MARTIN 31C,"PIONEER NATURAL RES. USA, INC.",SPRABERRY (TREND AREA),202203,202501,29,5034.0,17189.0,7898.833333333334,9886.0,202203,202209,35
31744061,10,57708,103H,EPLEY-MARTIN 31C,"PIONEER NATURAL RES. USA, INC.",SPRABERRY (TREND AREA),202203,202502,30,4578.0,15551.0,7169.833333333334,9886.0,202203,202209,36
31744061,10,57708,103H,EPLEY-MARTIN 31C,"PIONEER NATURAL RES. USA, INC.",SPRABERRY (TREND AREA),202203,202503,31,4077.0,13444.0,6317.666666666666,9886.0,202203,202209,37
31744061,10,57708,103H,EPLEY-MARTIN 31C,"PIONEER NATURAL RES. USA, INC.",SPRABERRY (TREND AREA),202203,202504,32,3553.0,12949.0,5711.166666666666,9886.0,202203,202209,38
31744061,10,57708,103H,EPLEY-MARTIN 31C,"PIONEER NATURAL RES. USA, INC.",SPRABERRY (TREND AREA),202203,202505,33,4213.0,14478.0,6626.0,9886.0,202203,202209,39
31744061,10,57708,103H,EPLEY-MARTIN 31C,"PIONEER NATURAL RES. USA, INC.",SPRABERRY (TREND AREA),202203,202506,34,4151.0,14521.0,6571.166666666666,9886.0,202203,202209,40
31744061,10,57708,103H,EPLEY-MARTIN 31C,"PIONEER NATURAL RES. USA, INC.",SPRABERRY (TREND AREA),202203,202507,35,4647.0,18763.0,7774.166666666666,9886.0,202203,202209,41
31744061,10,57708,103H,EPLEY-MARTIN 31C,"PIONEER NATURAL RES. USA, INC.",SPRABERRY (TREND AREA),202203,202508,36,932.0,4602.0,1699.0,9886.0,202203,202209,42
31744061,10,57708,103H,EPLEY-MARTIN 31C,"PIONEER NATURAL RES. USA, INC.",SPRABERRY (TREND AREA),202203,202509,37,2227.0,4899.0,3043.5,9886.0,202203,202209,43
31744061,10,57708,103H,EPLEY-MARTIN 31C,"PIONEER NATURAL RES. USA, INC.",SPRABERRY (TREND AREA),202203,202510,38,3307.0,6840.0,4447.0,9886.0,202203,202209,44
31744061,10,57708,103H,EPLEY-MARTIN 31C,"PIONEER NATURAL RES. USA, INC.",SPRABERRY (TREND AREA),202203,202511,39,4290.0,8299.0,5673.166666666667,9886.0,202203,202209,45
31744061,10,57708,103H,EPLEY-MARTIN 31C,"PIONEER NATURAL RES. USA, INC.",SPRABERRY (TREND AREA),202203,202512,40,4450.0,9919.0,6103.166666666667,9886.0,202203,202209,46
31744061,10,57708,103H,EPLEY-MARTIN 31C,"PIONEER NATURAL RES. USA, INC.",SPRABERRY (TREND AREA),202203,202601,41,3403.0,10453.0,5145.166666666667,9886.0,202203,202209,47
31744061,10,57708,103H,EPLEY-MARTIN 31C,"PIONEER NATURAL RES. USA, INC.",SPRABERRY (TREND AREA),202203,202602,42,3248.0,9786.0,4879.0,9886.0,202203,202209,48
31744061,10,57708,103H,EPLEY-MARTIN 31C,"PIONEER NATURAL RES. USA, INC.",SPRABERRY (TREND AREA),202203,202603,43,2523.0,8857.0,3999.166666666667,9886.0,202203,202209,49
31744061,10,57708,103H,EPLEY-MARTIN 31C,"PIONEER NATURAL RES. USA, INC.",SPRABERRY (TREND AREA),202203,202604,44,0.0,0.0,0.0,9886.0,202203,202209,50
31744061,10,57708,103H,EPLEY-MARTIN 31C,"PIONEER NATURAL RES. USA, INC.",SPRABERRY (TREND AREA),202203,202605,45,0.0,0.0,0.0,9886.0,202203,202209,51
31744061,10,57708,103H,EPLEY-MARTIN 31C,"PIONEER NATURAL RES. USA, INC.",SPRABERRY (TREND AREA),202203,202606,46,0.0,0.0,0.0,9886.0,202203,202209,52
31744063,10,57694,108H,EPLEY-MARTIN 31H,"PIONEER NATURAL RES. USA, INC.",SPRABERRY (TREND AREA),202204,202209,1,1505.0,1272.0,1717.0,9981.0,202204,202209,6
31744063,10,57694,108H,EPLEY-MARTIN 31H,"PIONEER NATURAL RES. USA, INC.",SPRABERRY (TREND AREA),202204,202210,2,11021.0,9489.0,12602.5,9981.0,202204,202209,7
31744063,10,57694,108H,EPLEY-MARTIN 31H,"PIONEER NATURAL RES. USA, INC.",SPRABERRY (TREND AREA),202204,202211,3,17301.0,11680.0,19247.666666666668,9981.0,202204,202209,8
31744063,10,57694,108H,EPLEY-MARTIN 31H,"PIONEER NATURAL RES. USA, INC.",SPRABERRY (TREND AREA),202204,202212,4,18461.0,11278.0,20340.666666666668,9981.0,202204,202209,9
31744063,10,57694,108H,EPLEY-MARTIN 31H,"PIONEER NATURAL RES. USA, INC.",SPRABERRY (TREND AREA),202204,202301,5,18820.0,15185.0,21350.833333333332,9981.0,202204,202209,10
31744063,10,57694,108H,EPLEY-MARTIN 31H,"PIONEER NATURAL RES. USA, INC.",SPRABERRY (TREND AREA),202204,202302,6,15504.0,13113.0,17689.5,9981.0,202204,202209,11
31744063,10,57694,108H,EPLEY-MARTIN 31H,"PIONEER NATURAL RES. USA, INC.",SPRABERRY (TREND AREA),202204,202303,7,14022.0,18711.0,17140.5,9981.0,202204,202209,12
31744063,10,57694,108H,EPLEY-MARTIN 31H,"PIONEER NATURAL RES. USA, INC.",SPRABERRY (TREND AREA),202204,202304,8,9972.0,17543.0,12895.833333333334,9981.0,202204,202209,13
31744063,10,57694,108H,EPLEY-MARTIN 31H,"PIONEER NATURAL RES. USA, INC.",SPRABERRY (TREND AREA),202204,202305,9,4805.0,8311.0,6190.166666666667,9981.0,202204,202209,14
31744063,10,57694,108H,EPLEY-MARTIN 31H,"PIONEER NATURAL RES. USA, INC.",SPRABERRY (TREND AREA),202204,202306,10,1597.0,1038.0,1770.0,9981.0,202204,202209,15
31744063,10,57694,108H,EPLEY-MARTIN 31H,"PIONEER NATURAL RES. USA, INC.",SPRABERRY (TREND AREA),202204,202307,11,5872.0,3369.0,6433.5,9981.0,202204,202209,16
31744063,10,57694,108H,EPLEY-MARTIN 31H,"PIONEER NATURAL RES. USA, INC.",SPRABERRY (TREND AREA),202204,202308,12,5838.0,4249.0,6546.166666666667,9981.0,202204,202209,17
31744063,10,57694,108H,EPLEY-MARTIN 31H,"PIONEER NATURAL RES. USA, INC.",SPRABERRY (TREND AREA),202204,202309,13,3331.0,3515.0,3916.8333333333335,9981.0,202204,202209,18
31744063,10,57694,108H,EPLEY-MARTIN 31H,"PIONEER NATURAL RES. USA, INC.",SPRABERRY (TREND AREA),202204,202310,14,1479.0,1236.0,1685.0,9981.0,202204,202209,19
31744063,10,57694,108H,EPLEY-MARTIN 31H,"PIONEER NATURAL RES. USA, INC.",SPRABERRY (TREND AREA),202204,202311,15,6208.0,5884.0,7188.666666666667,9981.0,202204,202209,20
31744063,10,57694,108H,EPLEY-MARTIN 31H,"PIONEER NATURAL RES. USA, INC.",SPRABERRY (TREND AREA),202204,202312,16,8047.0,11655.0,9989.5,9981.0,202204,202209,21
31744063,10,57694,108H,EPLEY-MARTIN 31H,"PIONEER NATURAL RES. USA, INC.",SPRABERRY (TREND AREA),202204,202401,17,7013.0,12731.0,9134.833333333334,9981.0,202204,202209,22
31744063,10,57694,108H,EPLEY-MARTIN 31H,"PIONEER NATURAL RES. USA, INC.",SPRABERRY (TREND AREA),202204,202402,18,6217.0,12359.0,8276.833333333334,9981.0,202204,202209,23
31744063,10,57694,108H,EPLEY-MARTIN 31H,"PIONEER NATURAL RES. USA, INC.",SPRABERRY (TREND AREA),202204,202403,19,5832.0,12985.0,7996.166666666666,9981.0,202204,202209,24
31744063,10,57694,108H,EPLEY-MARTIN 31H,"PIONEER NATURAL RES. USA, INC.",SPRABERRY (TREND AREA),202204,202404,20,5158.0,11202.0,7025.0,9981.0,202204,202209,25
31744063,10,57694,108H,EPLEY-MARTIN 31H,"PIONEER NATURAL RES. USA, INC.",SPRABERRY (TREND AREA),202204,202405,21,4743.0,10667.0,6520.833333333333,9981.0,202204,202209,26
31744063,10,57694,108H,EPLEY-MARTIN 31H,"PIONEER NATURAL RES. USA, INC.",SPRABERRY (TREND AREA),202204,202406,22,3363.0,7914.0,4682.0,9981.0,202204,202209,27
31744063,10,57694,108H,EPLEY-MARTIN 31H,"PIONEER NATURAL RES. USA, INC.",SPRABERRY (TREND AREA),202204,202407,23,4946.0,11894.0,6928.333333333333,9981.0,202204,202209,28
31744063,10,57694,108H,EPLEY-MARTIN 31H,"PIONEER NATURAL RES. USA, INC.",SPRABERRY (TREND AREA),202204,202408,24,2886.0,9534.0,4475.0,9981.0,202204,202209,29
31744063,10,57694,108H,EPLEY-MARTIN 31H,"PIONEER NATURAL RES. USA, INC.",SPRABERRY (TREND AREA),202204,202409,25,5580.0,14879.0,8059.833333333334,9981.0,202204,202209,30
31744063,10,57694,108H,EPLEY-MARTIN 31H,"PIONEER NATURAL RES. USA, INC.",SPRABERRY (TREND AREA),202204,202410,26,5534.0,16523.0,8287.833333333334,9981.0,202204,202209,31
31744063,10,57694,108H,EPLEY-MARTIN 31H,"PIONEER NATURAL RES. USA, INC.",SPRABERRY (TREND AREA),202204,202411,27,2897.0,9368.0,4458.333333333333,9981.0,202204,202209,32
31744063,10,57694,108H,EPLEY-MARTIN 31H,"PIONEER NATURAL RES. USA, INC.",SPRABERRY (TREND AREA),202204,202412,28,2548.0,7840.0,3854.666666666667,9981.0,202204,202209,33
31744063,10,57694,108H,EPLEY-MARTIN 31H,"PIONEER NATURAL RES. USA, INC.",SPRABERRY (TREND AREA),202204,202501,29,4119.0,11372.0,6014.333333333333,9981.0,202204,202209,34
31744063,10,57694,108H,EPLEY-MARTIN 31H,"PIONEER NATURAL RES. USA, INC.",SPRABERRY (TREND AREA),202204,202502,30,3734.0,11073.0,5579.5,9981.0,202204,202209,35
31744063,10,57694,108H,EPLEY-MARTIN 31H,"PIONEER NATURAL RES. USA, INC.",SPRABERRY (TREND AREA),202204,202503,31,3093.0,11066.0,4937.333333333333,9981.0,202204,202209,36
31744063,10,57694,108H,EPLEY-MARTIN 31H,"PIONEER NATURAL RES. USA, INC.",SPRABERRY (TREND AREA),202204,202504,32,2484.0,8742.0,3941.0,9981.0,202204,202209,37
31744063,10,57694,108H,EPLEY-MARTIN 31H,"PIONEER NATURAL RES. USA, INC.",SPRABERRY (TREND AREA),202204,202505,33,3128.0,10675.0,4907.166666666667,9981.0,202204,202209,38
31744063,10,57694,108H,EPLEY-MARTIN 31H,"PIONEER NATURAL RES. USA, INC.",SPRABERRY (TREND AREA),202204,202506,34,684.0,3341.0,1240.8333333333335,9981.0,202204,202209,39
31744063,10,57694,108H,EPLEY-MARTIN 31H,"PIONEER NATURAL RES. USA, INC.",SPRABERRY (TREND AREA),202204,202507,35,1742.0,5137.0,2598.1666666666665,9981.0,202204,202209,40
31744063,10,57694,108H,EPLEY-MARTIN 31H,"PIONEER NATURAL RES. USA, INC.",SPRABERRY (TREND AREA),202204,202508,36,1772.0,4364.0,2499.3333333333335,9981.0,202204,202209,41
31744063,10,57694,108H,EPLEY-MARTIN 31H,"PIONEER NATURAL RES. USA, INC.",SPRABERRY (TREND AREA),202204,202509,37,3283.0,6340.0,4339.666666666667,9981.0,202204,202209,42
31744063,10,57694,108H,EPLEY-MARTIN 31H,"PIONEER NATURAL RES. USA, INC.",SPRABERRY (TREND AREA),202204,202510,38,2773.0,6817.0,3909.166666666667,9981.0,202204,202209,43
31744063,10,57694,108H,EPLEY-MARTIN 31H,"PIONEER NATURAL RES. USA, INC.",SPRABERRY (TREND AREA),202204,202511,39,2125.0,4708.0,2909.6666666666665,9981.0,202204,202209,44
31744063,10,57694,108H,EPLEY-MARTIN 31H,"PIONEER NATURAL RES. USA, INC.",SPRABERRY (TREND AREA),202204,202512,40,2609.0,7988.0,3940.333333333333,9981.0,202204,202209,45
31744063,10,57694,108H,EPLEY-MARTIN 31H,"PIONEER NATURAL RES. USA, INC.",SPRABERRY (TREND AREA),202204,202601,41,2629.0,3829.0,3267.1666666666665,9981.0,202204,202209,46
31744063,10,57694,108H,EPLEY-MARTIN 31H,"PIONEER NATURAL RES. USA, INC.",SPRABERRY (TREND AREA),202204,202602,42,2389.0,6525.0,3476.5,9981.0,202204,202209,47
31744063,10,57694,108H,EPLEY-MARTIN 31H,"PIONEER NATURAL RES. USA, INC.",SPRABERRY (TREND AREA),202204,202603,43,2572.0,8536.0,3994.666666666667,9981.0,202204,202209,48
31744063,10,57694,108H,EPLEY-MARTIN 31H,"PIONEER NATURAL RES. USA, INC.",SPRABERRY (TREND AREA),202204,202604,44,0.0,0.0,0.0,9981.0,202204,202209,49
31744063,10,57694,108H,EPLEY-MARTIN 31H,"PIONEER NATURAL RES. USA, INC.",SPRABERRY (TREND AREA),202204,202605,45,0.0,0.0,0.0,9981.0,202204,202209,50
31744063,10,57694,108H,EPLEY-MARTIN 31H,"PIONEER NATURAL RES. USA, INC.",SPRABERRY (TREND AREA),202204,202606,46,0.0,0.0,0.0,9981.0,202204,202209,51
31744064,10,57857,109H,EPLEY-MARTIN 31I,"PIONEER NATURAL RES. USA, INC.",SPRABERRY (TREND AREA),202209,202209,1,8802.0,7485.0,10049.5,9981.0,202209,202209,1
31744064,10,57857,109H,EPLEY-MARTIN 31I,"PIONEER NATURAL RES. USA, INC.",SPRABERRY (TREND AREA),202209,202210,2,52191.0,50877.0,60670.5,9981.0,202209,202209,2
31744064,10,57857,109H,EPLEY-MARTIN 31I,"PIONEER NATURAL RES. USA, INC.",SPRABERRY (TREND AREA),202209,202211,3,43505.0,43273.0,50717.166666666664,9981.0,202209,202209,3
31744064,10,57857,109H,EPLEY-MARTIN 31I,"PIONEER NATURAL RES. USA, INC.",SPRABERRY (TREND AREA),202209,202212,4,32572.0,38885.0,39052.833333333336,9981.0,202209,202209,4
31744064,10,57857,109H,EPLEY-MARTIN 31I,"PIONEER NATURAL RES. USA, INC.",SPRABERRY (TREND AREA),202209,202301,5,24254.0,31351.0,29479.166666666668,9981.0,202209,202209,5
31744064,10,57857,109H,EPLEY-MARTIN 31I,"PIONEER NATURAL RES. USA, INC.",SPRABERRY (TREND AREA),202209,202302,6,18158.0,24279.0,22204.5,9981.0,202209,202209,6
31744064,10,57857,109H,EPLEY-MARTIN 31I,"PIONEER NATURAL RES. USA, INC.",SPRABERRY (TREND AREA),202209,202303,7,19633.0,28589.0,24397.833333333332,9981.0,202209,202209,7
31744064,10,57857,109H,EPLEY-MARTIN 31I,"PIONEER NATURAL RES. USA, INC.",SPRABERRY (TREND AREA),202209,202304,8,17780.0,26580.0,22210.0,9981.0,202209,202209,8
31744064,10,57857,109H,EPLEY-MARTIN 31I,"PIONEER NATURAL RES. USA, INC.",SPRABERRY (TREND AREA),202209,202305,9,8925.0,14346.0,11316.0,9981.0,202209,202209,9
31744064,10,57857,109H,EPLEY-MARTIN 31I,"PIONEER NATURAL RES. USA, INC.",SPRABERRY (TREND AREA),202209,202306,10,9339.0,7883.0,10652.833333333334,9981.0,202209,202209,10
31744064,10,57857,109H,EPLEY-MARTIN 31I,"PIONEER NATURAL RES. USA, INC.",SPRABERRY (TREND AREA),202209,202307,11,16836.0,14753.0,19294.833333333332,9981.0,202209,202209,11
31744064,10,57857,109H,EPLEY-MARTIN 31I,"PIONEER NATURAL RES. USA, INC.",SPRABERRY (TREND AREA),202209,202308,12,14058.0,14184.0,16422.0,9981.0,202209,202209,12
31744064,10,57857,109H,EPLEY-MARTIN 31I,"PIONEER NATURAL RES. USA, INC.",SPRABERRY (TREND AREA),202209,202309,13,12007.0,12932.0,14162.333333333334,9981.0,202209,202209,13
31744064,10,57857,109H,EPLEY-MARTIN 31I,"PIONEER NATURAL RES. USA, INC.",SPRABERRY (TREND AREA),202209,202310,14,10841.0,12547.0,12932.166666666666,9981.0,202209,202209,14
31744064,10,57857,109H,EPLEY-MARTIN 31I,"PIONEER NATURAL RES. USA, INC.",SPRABERRY (TREND AREA),202209,202311,15,9658.0,12023.0,11661.833333333334,9981.0,202209,202209,15
31744064,10,57857,109H,EPLEY-MARTIN 31I,"PIONEER NATURAL RES. USA, INC.",SPRABERRY (TREND AREA),202209,202312,16,9544.0,13605.0,11811.5,9981.0,202209,202209,16
31744064,10,57857,109H,EPLEY-MARTIN 31I,"PIONEER NATURAL RES. USA, INC.",SPRABERRY (TREND AREA),202209,202401,17,7200.0,11294.0,9082.333333333334,9981.0,202209,202209,17
31744064,10,57857,109H,EPLEY-MARTIN 31I,"PIONEER NATURAL RES. USA, INC.",SPRABERRY (TREND AREA),202209,202402,18,6329.0,8665.0,7773.166666666667,9981.0,202209,202209,18
31744064,10,57857,109H,EPLEY-MARTIN 31I,"PIONEER NATURAL RES. USA, INC.",SPRABERRY (TREND AREA),202209,202403,19,7355.0,11254.0,9230.666666666666,9981.0,202209,202209,19
31744064,10,57857,109H,EPLEY-MARTIN 31I,"PIONEER NATURAL RES. USA, INC.",SPRABERRY (TREND AREA),202209,202404,20,7094.0,11642.0,9034.333333333334,9981.0,202209,202209,20
31744064,10,57857,109H,EPLEY-MARTIN 31I,"PIONEER NATURAL RES. USA, INC.",SPRABERRY (TREND AREA),202209,202405,21,6954.0,12262.0,8997.666666666666,9981.0,202209,202209,21
31744064,10,57857,109H,EPLEY-MARTIN 31I,"PIONEER NATURAL RES. USA, INC.",SPRABERRY (TREND AREA),202209,202406,22,6277.0,11410.0,8178.666666666667,9981.0,202209,202209,22
31744064,10,57857,109H,EPLEY-MARTIN 31I,"PIONEER NATURAL RES. USA, INC.",SPRABERRY (TREND AREA),202209,202407,23,6485.0,13218.0,8688.0,9981.0,202209,202209,23
31744064,10,57857,109H,EPLEY-MARTIN 31I,"PIONEER NATURAL RES. USA, INC.",SPRABERRY (TREND AREA),202209,202408,24,3252.0,6347.0,4309.833333333333,9981.0,202209,202209,24
31744064,10,57857,109H,EPLEY-MARTIN 31I,"PIONEER NATURAL RES. USA, INC.",SPRABERRY (TREND AREA),202209,202409,25,6249.0,10257.0,7958.5,9981.0,202209,202209,25
31744064,10,57857,109H,EPLEY-MARTIN 31I,"PIONEER NATURAL RES. USA, INC.",SPRABERRY (TREND AREA),202209,202410,26,6160.0,12816.0,8296.0,9981.0,202209,202209,26
31744064,10,57857,109H,EPLEY-MARTIN 31I,"PIONEER NATURAL RES. USA, INC.",SPRABERRY (TREND AREA),202209,202411,27,5532.0,12833.0,7670.833333333334,9981.0,202209,202209,27
31744064,10,57857,109H,EPLEY-MARTIN 31I,"PIONEER NATURAL RES. USA, INC.",SPRABERRY (TREND AREA),202209,202412,28,5665.0,14080.0,8011.666666666666,9981.0,202209,202209,28
31744064,10,57857,109H,EPLEY-MARTIN 31I,"PIONEER NATURAL RES. USA, INC.",SPRABERRY (TREND AREA),202209,202501,29,4808.0,12809.0,6942.833333333334,9981.0,202209,202209,29
31744064,10,57857,109H,EPLEY-MARTIN 31I,"PIONEER NATURAL RES. USA, INC.",SPRABERRY (TREND AREA),202209,202502,30,4186.0,11718.0,6139.0,9981.0,202209,202209,30
31744064,10,57857,109H,EPLEY-MARTIN 31I,"PIONEER NATURAL RES. USA, INC.",SPRABERRY (TREND AREA),202209,202503,31,3570.0,9284.0,5117.333333333333,9981.0,202209,202209,31
31744064,10,57857,109H,EPLEY-MARTIN 31I,"PIONEER NATURAL RES. USA, INC.",SPRABERRY (TREND AREA),202209,202504,32,2431.0,6395.0,3496.833333333333,9981.0,202209,202209,32
31744064,10,57857,109H,EPLEY-MARTIN 31I,"PIONEER NATURAL RES. USA, INC.",SPRABERRY (TREND AREA),202209,202505,33,2652.0,1471.0,2897.1666666666665,9981.0,202209,202209,33
31744064,10,57857,109H,EPLEY-MARTIN 31I,"PIONEER NATURAL RES. USA, INC.",SPRABERRY (TREND AREA),202209,202506,34,5676.0,4267.0,6387.166666666667,9981.0,202209,202209,34
31744064,10,57857,109H,EPLEY-MARTIN 31I,"PIONEER NATURAL RES. USA, INC.",SPRABERRY (TREND AREA),202209,202507,35,5862.0,7084.0,7042.666666666667,9981.0,202209,202209,35
31744064,10,57857,109H,EPLEY-MARTIN 31I,"PIONEER NATURAL RES. USA, INC.",SPRABERRY (TREND AREA),202209,202508,36,5191.0,8494.0,6606.666666666667,9981.0,202209,202209,36
31744064,10,57857,109H,EPLEY-MARTIN 31I,"PIONEER NATURAL RES. USA, INC.",SPRABERRY (TREND AREA),202209,202509,37,4931.0,9549.0,6522.5,9981.0,202209,202209,37
31744064,10,57857,109H,EPLEY-MARTIN 31I,"PIONEER NATURAL RES. USA, INC.",SPRABERRY (TREND AREA),202209,202510,38,5587.0,9932.0,7242.333333333333,9981.0,202209,202209,38
31744064,10,57857,109H,EPLEY-MARTIN 31I,"PIONEER NATURAL RES. USA, INC.",SPRABERRY (TREND AREA),202209,202511,39,3865.0,10148.0,5556.333333333333,9981.0,202209,202209,39
31744064,10,57857,109H,EPLEY-MARTIN 31I,"PIONEER NATURAL RES. USA, INC.",SPRABERRY (TREND AREA),202209,202512,40,3921.0,8529.0,5342.5,9981.0,202209,202209,40
31744064,10,57857,109H,EPLEY-MARTIN 31I,"PIONEER NATURAL RES. USA, INC.",SPRABERRY (TREND AREA),202209,202601,41,975.0,7863.0,2285.5,9981.0,202209,202209,41
31744064,10,57857,109H,EPLEY-MARTIN 31I,"PIONEER NATURAL RES. USA, INC.",SPRABERRY (TREND AREA),202209,202602,42,1879.0,5641.0,2819.1666666666665,9981.0,202209,202209,42
31744064,10,57857,109H,EPLEY-MARTIN 31I,"PIONEER NATURAL RES. USA, INC.",SPRABERRY (TREND AREA),202209,202603,43,2602.0,10272.0,4314.0,9981.0,202209,202209,43
31744064,10,57857,109H,EPLEY-MARTIN 31I,"PIONEER NATURAL RES. USA, INC.",SPRABERRY (TREND AREA),202209,202604,44,0.0,0.0,0.0,9981.0,202209,202209,44
31744064,10,57857,109H,EPLEY-MARTIN 31I,"PIONEER NATURAL RES. USA, INC.",SPRABERRY (TREND AREA),202209,202605,45,0.0,0.0,0.0,9981.0,202209,202209,45
31744064,10,57857,109H,EPLEY-MARTIN 31I,"PIONEER NATURAL RES. USA, INC.",SPRABERRY (TREND AREA),202209,202606,46,0.0,0.0,0.0,9981.0,202209,202209,46
31744066,10,58152,111H,EPLEY-MARTIN 31K,"PIONEER NATURAL RES. USA, INC.",SPRABERRY (TREND AREA),202209,202209,1,16140.0,17243.0,19013.833333333332,9781.0,202209,202209,1
31744066,10,58152,111H,EPLEY-MARTIN 31K,"PIONEER NATURAL RES. USA, INC.",SPRABERRY (TREND AREA),202209,202210,2,46861.0,44692.0,54309.666666666664,9781.0,202209,202209,2
31744066,10,58152,111H,EPLEY-MARTIN 31K,"PIONEER NATURAL RES. USA, INC.",SPRABERRY (TREND AREA),202209,202211,3,27311.0,26143.0,31668.166666666668,9781.0,202209,202209,3
31744066,10,58152,111H,EPLEY-MARTIN 31K,"PIONEER NATURAL RES. USA, INC.",SPRABERRY (TREND AREA),202209,202212,4,24773.0,29813.0,29741.833333333332,9781.0,202209,202209,4
31744066,10,58152,111H,EPLEY-MARTIN 31K,"PIONEER NATURAL RES. USA, INC.",SPRABERRY (TREND AREA),202209,202301,5,21690.0,31590.0,26955.0,9781.0,202209,202209,5
31744066,10,58152,111H,EPLEY-MARTIN 31K,"PIONEER NATURAL RES. USA, INC.",SPRABERRY (TREND AREA),202209,202302,6,14561.0,15813.0,17196.5,9781.0,202209,202209,6
31744066,10,58152,111H,EPLEY-MARTIN 31K,"PIONEER NATURAL RES. USA, INC.",SPRABERRY (TREND AREA),202209,202303,7,17193.0,25848.0,21501.0,9781.0,202209,202209,7
31744066,10,58152,111H,EPLEY-MARTIN 31K,"PIONEER NATURAL RES. USA, INC.",SPRABERRY (TREND AREA),202209,202304,8,13898.0,22670.0,17676.333333333332,9781.0,202209,202209,8
31744066,10,58152,111H,EPLEY-MARTIN 31K,"PIONEER NATURAL RES. USA, INC.",SPRABERRY (TREND AREA),202209,202305,9,5969.0,10276.0,7681.666666666667,9781.0,202209,202209,9
31744066,10,58152,111H,EPLEY-MARTIN 31K,"PIONEER NATURAL RES. USA, INC.",SPRABERRY (TREND AREA),202209,202306,10,5041.0,5890.0,6022.666666666667,9781.0,202209,202209,10
31744066,10,58152,111H,EPLEY-MARTIN 31K,"PIONEER NATURAL RES. USA, INC.",SPRABERRY (TREND AREA),202209,202307,11,7685.0,7281.0,8898.5,9781.0,202209,202209,11
31744066,10,58152,111H,EPLEY-MARTIN 31K,"PIONEER NATURAL RES. USA, INC.",SPRABERRY (TREND AREA),202209,202308,12,12688.0,7736.0,13977.333333333334,9781.0,202209,202209,12
31744066,10,58152,111H,EPLEY-MARTIN 31K,"PIONEER NATURAL RES. USA, INC.",SPRABERRY (TREND AREA),202209,202309,13,11847.0,10504.0,13597.666666666666,9781.0,202209,202209,13
31744066,10,58152,111H,EPLEY-MARTIN 31K,"PIONEER NATURAL RES. USA, INC.",SPRABERRY (TREND AREA),202209,202310,14,11358.0,9639.0,12964.5,9781.0,202209,202209,14
31744066,10,58152,111H,EPLEY-MARTIN 31K,"PIONEER NATURAL RES. USA, INC.",SPRABERRY (TREND AREA),202209,202311,15,10384.0,14417.0,12786.833333333334,9781.0,202209,202209,15
31744066,10,58152,111H,EPLEY-MARTIN 31K,"PIONEER NATURAL RES. USA, INC.",SPRABERRY (TREND AREA),202209,202312,16,9309.0,16759.0,12102.166666666666,9781.0,202209,202209,16
31744066,10,58152,111H,EPLEY-MARTIN 31K,"PIONEER NATURAL RES. USA, INC.",SPRABERRY (TREND AREA),202209,202401,17,7624.0,11990.0,9622.333333333334,9781.0,202209,202209,17
31744066,10,58152,111H,EPLEY-MARTIN 31K,"PIONEER NATURAL RES. USA, INC.",SPRABERRY (TREND AREA),202209,202402,18,5602.0,11482.0,7515.666666666667,9781.0,202209,202209,18
31744066,10,58152,111H,EPLEY-MARTIN 31K,"PIONEER NATURAL RES. USA, INC.",SPRABERRY (TREND AREA),202209,202403,19,7933.0,25876.0,12245.666666666668,9781.0,202209,202209,19
31744066,10,58152,111H,EPLEY-MARTIN 31K,"PIONEER NATURAL RES. USA, INC.",SPRABERRY (TREND AREA),202209,202404,20,7065.0,24096.0,11081.0,9781.0,202209,202209,20
31744066,10,58152,111H,EPLEY-MARTIN 31K,"PIONEER NATURAL RES. USA, INC.",SPRABERRY (TREND AREA),202209,202405,21,6565.0,23048.0,10406.333333333334,9781.0,202209,202209,21
31744066,10,58152,111H,EPLEY-MARTIN 31K,"PIONEER NATURAL RES. USA, INC.",SPRABERRY (TREND AREA),202209,202406,22,5793.0,21067.0,9304.166666666666,9781.0,202209,202209,22
31744066,10,58152,111H,EPLEY-MARTIN 31K,"PIONEER NATURAL RES. USA, INC.",SPRABERRY (TREND AREA),202209,202407,23,5861.0,22898.0,9677.333333333334,9781.0,202209,202209,23
31744066,10,58152,111H,EPLEY-MARTIN 31K,"PIONEER NATURAL RES. USA, INC.",SPRABERRY (TREND AREA),202209,202408,24,2926.0,11313.0,4811.5,9781.0,202209,202209,24
31744066,10,58152,111H,EPLEY-MARTIN 31K,"PIONEER NATURAL RES. USA, INC.",SPRABERRY (TREND AREA),202209,202409,25,5459.0,17699.0,8408.833333333334,9781.0,202209,202209,25
31744066,10,58152,111H,EPLEY-MARTIN 31K,"PIONEER NATURAL RES. USA, INC.",SPRABERRY (TREND AREA),202209,202410,26,5340.0,22195.0,9039.166666666666,9781.0,202209,202209,26
31744066,10,58152,111H,EPLEY-MARTIN 31K,"PIONEER NATURAL RES. USA, INC.",SPRABERRY (TREND AREA),202209,202411,27,4800.0,21705.0,8417.5,9781.0,202209,202209,27
31744066,10,58152,111H,EPLEY-MARTIN 31K,"PIONEER NATURAL RES. USA, INC.",SPRABERRY (TREND AREA),202209,202412,28,4706.0,21954.0,8365.0,9781.0,202209,202209,28
31744066,10,58152,111H,EPLEY-MARTIN 31K,"PIONEER NATURAL RES. USA, INC.",SPRABERRY (TREND AREA),202209,202501,29,4421.0,19436.0,7660.333333333334,9781.0,202209,202209,29
31744066,10,58152,111H,EPLEY-MARTIN 31K,"PIONEER NATURAL RES. USA, INC.",SPRABERRY (TREND AREA),202209,202502,30,3861.0,17712.0,6813.0,9781.0,202209,202209,30
31744066,10,58152,111H,EPLEY-MARTIN 31K,"PIONEER NATURAL RES. USA, INC.",SPRABERRY (TREND AREA),202209,202503,31,3190.0,14761.0,5650.166666666666,9781.0,202209,202209,31
31744066,10,58152,111H,EPLEY-MARTIN 31K,"PIONEER NATURAL RES. USA, INC.",SPRABERRY (TREND AREA),202209,202504,32,2999.0,12062.0,5009.333333333333,9781.0,202209,202209,32
31744066,10,58152,111H,EPLEY-MARTIN 31K,"PIONEER NATURAL RES. USA, INC.",SPRABERRY (TREND AREA),202209,202505,33,3372.0,10020.0,5042.0,9781.0,202209,202209,33
31744066,10,58152,111H,EPLEY-MARTIN 31K,"PIONEER NATURAL RES. USA, INC.",SPRABERRY (TREND AREA),202209,202506,34,3643.0,16756.0,6435.666666666666,9781.0,202209,202209,34
31744066,10,58152,111H,EPLEY-MARTIN 31K,"PIONEER NATURAL RES. USA, INC.",SPRABERRY (TREND AREA),202209,202507,35,4005.0,22846.0,7812.666666666666,9781.0,202209,202209,35
31744066,10,58152,111H,EPLEY-MARTIN 31K,"PIONEER NATURAL RES. USA, INC.",SPRABERRY (TREND AREA),202209,202508,36,3508.0,20733.0,6963.5,9781.0,202209,202209,36
31744066,10,58152,111H,EPLEY-MARTIN 31K,"PIONEER NATURAL RES. USA, INC.",SPRABERRY (TREND AREA),202209,202509,37,3848.0,25823.0,8151.833333333333,9781.0,202209,202209,37
31744066,10,58152,111H,EPLEY-MARTIN 31K,"PIONEER NATURAL RES. USA, INC.",SPRABERRY (TREND AREA),202209,202510,38,3495.0,21216.0,7031.0,9781.0,202209,202209,38
31744066,10,58152,111H,EPLEY-MARTIN 31K,"PIONEER NATURAL RES. USA, INC.",SPRABERRY (TREND AREA),202209,202511,39,2461.0,16848.0,5269.0,9781.0,202209,202209,39
31744066,10,58152,111H,EPLEY-MARTIN 31K,"PIONEER NATURAL RES. USA, INC.",SPRABERRY (TREND AREA),202209,202512,40,2177.0,16227.0,4881.5,9781.0,202209,202209,40
31744066,10,58152,111H,EPLEY-MARTIN 31K,"PIONEER NATURAL RES. USA, INC.",SPRABERRY (TREND AREA),202209,202601,41,1592.0,9400.0,3158.666666666667,9781.0,202209,202209,41
31744066,10,58152,111H,EPLEY-MARTIN 31K,"PIONEER NATURAL RES. USA, INC.",SPRABERRY (TREND AREA),202209,202602,42,1973.0,4416.0,2709.0,9781.0,202209,202209,42
31744066,10,58152,111H,EPLEY-MARTIN 31K,"PIONEER NATURAL RES. USA, INC.",SPRABERRY (TREND AREA),202209,202603,43,2652.0,13483.0,4899.166666666666,9781.0,202209,202209,43
31744066,10,58152,111H,EPLEY-MARTIN 31K,"PIONEER NATURAL RES. USA, INC.",SPRABERRY (TREND AREA),202209,202604,44,0.0,0.0,0.0,9781.0,202209,202209,44
31744066,10,58152,111H,EPLEY-MARTIN 31K,"PIONEER NATURAL RES. USA, INC.",SPRABERRY (TREND AREA),202209,202605,45,0.0,0.0,0.0,9781.0,202209,202209,45
31744066,10,58152,111H,EPLEY-MARTIN 31K,"PIONEER NATURAL RES. USA, INC.",SPRABERRY (TREND AREA),202209,202606,46,0.0,0.0,0.0,9781.0,202209,202209,46
31744067,10,59230,206H,DAVIS-LACY 31F,"PIONEER NATURAL RES. USA, INC.",SPRABERRY (TREND AREA),202301,202307,1,14911.0,14269.0,17289.166666666668,9861.0,202301,202307,7
31744067,10,59230,206H,DAVIS-LACY 31F,"PIONEER NATURAL RES. USA, INC.",SPRABERRY (TREND AREA),202301,202308,2,19529.0,18141.0,22552.5,9861.0,202301,202307,8
31744067,10,59230,206H,DAVIS-LACY 31F,"PIONEER NATURAL RES. USA, INC.",SPRABERRY (TREND AREA),202301,202309,3,22265.0,19380.0,25495.0,9861.0,202301,202307,9
31744067,10,59230,206H,DAVIS-LACY 31F,"PIONEER NATURAL RES. USA, INC.",SPRABERRY (TREND AREA),202301,202310,4,22841.0,21969.0,26502.5,9861.0,202301,202307,10
31744067,10,59230,206H,DAVIS-LACY 31F,"PIONEER NATURAL RES. USA, INC.",SPRABERRY (TREND AREA),202301,202311,5,22008.0,27417.0,26577.5,9861.0,202301,202307,11
31744067,10,59230,206H,DAVIS-LACY 31F,"PIONEER NATURAL RES. USA, INC.",SPRABERRY (TREND AREA),202301,202312,6,21626.0,36271.0,27671.166666666668,9861.0,202301,202307,12
31744067,10,59230,206H,DAVIS-LACY 31F,"PIONEER NATURAL RES. USA, INC.",SPRABERRY (TREND AREA),202301,202401,7,19599.0,39295.0,26148.166666666668,9861.0,202301,202307,13
31744067,10,59230,206H,DAVIS-LACY 31F,"PIONEER NATURAL RES. USA, INC.",SPRABERRY (TREND AREA),202301,202402,8,13941.0,31533.0,19196.5,9861.0,202301,202307,14
31744067,10,59230,206H,DAVIS-LACY 31F,"PIONEER NATURAL RES. USA, INC.",SPRABERRY (TREND AREA),202301,202403,9,3712.0,3734.0,4334.333333333333,9861.0,202301,202307,15
31744067,10,59230,206H,DAVIS-LACY 31F,"PIONEER NATURAL RES. USA, INC.",SPRABERRY (TREND AREA),202301,202404,10,9246.0,11788.0,11210.666666666666,9861.0,202301,202307,16
31744067,10,59230,206H,DAVIS-LACY 31F,"PIONEER NATURAL RES. USA, INC.",SPRABERRY (TREND AREA),202301,202405,11,12039.0,21720.0,15659.0,9861.0,202301,202307,17
31744067,10,59230,206H,DAVIS-LACY 31F,"PIONEER NATURAL RES. USA, INC.",SPRABERRY (TREND AREA),202301,202406,12,13330.0,31530.0,18585.0,9861.0,202301,202307,18
31744067,10,59230,206H,DAVIS-LACY 31F,"PIONEER NATURAL RES. USA, INC.",SPRABERRY (TREND AREA),202301,202407,13,11857.0,33127.0,17378.166666666668,9861.0,202301,202307,19
31744067,10,59230,206H,DAVIS-LACY 31F,"PIONEER NATURAL RES. USA, INC.",SPRABERRY (TREND AREA),202301,202408,14,6643.0,16838.0,9449.333333333334,9861.0,202301,202307,20
31744067,10,59230,206H,DAVIS-LACY 31F,"PIONEER NATURAL RES. USA, INC.",SPRABERRY (TREND AREA),202301,202409,15,11650.0,31055.0,16825.833333333332,9861.0,202301,202307,21
31744067,10,59230,206H,DAVIS-LACY 31F,"PIONEER NATURAL RES. USA, INC.",SPRABERRY (TREND AREA),202301,202410,16,8570.0,29052.0,13412.0,9861.0,202301,202307,22
31744067,10,59230,206H,DAVIS-LACY 31F,"PIONEER NATURAL RES. USA, INC.",SPRABERRY (TREND AREA),202301,202411,17,8355.0,29205.0,13222.5,9861.0,202301,202307,23
31744067,10,59230,206H,DAVIS-LACY 31F,"PIONEER NATURAL RES. USA, INC.",SPRABERRY (TREND AREA),202301,202412,18,7374.0,27794.0,12006.333333333332,9861.0,202301,202307,24
31744067,10,59230,206H,DAVIS-LACY 31F,"PIONEER NATURAL RES. USA, INC.",SPRABERRY (TREND AREA),202301,202501,19,5866.0,22460.0,9609.333333333334,9861.0,202301,202307,25
31744067,10,59230,206H,DAVIS-LACY 31F,"PIONEER NATURAL RES. USA, INC.",SPRABERRY (TREND AREA),202301,202502,20,3691.0,15922.0,6344.666666666666,9861.0,202301,202307,26
31744067,10,59230,206H,DAVIS-LACY 31F,"PIONEER NATURAL RES. USA, INC.",SPRABERRY (TREND AREA),202301,202503,21,3369.0,12512.0,5454.333333333334,9861.0,202301,202307,27
31744067,10,59230,206H,DAVIS-LACY 31F,"PIONEER NATURAL RES. USA, INC.",SPRABERRY (TREND AREA),202301,202504,22,4202.0,15372.0,6764.0,9861.0,202301,202307,28
31744067,10,59230,206H,DAVIS-LACY 31F,"PIONEER NATURAL RES. USA, INC.",SPRABERRY (TREND AREA),202301,202505,23,3658.0,15497.0,6240.833333333334,9861.0,202301,202307,29
31744067,10,59230,206H,DAVIS-LACY 31F,"PIONEER NATURAL RES. USA, INC.",SPRABERRY (TREND AREA),202301,202506,24,3993.0,19704.0,7277.0,9861.0,202301,202307,30
31744067,10,59230,206H,DAVIS-LACY 31F,"PIONEER NATURAL RES. USA, INC.",SPRABERRY (TREND AREA),202301,202507,25,4420.0,21208.0,7954.666666666666,9861.0,202301,202307,31
31744067,10,59230,206H,DAVIS-LACY 31F,"PIONEER NATURAL RES. USA, INC.",SPRABERRY (TREND AREA),202301,202508,26,4617.0,19093.0,7799.166666666666,9861.0,202301,202307,32
31744067,10,59230,206H,DAVIS-LACY 31F,"PIONEER NATURAL RES. USA, INC.",SPRABERRY (TREND AREA),202301,202509,27,4566.0,19465.0,7810.166666666666,9861.0,202301,202307,33
31744067,10,59230,206H,DAVIS-LACY 31F,"PIONEER NATURAL RES. USA, INC.",SPRABERRY (TREND AREA),202301,202510,28,3632.0,15761.0,6258.833333333334,9861.0,202301,202307,34
31744067,10,59230,206H,DAVIS-LACY 31F,"PIONEER NATURAL RES. USA, INC.",SPRABERRY (TREND AREA),202301,202511,29,3373.0,11344.0,5263.666666666667,9861.0,202301,202307,35
31744067,10,59230,206H,DAVIS-LACY 31F,"PIONEER NATURAL RES. USA, INC.",SPRABERRY (TREND AREA),202301,202512,30,4680.0,19343.0,7903.833333333334,9861.0,202301,202307,36
31744067,10,59230,206H,DAVIS-LACY 31F,"PIONEER NATURAL RES. USA, INC.",SPRABERRY (TREND AREA),202301,202601,31,4483.0,25081.0,8663.166666666668,9861.0,202301,202307,37
31744067,10,59230,206H,DAVIS-LACY 31F,"PIONEER NATURAL RES. USA, INC.",SPRABERRY (TREND AREA),202301,202602,32,4299.0,25729.0,8587.166666666668,9861.0,202301,202307,38
31744067,10,59230,206H,DAVIS-LACY 31F,"PIONEER NATURAL RES. USA, INC.",SPRABERRY (TREND AREA),202301,202603,33,4169.0,24186.0,8200.0,9861.0,202301,202307,39
31744067,10,59230,206H,DAVIS-LACY 31F,"PIONEER NATURAL RES. USA, INC.",SPRABERRY (TREND AREA),202301,202604,34,0.0,0.0,0.0,9861.0,202301,202307,40
31744067,10,59230,206H,DAVIS-LACY 31F,"PIONEER NATURAL RES. USA, INC.",SPRABERRY (TREND AREA),202301,202605,35,0.0,0.0,0.0,9861.0,202301,202307,41
31744067,10,59230,206H,DAVIS-LACY 31F,"PIONEER NATURAL RES. USA, INC.",SPRABERRY (TREND AREA),202301,202606,36,0.0,0.0,0.0,9861.0,202301,202307,42
31744068,10,59240,205H,DAVIS-LACY 31E,"PIONEER NATURAL RES. USA, INC.",SPRABERRY (TREND AREA),202302,202307,1,29802.0,25166.0,33996.333333333336,10039.0,202302,202307,6
31744068,10,59240,205H,DAVIS-LACY 31E,"PIONEER NATURAL RES. USA, INC.",SPRABERRY (TREND AREA),202302,202308,2,39631.0,36374.0,45693.333333333336,10039.0,202302,202307,7
31744068,10,59240,205H,DAVIS-LACY 31E,"PIONEER NATURAL RES. USA, INC.",SPRABERRY (TREND AREA),202302,202309,3,41943.0,44026.0,49280.666666666664,10039.0,202302,202307,8
31744068,10,59240,205H,DAVIS-LACY 31E,"PIONEER NATURAL RES. USA, INC.",SPRABERRY (TREND AREA),202302,202310,4,33468.0,40821.0,40271.5,10039.0,202302,202307,9
31744068,10,59240,205H,DAVIS-LACY 31E,"PIONEER NATURAL RES. USA, INC.",SPRABERRY (TREND AREA),202302,202311,5,26936.0,35750.0,32894.333333333336,10039.0,202302,202307,10
31744068,10,59240,205H,DAVIS-LACY 31E,"PIONEER NATURAL RES. USA, INC.",SPRABERRY (TREND AREA),202302,202312,6,21831.0,35972.0,27826.333333333332,10039.0,202302,202307,11
31744068,10,59240,205H,DAVIS-LACY 31E,"PIONEER NATURAL RES. USA, INC.",SPRABERRY (TREND AREA),202302,202401,7,16812.0,30530.0,21900.333333333332,10039.0,202302,202307,12
31744068,10,59240,205H,DAVIS-LACY 31E,"PIONEER NATURAL RES. USA, INC.",SPRABERRY (TREND AREA),202302,202402,8,12983.0,25845.0,17290.5,10039.0,202302,202307,13
31744068,10,59240,205H,DAVIS-LACY 31E,"PIONEER NATURAL RES. USA, INC.",SPRABERRY (TREND AREA),202302,202403,9,11336.0,25047.0,15510.5,10039.0,202302,202307,14
31744068,10,59240,205H,DAVIS-LACY 31E,"PIONEER NATURAL RES. USA, INC.",SPRABERRY (TREND AREA),202302,202404,10,6174.0,13340.0,8397.333333333334,10039.0,202302,202307,15
31744068,10,59240,205H,DAVIS-LACY 31E,"PIONEER NATURAL RES. USA, INC.",SPRABERRY (TREND AREA),202302,202405,11,13370.0,26188.0,17734.666666666668,10039.0,202302,202307,16
31744068,10,59240,205H,DAVIS-LACY 31E,"PIONEER NATURAL RES. USA, INC.",SPRABERRY (TREND AREA),202302,202406,12,9470.0,24345.0,13527.5,10039.0,202302,202307,17
31744068,10,59240,205H,DAVIS-LACY 31E,"PIONEER NATURAL RES. USA, INC.",SPRABERRY (TREND AREA),202302,202407,13,8276.0,23620.0,12212.666666666666,10039.0,202302,202307,18
31744068,10,59240,205H,DAVIS-LACY 31E,"PIONEER NATURAL RES. USA, INC.",SPRABERRY (TREND AREA),202302,202408,14,4820.0,12593.0,6918.833333333334,10039.0,202302,202307,19
31744068,10,59240,205H,DAVIS-LACY 31E,"PIONEER NATURAL RES. USA, INC.",SPRABERRY (TREND AREA),202302,202409,15,9087.0,21661.0,12697.166666666666,10039.0,202302,202307,20
31744068,10,59240,205H,DAVIS-LACY 31E,"PIONEER NATURAL RES. USA, INC.",SPRABERRY (TREND AREA),202302,202410,16,6868.0,21484.0,10448.666666666666,10039.0,202302,202307,21
31744068,10,59240,205H,DAVIS-LACY 31E,"PIONEER NATURAL RES. USA, INC.",SPRABERRY (TREND AREA),202302,202411,17,5410.0,19151.0,8601.833333333334,10039.0,202302,202307,22
31744068,10,59240,205H,DAVIS-LACY 31E,"PIONEER NATURAL RES. USA, INC.",SPRABERRY (TREND AREA),202302,202412,18,4867.0,19369.0,8095.166666666666,10039.0,202302,202307,23
31744068,10,59240,205H,DAVIS-LACY 31E,"PIONEER NATURAL RES. USA, INC.",SPRABERRY (TREND AREA),202302,202501,19,4238.0,17132.0,7093.333333333334,10039.0,202302,202307,24
31744068,10,59240,205H,DAVIS-LACY 31E,"PIONEER NATURAL RES. USA, INC.",SPRABERRY (TREND AREA),202302,202502,20,3765.0,15264.0,6309.0,10039.0,202302,202307,25
31744068,10,59240,205H,DAVIS-LACY 31E,"PIONEER NATURAL RES. USA, INC.",SPRABERRY (TREND AREA),202302,202503,21,3910.0,13874.0,6222.333333333334,10039.0,202302,202307,26
31744068,10,59240,205H,DAVIS-LACY 31E,"PIONEER NATURAL RES. USA, INC.",SPRABERRY (TREND AREA),202302,202504,22,4094.0,15126.0,6615.0,10039.0,202302,202307,27
31744068,10,59240,205H,DAVIS-LACY 31E,"PIONEER NATURAL RES. USA, INC.",SPRABERRY (TREND AREA),202302,202505,23,4566.0,16403.0,7299.833333333334,10039.0,202302,202307,28
31744068,10,59240,205H,DAVIS-LACY 31E,"PIONEER NATURAL RES. USA, INC.",SPRABERRY (TREND AREA),202302,202506,24,2883.0,15667.0,5494.166666666666,10039.0,202302,202307,29
31744068,10,59240,205H,DAVIS-LACY 31E,"PIONEER NATURAL RES. USA, INC.",SPRABERRY (TREND AREA),202302,202507,25,1661.0,7464.0,2905.0,10039.0,202302,202307,30
31744068,10,59240,205H,DAVIS-LACY 31E,"PIONEER NATURAL RES. USA, INC.",SPRABERRY (TREND AREA),202302,202508,26,2637.0,12308.0,4688.333333333334,10039.0,202302,202307,31
31744068,10,59240,205H,DAVIS-LACY 31E,"PIONEER NATURAL RES. USA, INC.",SPRABERRY (TREND AREA),202302,202509,27,4493.0,15232.0,7031.666666666666,10039.0,202302,202307,32
31744068,10,59240,205H,DAVIS-LACY 31E,"PIONEER NATURAL RES. USA, INC.",SPRABERRY (TREND AREA),202302,202510,28,4077.0,12548.0,6168.333333333334,10039.0,202302,202307,33
31744068,10,59240,205H,DAVIS-LACY 31E,"PIONEER NATURAL RES. USA, INC.",SPRABERRY (TREND AREA),202302,202511,29,3765.0,15175.0,6294.166666666666,10039.0,202302,202307,34
31744068,10,59240,205H,DAVIS-LACY 31E,"PIONEER NATURAL RES. USA, INC.",SPRABERRY (TREND AREA),202302,202512,30,3134.0,17074.0,5979.666666666666,10039.0,202302,202307,35
31744068,10,59240,205H,DAVIS-LACY 31E,"PIONEER NATURAL RES. USA, INC.",SPRABERRY (TREND AREA),202302,202601,31,2684.0,18481.0,5764.166666666666,10039.0,202302,202307,36
31744068,10,59240,205H,DAVIS-LACY 31E,"PIONEER NATURAL RES. USA, INC.",SPRABERRY (TREND AREA),202302,202602,32,2152.0,14308.0,4536.666666666666,10039.0,202302,202307,37
31744068,10,59240,205H,DAVIS-LACY 31E,"PIONEER NATURAL RES. USA, INC.",SPRABERRY (TREND AREA),202302,202603,33,2046.0,13163.0,4239.833333333334,10039.0,202302,202307,38
31744068,10,59240,205H,DAVIS-LACY 31E,"PIONEER NATURAL RES. USA, INC.",SPRABERRY (TREND AREA),202302,202604,34,0.0,0.0,0.0,10039.0,202302,202307,39
31744068,10,59240,205H,DAVIS-LACY 31E,"PIONEER NATURAL RES. USA, INC.",SPRABERRY (TREND AREA),202302,202605,35,0.0,0.0,0.0,10039.0,202302,202307,40
31744068,10,59240,205H,DAVIS-LACY 31E,"PIONEER NATURAL RES. USA, INC.",SPRABERRY (TREND AREA),202302,202606,36,0.0,0.0,0.0,10039.0,202302,202307,41
31744069,10,59233,204H,DAVIS-LACY 31D,"PIONEER NATURAL RES. USA, INC.",SPRABERRY (TREND AREA),202212,202307,1,6759.0,2987.0,7256.833333333333,9883.0,202212,202307,8
31744069,10,59233,204H,DAVIS-LACY 31D,"PIONEER NATURAL RES. USA, INC.",SPRABERRY (TREND AREA),202212,202308,2,13702.0,9789.0,15333.5,9883.0,202212,202307,9
31744069,10,59233,204H,DAVIS-LACY 31D,"PIONEER NATURAL RES. USA, INC.",SPRABERRY (TREND AREA),202212,202309,3,10343.0,6690.0,11458.0,9883.0,202212,202307,10
31744069,10,59233,204H,DAVIS-LACY 31D,"PIONEER NATURAL RES. USA, INC.",SPRABERRY (TREND AREA),202212,202310,4,5904.0,3411.0,6472.5,9883.0,202212,202307,11
31744069,10,59233,204H,DAVIS-LACY 31D,"PIONEER NATURAL RES. USA, INC.",SPRABERRY (TREND AREA),202212,202311,5,7434.0,4271.0,8145.833333333333,9883.0,202212,202307,12
31744069,10,59233,204H,DAVIS-LACY 31D,"PIONEER NATURAL RES. USA, INC.",SPRABERRY (TREND AREA),202212,202312,6,14228.0,14401.0,16628.166666666668,9883.0,202212,202307,13
31744069,10,59233,204H,DAVIS-LACY 31D,"PIONEER NATURAL RES. USA, INC.",SPRABERRY (TREND AREA),202212,202401,7,13900.0,22113.0,17585.5,9883.0,202212,202307,14
31744069,10,59233,204H,DAVIS-LACY 31D,"PIONEER NATURAL RES. USA, INC.",SPRABERRY (TREND AREA),202212,202402,8,7789.0,17808.0,10757.0,9883.0,202212,202307,15
31744069,10,59233,204H,DAVIS-LACY 31D,"PIONEER NATURAL RES. USA, INC.",SPRABERRY (TREND AREA),202212,202403,9,10239.0,16916.0,13058.333333333334,9883.0,202212,202307,16
31744069,10,59233,204H,DAVIS-LACY 31D,"PIONEER NATURAL RES. USA, INC.",SPRABERRY (TREND AREA),202212,202404,10,9294.0,16080.0,11974.0,9883.0,202212,202307,17
31744069,10,59233,204H,DAVIS-LACY 31D,"PIONEER NATURAL RES. USA, INC.",SPRABERRY (TREND AREA),202212,202405,11,7865.0,15040.0,10371.666666666666,9883.0,202212,202307,18
31744069,10,59233,204H,DAVIS-LACY 31D,"PIONEER NATURAL RES. USA, INC.",SPRABERRY (TREND AREA),202212,202406,12,3280.0,9346.0,4837.666666666667,9883.0,202212,202307,19
31744069,10,59233,204H,DAVIS-LACY 31D,"PIONEER NATURAL RES. USA, INC.",SPRABERRY (TREND AREA),202212,202407,13,566.0,767.0,693.8333333333334,9883.0,202212,202307,20
31744069,10,59233,204H,DAVIS-LACY 31D,"PIONEER NATURAL RES. USA, INC.",SPRABERRY (TREND AREA),202212,202408,14,8540.0,14320.0,10926.666666666666,9883.0,202212,202307,21
31744069,10,59233,204H,DAVIS-LACY 31D,"PIONEER NATURAL RES. USA, INC.",SPRABERRY (TREND AREA),202212,202409,15,7005.0,16515.0,9757.5,9883.0,202212,202307,22
31744069,10,59233,204H,DAVIS-LACY 31D,"PIONEER NATURAL RES. USA, INC.",SPRABERRY (TREND AREA),202212,202410,16,6852.0,17111.0,9703.833333333334,9883.0,202212,202307,23
31744069,10,59233,204H,DAVIS-LACY 31D,"PIONEER NATURAL RES. USA, INC.",SPRABERRY (TREND AREA),202212,202411,17,5757.0,16428.0,8495.0,9883.0,202212,202307,24
31744069,10,59233,204H,DAVIS-LACY 31D,"PIONEER NATURAL RES. USA, INC.",SPRABERRY (TREND AREA),202212,202412,18,5373.0,15376.0,7935.666666666666,9883.0,202212,202307,25
31744069,10,59233,204H,DAVIS-LACY 31D,"PIONEER NATURAL RES. USA, INC.",SPRABERRY (TREND AREA),202212,202501,19,4520.0,15442.0,7093.666666666666,9883.0,202212,202307,26
31744069,10,59233,204H,DAVIS-LACY 31D,"PIONEER NATURAL RES. USA, INC.",SPRABERRY (TREND AREA),202212,202502,20,3809.0,12687.0,5923.5,9883.0,202212,202307,27
31744069,10,59233,204H,DAVIS-LACY 31D,"PIONEER NATURAL RES. USA, INC.",SPRABERRY (TREND AREA),202212,202503,21,3525.0,9974.0,5187.333333333333,9883.0,202212,202307,28
31744069,10,59233,204H,DAVIS-LACY 31D,"PIONEER NATURAL RES. USA, INC.",SPRABERRY (TREND AREA),202212,202504,22,3420.0,10763.0,5213.833333333333,9883.0,202212,202307,29
31744069,10,59233,204H,DAVIS-LACY 31D,"PIONEER NATURAL RES. USA, INC.",SPRABERRY (TREND AREA),202212,202505,23,3283.0,10957.0,5109.166666666667,9883.0,202212,202307,30
31744069,10,59233,204H,DAVIS-LACY 31D,"PIONEER NATURAL RES. USA, INC.",SPRABERRY (TREND AREA),202212,202506,24,2977.0,13017.0,5146.5,9883.0,202212,202307,31
31744069,10,59233,204H,DAVIS-LACY 31D,"PIONEER NATURAL RES. USA, INC.",SPRABERRY (TREND AREA),202212,202507,25,1817.0,7810.0,3118.666666666667,9883.0,202212,202307,32
31744069,10,59233,204H,DAVIS-LACY 31D,"PIONEER NATURAL RES. USA, INC.",SPRABERRY (TREND AREA),202212,202508,26,2723.0,12191.0,4754.833333333333,9883.0,202212,202307,33
31744069,10,59233,204H,DAVIS-LACY 31D,"PIONEER NATURAL RES. USA, INC.",SPRABERRY (TREND AREA),202212,202509,27,2381.0,12119.0,4400.833333333333,9883.0,202212,202307,34
31744069,10,59233,204H,DAVIS-LACY 31D,"PIONEER NATURAL RES. USA, INC.",SPRABERRY (TREND AREA),202212,202510,28,1912.0,10350.0,3637.0,9883.0,202212,202307,35
31744069,10,59233,204H,DAVIS-LACY 31D,"PIONEER NATURAL RES. USA, INC.",SPRABERRY (TREND AREA),202212,202511,29,2261.0,11608.0,4195.666666666667,9883.0,202212,202307,36
31744069,10,59233,204H,DAVIS-LACY 31D,"PIONEER NATURAL RES. USA, INC.",SPRABERRY (TREND AREA),202212,202512,30,1387.0,5932.0,2375.6666666666665,9883.0,202212,202307,37
31744069,10,59233,204H,DAVIS-LACY 31D,"PIONEER NATURAL RES. USA, INC.",SPRABERRY (TREND AREA),202212,202601,31,100.0,645.0,207.5,9883.0,202212,202307,38
31744069,10,59233,204H,DAVIS-LACY 31D,"PIONEER NATURAL RES. USA, INC.",SPRABERRY (TREND AREA),202212,202602,32,41.0,257.0,83.83333333333334,9883.0,202212,202307,39
31744069,10,59233,204H,DAVIS-LACY 31D,"PIONEER NATURAL RES. USA, INC.",SPRABERRY (TREND AREA),202212,202603,33,102.0,644.0,209.33333333333331,9883.0,202212,202307,40
31744069,10,59233,204H,DAVIS-LACY 31D,"PIONEER NATURAL RES. USA, INC.",SPRABERRY (TREND AREA),202212,202604,34,0.0,0.0,0.0,9883.0,202212,202307,41
31744069,10,59233,204H,DAVIS-LACY 31D,"PIONEER NATURAL RES. USA, INC.",SPRABERRY (TREND AREA),202212,202605,35,0.0,0.0,0.0,9883.0,202212,202307,42
31744069,10,59233,204H,DAVIS-LACY 31D,"PIONEER NATURAL RES. USA, INC.",SPRABERRY (TREND AREA),202212,202606,36,0.0,0.0,0.0,9883.0,202212,202307,43
31744070,10,59231,203H,DAVIS-LACY 31C,"PIONEER NATURAL RES. USA, INC.",SPRABERRY (TREND AREA),202301,202307,1,30053.0,23855.0,34028.833333333336,10030.0,202301,202307,7
31744070,10,59231,203H,DAVIS-LACY 31C,"PIONEER NATURAL RES. USA, INC.",SPRABERRY (TREND AREA),202301,202308,2,32538.0,27028.0,37042.666666666664,10030.0,202301,202307,8
31744070,10,59231,203H,DAVIS-LACY 31C,"PIONEER NATURAL RES. USA, INC.",SPRABERRY (TREND AREA),202301,202309,3,25928.0,29215.0,30797.166666666668,10030.0,202301,202307,9
31744070,10,59231,203H,DAVIS-LACY 31C,"PIONEER NATURAL RES. USA, INC.",SPRABERRY (TREND AREA),202301,202310,4,19735.0,29450.0,24643.333333333332,10030.0,202301,202307,10
31744070,10,59231,203H,DAVIS-LACY 31C,"PIONEER NATURAL RES. USA, INC.",SPRABERRY (TREND AREA),202301,202311,5,15444.0,27003.0,19944.5,10030.0,202301,202307,11
31744070,10,59231,203H,DAVIS-LACY 31C,"PIONEER NATURAL RES. USA, INC.",SPRABERRY (TREND AREA),202301,202312,6,11928.0,24863.0,16071.833333333332,10030.0,202301,202307,12
31744070,10,59231,203H,DAVIS-LACY 31C,"PIONEER NATURAL RES. USA, INC.",SPRABERRY (TREND AREA),202301,202401,7,9941.0,24278.0,13987.333333333334,10030.0,202301,202307,13
31744070,10,59231,203H,DAVIS-LACY 31C,"PIONEER NATURAL RES. USA, INC.",SPRABERRY (TREND AREA),202301,202402,8,7994.0,21817.0,11630.166666666666,10030.0,202301,202307,14
31744070,10,59231,203H,DAVIS-LACY 31C,"PIONEER NATURAL RES. USA, INC.",SPRABERRY (TREND AREA),202301,202403,9,7298.0,22102.0,10981.666666666666,10030.0,202301,202307,15
31744070,10,59231,203H,DAVIS-LACY 31C,"PIONEER NATURAL RES. USA, INC.",SPRABERRY (TREND AREA),202301,202404,10,6809.0,19588.0,10073.666666666666,10030.0,202301,202307,16
31744070,10,59231,203H,DAVIS-LACY 31C,"PIONEER NATURAL RES. USA, INC.",SPRABERRY (TREND AREA),202301,202405,11,6033.0,16538.0,8789.333333333334,10030.0,202301,202307,17
31744070,10,59231,203H,DAVIS-LACY 31C,"PIONEER NATURAL RES. USA, INC.",SPRABERRY (TREND AREA),202301,202406,12,5619.0,16073.0,8297.833333333334,10030.0,202301,202307,18
31744070,10,59231,203H,DAVIS-LACY 31C,"PIONEER NATURAL RES. USA, INC.",SPRABERRY (TREND AREA),202301,202407,13,5144.0,15373.0,7706.166666666666,10030.0,202301,202307,19
31744070,10,59231,203H,DAVIS-LACY 31C,"PIONEER NATURAL RES. USA, INC.",SPRABERRY (TREND AREA),202301,202408,14,3382.0,8411.0,4783.833333333333,10030.0,202301,202307,20
31744070,10,59231,203H,DAVIS-LACY 31C,"PIONEER NATURAL RES. USA, INC.",SPRABERRY (TREND AREA),202301,202409,15,5019.0,14172.0,7381.0,10030.0,202301,202307,21
31744070,10,59231,203H,DAVIS-LACY 31C,"PIONEER NATURAL RES. USA, INC.",SPRABERRY (TREND AREA),202301,202410,16,3953.0,13346.0,6177.333333333334,10030.0,202301,202307,22
31744070,10,59231,203H,DAVIS-LACY 31C,"PIONEER NATURAL RES. USA, INC.",SPRABERRY (TREND AREA),202301,202411,17,3165.0,11211.0,5033.5,10030.0,202301,202307,23
31744070,10,59231,203H,DAVIS-LACY 31C,"PIONEER NATURAL RES. USA, INC.",SPRABERRY (TREND AREA),202301,202412,18,3026.0,12192.0,5058.0,10030.0,202301,202307,24
31744070,10,59231,203H,DAVIS-LACY 31C,"PIONEER NATURAL RES. USA, INC.",SPRABERRY (TREND AREA),202301,202501,19,2922.0,11539.0,4845.166666666667,10030.0,202301,202307,25
31744070,10,59231,203H,DAVIS-LACY 31C,"PIONEER NATURAL RES. USA, INC.",SPRABERRY (TREND AREA),202301,202502,20,2799.0,10468.0,4543.666666666667,10030.0,202301,202307,26
31744070,10,59231,203H,DAVIS-LACY 31C,"PIONEER NATURAL RES. USA, INC.",SPRABERRY (TREND AREA),202301,202503,21,1710.0,8466.0,3121.0,10030.0,202301,202307,27
31744070,10,59231,203H,DAVIS-LACY 31C,"PIONEER NATURAL RES. USA, INC.",SPRABERRY (TREND AREA),202301,202504,22,2442.0,9941.0,4098.833333333333,10030.0,202301,202307,28
31744070,10,59231,203H,DAVIS-LACY 31C,"PIONEER NATURAL RES. USA, INC.",SPRABERRY (TREND AREA),202301,202505,23,2210.0,10236.0,3916.0,10030.0,202301,202307,29
31744070,10,59231,203H,DAVIS-LACY 31C,"PIONEER NATURAL RES. USA, INC.",SPRABERRY (TREND AREA),202301,202506,24,942.0,4970.0,1770.3333333333335,10030.0,202301,202307,30
31744070,10,59231,203H,DAVIS-LACY 31C,"PIONEER NATURAL RES. USA, INC.",SPRABERRY (TREND AREA),202301,202507,25,2537.0,7358.0,3763.333333333333,10030.0,202301,202307,31
31744070,10,59231,203H,DAVIS-LACY 31C,"PIONEER NATURAL RES. USA, INC.",SPRABERRY (TREND AREA),202301,202508,26,3269.0,9537.0,4858.5,10030.0,202301,202307,32
31744070,10,59231,203H,DAVIS-LACY 31C,"PIONEER NATURAL RES. USA, INC.",SPRABERRY (TREND AREA),202301,202509,27,2861.0,4785.0,3658.5,10030.0,202301,202307,33
31744070,10,59231,203H,DAVIS-LACY 31C,"PIONEER NATURAL RES. USA, INC.",SPRABERRY (TREND AREA),202301,202510,28,2759.0,26631.0,7197.5,10030.0,202301,202307,34
31744070,10,59231,203H,DAVIS-LACY 31C,"PIONEER NATURAL RES. USA, INC.",SPRABERRY (TREND AREA),202301,202511,29,2335.0,12055.0,4344.166666666667,10030.0,202301,202307,35
31744070,10,59231,203H,DAVIS-LACY 31C,"PIONEER NATURAL RES. USA, INC.",SPRABERRY (TREND AREA),202301,202512,30,2355.0,14049.0,4696.5,10030.0,202301,202307,36
31744070,10,59231,203H,DAVIS-LACY 31C,"PIONEER NATURAL RES. USA, INC.",SPRABERRY (TREND AREA),202301,202601,31,2461.0,18705.0,5578.5,10030.0,202301,202307,37
31744070,10,59231,203H,DAVIS-LACY 31C,"PIONEER NATURAL RES. USA, INC.",SPRABERRY (TREND AREA),202301,202602,32,2102.0,13363.0,4329.166666666666,10030.0,202301,202307,38
31744070,10,59231,203H,DAVIS-LACY 31C,"PIONEER NATURAL RES. USA, INC.",SPRABERRY (TREND AREA),202301,202603,33,1554.0,8173.0,2916.166666666667,10030.0,202301,202307,39
31744070,10,59231,203H,DAVIS-LACY 31C,"PIONEER NATURAL RES. USA, INC.",SPRABERRY (TREND AREA),202301,202604,34,0.0,0.0,0.0,10030.0,202301,202307,40
31744070,10,59231,203H,DAVIS-LACY 31C,"PIONEER NATURAL RES. USA, INC.",SPRABERRY (TREND AREA),202301,202605,35,0.0,0.0,0.0,10030.0,202301,202307,41
31744070,10,59231,203H,DAVIS-LACY 31C,"PIONEER NATURAL RES. USA, INC.",SPRABERRY (TREND AREA),202301,202606,36,0.0,0.0,0.0,10030.0,202301,202307,42
31744071,10,59215,202H,DAVIS-LACY 31B,"PIONEER NATURAL RES. USA, INC.",SPRABERRY (TREND AREA),202212,202307,1,10719.0,10176.0,12415.0,9861.0,202212,202307,8
31744071,10,59215,202H,DAVIS-LACY 31B,"PIONEER NATURAL RES. USA, INC.",SPRABERRY (TREND AREA),202212,202308,2,16942.0,21309.0,20493.5,9861.0,202212,202307,9
31744071,10,59215,202H,DAVIS-LACY 31B,"PIONEER NATURAL RES. USA, INC.",SPRABERRY (TREND AREA),202212,202309,3,23156.0,20328.0,26544.0,9861.0,202212,202307,10
31744071,10,59215,202H,DAVIS-LACY 31B,"PIONEER NATURAL RES. USA, INC.",SPRABERRY (TREND AREA),202212,202310,4,23259.0,26994.0,27758.0,9861.0,202212,202307,11
31744071,10,59215,202H,DAVIS-LACY 31B,"PIONEER NATURAL RES. USA, INC.",SPRABERRY (TREND AREA),202212,202311,5,22462.0,35419.0,28365.166666666668,9861.0,202212,202307,12
31744071,10,59215,202H,DAVIS-LACY 31B,"PIONEER NATURAL RES. USA, INC.",SPRABERRY (TREND AREA),202212,202312,6,19588.0,41701.0,26538.166666666668,9861.0,202212,202307,13
31744071,10,59215,202H,DAVIS-LACY 31B,"PIONEER NATURAL RES. USA, INC.",SPRABERRY (TREND AREA),202212,202401,7,15963.0,39085.0,22477.166666666668,9861.0,202212,202307,14
31744071,10,59215,202H,DAVIS-LACY 31B,"PIONEER NATURAL RES. USA, INC.",SPRABERRY (TREND AREA),202212,202402,8,13591.0,35915.0,19576.833333333332,9861.0,202212,202307,15
31744071,10,59215,202H,DAVIS-LACY 31B,"PIONEER NATURAL RES. USA, INC.",SPRABERRY (TREND AREA),202212,202403,9,12279.0,38772.0,18741.0,9861.0,202212,202307,16
31744071,10,59215,202H,DAVIS-LACY 31B,"PIONEER NATURAL RES. USA, INC.",SPRABERRY (TREND AREA),202212,202404,10,10320.0,34067.0,15997.833333333332,9861.0,202212,202307,17
31744071,10,59215,202H,DAVIS-LACY 31B,"PIONEER NATURAL RES. USA, INC.",SPRABERRY (TREND AREA),202212,202405,11,9381.0,32239.0,14754.166666666668,9861.0,202212,202307,18
31744071,10,59215,202H,DAVIS-LACY 31B,"PIONEER NATURAL RES. USA, INC.",SPRABERRY (TREND AREA),202212,202406,12,7828.0,28709.0,12612.833333333332,9861.0,202212,202307,19
31744071,10,59215,202H,DAVIS-LACY 31B,"PIONEER NATURAL RES. USA, INC.",SPRABERRY (TREND AREA),202212,202407,13,7374.0,27729.0,11995.5,9861.0,202212,202307,20
31744071,10,59215,202H,DAVIS-LACY 31B,"PIONEER NATURAL RES. USA, INC.",SPRABERRY (TREND AREA),202212,202408,14,4173.0,14685.0,6620.5,9861.0,202212,202307,21
31744071,10,59215,202H,DAVIS-LACY 31B,"PIONEER NATURAL RES. USA, INC.",SPRABERRY (TREND AREA),202212,202409,15,7985.0,26396.0,12384.333333333332,9861.0,202212,202307,22
31744071,10,59215,202H,DAVIS-LACY 31B,"PIONEER NATURAL RES. USA, INC.",SPRABERRY (TREND AREA),202212,202410,16,6095.0,24016.0,10097.666666666666,9861.0,202212,202307,23
31744071,10,59215,202H,DAVIS-LACY 31B,"PIONEER NATURAL RES. USA, INC.",SPRABERRY (TREND AREA),202212,202411,17,7535.0,36309.0,13586.5,9861.0,202212,202307,24
31744071,10,59215,202H,DAVIS-LACY 31B,"PIONEER NATURAL RES. USA, INC.",SPRABERRY (TREND AREA),202212,202412,18,7495.0,40433.0,14233.833333333332,9861.0,202212,202307,25
31744071,10,59215,202H,DAVIS-LACY 31B,"PIONEER NATURAL RES. USA, INC.",SPRABERRY (TREND AREA),202212,202501,19,7074.0,41484.0,13988.0,9861.0,202212,202307,26
31744071,10,59215,202H,DAVIS-LACY 31B,"PIONEER NATURAL RES. USA, INC.",SPRABERRY (TREND AREA),202212,202502,20,5482.0,33206.0,11016.333333333332,9861.0,202212,202307,27
31744071,10,59215,202H,DAVIS-LACY 31B,"PIONEER NATURAL RES. USA, INC.",SPRABERRY (TREND AREA),202212,202503,21,5067.0,30160.0,10093.666666666668,9861.0,202212,202307,28
31744071,10,59215,202H,DAVIS-LACY 31B,"PIONEER NATURAL RES. USA, INC.",SPRABERRY (TREND AREA),202212,202504,22,5351.0,29834.0,10323.333333333332,9861.0,202212,202307,29
31744071,10,59215,202H,DAVIS-LACY 31B,"PIONEER NATURAL RES. USA, INC.",SPRABERRY (TREND AREA),202212,202505,23,5621.0,31054.0,10796.666666666668,9861.0,202212,202307,30
31744071,10,59215,202H,DAVIS-LACY 31B,"PIONEER NATURAL RES. USA, INC.",SPRABERRY (TREND AREA),202212,202506,24,2842.0,22389.0,6573.5,9861.0,202212,202307,31
31744071,10,59215,202H,DAVIS-LACY 31B,"PIONEER NATURAL RES. USA, INC.",SPRABERRY (TREND AREA),202212,202507,25,3178.0,17011.0,6013.166666666666,9861.0,202212,202307,32
31744071,10,59215,202H,DAVIS-LACY 31B,"PIONEER NATURAL RES. USA, INC.",SPRABERRY (TREND AREA),202212,202508,26,5893.0,27880.0,10539.666666666668,9861.0,202212,202307,33
31744071,10,59215,202H,DAVIS-LACY 31B,"PIONEER NATURAL RES. USA, INC.",SPRABERRY (TREND AREA),202212,202509,27,5021.0,36313.0,11073.166666666668,9861.0,202212,202307,34
31744071,10,59215,202H,DAVIS-LACY 31B,"PIONEER NATURAL RES. USA, INC.",SPRABERRY (TREND AREA),202212,202510,28,3614.0,37504.0,9864.666666666668,9861.0,202212,202307,35
31744071,10,59215,202H,DAVIS-LACY 31B,"PIONEER NATURAL RES. USA, INC.",SPRABERRY (TREND AREA),202212,202511,29,3147.0,22406.0,6881.333333333334,9861.0,202212,202307,36
31744071,10,59215,202H,DAVIS-LACY 31B,"PIONEER NATURAL RES. USA, INC.",SPRABERRY (TREND AREA),202212,202512,30,2099.0,16964.0,4926.333333333334,9861.0,202212,202307,37
31744071,10,59215,202H,DAVIS-LACY 31B,"PIONEER NATURAL RES. USA, INC.",SPRABERRY (TREND AREA),202212,202601,31,0.0,0.0,0.0,9861.0,202212,202307,38
31744071,10,59215,202H,DAVIS-LACY 31B,"PIONEER NATURAL RES. USA, INC.",SPRABERRY (TREND AREA),202212,202602,32,1130.0,9339.0,2686.5,9861.0,202212,202307,39
31744071,10,59215,202H,DAVIS-LACY 31B,"PIONEER NATURAL RES. USA, INC.",SPRABERRY (TREND AREA),202212,202603,33,1768.0,9788.0,3399.333333333333,9861.0,202212,202307,40
31744071,10,59215,202H,DAVIS-LACY 31B,"PIONEER NATURAL RES. USA, INC.",SPRABERRY (TREND AREA),202212,202604,34,0.0,0.0,0.0,9861.0,202212,202307,41
31744071,10,59215,202H,DAVIS-LACY 31B,"PIONEER NATURAL RES. USA, INC.",SPRABERRY (TREND AREA),202212,202605,35,0.0,0.0,0.0,9861.0,202212,202307,42
31744071,10,59215,202H,DAVIS-LACY 31B,"PIONEER NATURAL RES. USA, INC.",SPRABERRY (TREND AREA),202212,202606,36,0.0,0.0,0.0,9861.0,202212,202307,43
31744072,10,58484,201H,DAVIS-LACY 31A,"PIONEER NATURAL RES. USA, INC.",SPRABERRY (TREND AREA),202210,202307,1,33711.0,28912.0,38529.666666666664,10067.0,202210,202307,10
31744072,10,58484,201H,DAVIS-LACY 31A,"PIONEER NATURAL RES. USA, INC.",SPRABERRY (TREND AREA),202210,202308,2,18675.0,15602.0,21275.333333333332,10067.0,202210,202307,11
31744072,10,58484,201H,DAVIS-LACY 31A,"PIONEER NATURAL RES. USA, INC.",SPRABERRY (TREND AREA),202210,202309,3,12128.0,9611.0,13729.833333333334,10067.0,202210,202307,12
31744072,10,58484,201H,DAVIS-LACY 31A,"PIONEER NATURAL RES. USA, INC.",SPRABERRY (TREND AREA),202210,202310,4,12810.0,10953.0,14635.5,10067.0,202210,202307,13
31744072,10,58484,201H,DAVIS-LACY 31A,"PIONEER NATURAL RES. USA, INC.",SPRABERRY (TREND AREA),202210,202311,5,13070.0,16987.0,15901.166666666666,10067.0,202210,202307,14
31744072,10,58484,201H,DAVIS-LACY 31A,"PIONEER NATURAL RES. USA, INC.",SPRABERRY (TREND AREA),202210,202312,6,21355.0,48775.0,29484.166666666668,10067.0,202210,202307,15
31744072,10,58484,201H,DAVIS-LACY 31A,"PIONEER NATURAL RES. USA, INC.",SPRABERRY (TREND AREA),202210,202401,7,17407.0,47049.0,25248.5,10067.0,202210,202307,16
31744072,10,58484,201H,DAVIS-LACY 31A,"PIONEER NATURAL RES. USA, INC.",SPRABERRY (TREND AREA),202210,202402,8,13859.0,39636.0,20465.0,10067.0,202210,202307,17
31744072,10,58484,201H,DAVIS-LACY 31A,"PIONEER NATURAL RES. USA, INC.",SPRABERRY (TREND AREA),202210,202403,9,13104.0,42398.0,20170.333333333332,10067.0,202210,202307,18
31744072,10,58484,201H,DAVIS-LACY 31A,"PIONEER NATURAL RES. USA, INC.",SPRABERRY (TREND AREA),202210,202404,10,11746.0,35102.0,17596.333333333332,10067.0,202210,202307,19
31744072,10,58484,201H,DAVIS-LACY 31A,"PIONEER NATURAL RES. USA, INC.",SPRABERRY (TREND AREA),202210,202405,11,10882.0,32708.0,16333.333333333332,10067.0,202210,202307,20
31744072,10,58484,201H,DAVIS-LACY 31A,"PIONEER NATURAL RES. USA, INC.",SPRABERRY (TREND AREA),202210,202406,12,9591.0,30125.0,14611.833333333332,10067.0,202210,202307,21
31744072,10,58484,201H,DAVIS-LACY 31A,"PIONEER NATURAL RES. USA, INC.",SPRABERRY (TREND AREA),202210,202407,13,9125.0,30130.0,14146.666666666668,10067.0,202210,202307,22
31744072,10,58484,201H,DAVIS-LACY 31A,"PIONEER NATURAL RES. USA, INC.",SPRABERRY (TREND AREA),202210,202408,14,6023.0,15861.0,8666.5,10067.0,202210,202307,23
31744072,10,58484,201H,DAVIS-LACY 31A,"PIONEER NATURAL RES. USA, INC.",SPRABERRY (TREND AREA),202210,202409,15,6783.0,21160.0,10309.666666666666,10067.0,202210,202307,24
31744072,10,58484,201H,DAVIS-LACY 31A,"PIONEER NATURAL RES. USA, INC.",SPRABERRY (TREND AREA),202210,202410,16,7426.0,25324.0,11646.666666666668,10067.0,202210,202307,25
31744072,10,58484,201H,DAVIS-LACY 31A,"PIONEER NATURAL RES. USA, INC.",SPRABERRY (TREND AREA),202210,202411,17,6250.0,19461.0,9493.5,10067.0,202210,202307,26
31744072,10,58484,201H,DAVIS-LACY 31A,"PIONEER NATURAL RES. USA, INC.",SPRABERRY (TREND AREA),202210,202412,18,6165.0,21246.0,9706.0,10067.0,202210,202307,27
31744072,10,58484,201H,DAVIS-LACY 31A,"PIONEER NATURAL RES. USA, INC.",SPRABERRY (TREND AREA),202210,202501,19,7262.0,25678.0,11541.666666666668,10067.0,202210,202307,28
31744072,10,58484,201H,DAVIS-LACY 31A,"PIONEER NATURAL RES. USA, INC.",SPRABERRY (TREND AREA),202210,202502,20,5141.0,20743.0,8598.166666666666,10067.0,202210,202307,29
31744072,10,58484,201H,DAVIS-LACY 31A,"PIONEER NATURAL RES. USA, INC.",SPRABERRY (TREND AREA),202210,202503,21,5620.0,17163.0,8480.5,10067.0,202210,202307,30
31744072,10,58484,201H,DAVIS-LACY 31A,"PIONEER NATURAL RES. USA, INC.",SPRABERRY (TREND AREA),202210,202504,22,5554.0,21973.0,9216.166666666666,10067.0,202210,202307,31
31744072,10,58484,201H,DAVIS-LACY 31A,"PIONEER NATURAL RES. USA, INC.",SPRABERRY (TREND AREA),202210,202505,23,5273.0,21175.0,8802.166666666666,10067.0,202210,202307,32
31744072,10,58484,201H,DAVIS-LACY 31A,"PIONEER NATURAL RES. USA, INC.",SPRABERRY (TREND AREA),202210,202506,24,4557.0,10682.0,6337.333333333333,10067.0,202210,202307,33
31744072,10,58484,201H,DAVIS-LACY 31A,"PIONEER NATURAL RES. USA, INC.",SPRABERRY (TREND AREA),202210,202507,25,5330.0,17560.0,8256.666666666666,10067.0,202210,202307,34
31744072,10,58484,201H,DAVIS-LACY 31A,"PIONEER NATURAL RES. USA, INC.",SPRABERRY (TREND AREA),202210,202508,26,4609.0,19490.0,7857.333333333334,10067.0,202210,202307,35
31744072,10,58484,201H,DAVIS-LACY 31A,"PIONEER NATURAL RES. USA, INC.",SPRABERRY (TREND AREA),202210,202509,27,4475.0,18384.0,7539.0,10067.0,202210,202307,36
31744072,10,58484,201H,DAVIS-LACY 31A,"PIONEER NATURAL RES. USA, INC.",SPRABERRY (TREND AREA),202210,202510,28,4348.0,17169.0,7209.5,10067.0,202210,202307,37
31744072,10,58484,201H,DAVIS-LACY 31A,"PIONEER NATURAL RES. USA, INC.",SPRABERRY (TREND AREA),202210,202511,29,4001.0,13828.0,6305.666666666666,10067.0,202210,202307,38
31744072,10,58484,201H,DAVIS-LACY 31A,"PIONEER NATURAL RES. USA, INC.",SPRABERRY (TREND AREA),202210,202512,30,3824.0,16160.0,6517.333333333334,10067.0,202210,202307,39
31744072,10,58484,201H,DAVIS-LACY 31A,"PIONEER NATURAL RES. USA, INC.",SPRABERRY (TREND AREA),202210,202601,31,3769.0,17721.0,6722.5,10067.0,202210,202307,40
31744072,10,58484,201H,DAVIS-LACY 31A,"PIONEER NATURAL RES. USA, INC.",SPRABERRY (TREND AREA),202210,202602,32,4024.0,16284.0,6738.0,10067.0,202210,202307,41
31744072,10,58484,201H,DAVIS-LACY 31A,"PIONEER NATURAL RES. USA, INC.",SPRABERRY (TREND AREA),202210,202603,33,3854.0,16922.0,6674.333333333334,10067.0,202210,202307,42
31744072,10,58484,201H,DAVIS-LACY 31A,"PIONEER NATURAL RES. USA, INC.",SPRABERRY (TREND AREA),202210,202604,34,0.0,0.0,0.0,10067.0,202210,202307,43
31744072,10,58484,201H,DAVIS-LACY 31A,"PIONEER NATURAL RES. USA, INC.",SPRABERRY (TREND AREA),202210,202605,35,0.0,0.0,0.0,10067.0,202210,202307,44
31744072,10,58484,201H,DAVIS-LACY 31A,"PIONEER NATURAL RES. USA, INC.",SPRABERRY (TREND AREA),202210,202606,36,0.0,0.0,0.0,10067.0,202210,202307,45
31744407,10,59243,212H,DAVIS-LACY 31L,"PIONEER NATURAL RES. USA, INC.",SPRABERRY (TREND AREA),202302,202307,1,30241.0,26207.0,34608.833333333336,10067.0,202302,202307,6
31744407,10,59243,212H,DAVIS-LACY 31L,"PIONEER NATURAL RES. USA, INC.",SPRABERRY (TREND AREA),202302,202308,2,35319.0,32956.0,40811.666666666664,10067.0,202302,202307,7
31744407,10,59243,212H,DAVIS-LACY 31L,"PIONEER NATURAL RES. USA, INC.",SPRABERRY (TREND AREA),202302,202309,3,25537.0,23380.0,29433.666666666668,10067.0,202302,202307,8
31744407,10,59243,212H,DAVIS-LACY 31L,"PIONEER NATURAL RES. USA, INC.",SPRABERRY (TREND AREA),202302,202310,4,22966.0,19219.0,26169.166666666668,10067.0,202302,202307,9
31744407,10,59243,212H,DAVIS-LACY 31L,"PIONEER NATURAL RES. USA, INC.",SPRABERRY (TREND AREA),202302,202311,5,19730.0,19242.0,22937.0,10067.0,202302,202307,10
31744407,10,59243,212H,DAVIS-LACY 31L,"PIONEER NATURAL RES. USA, INC.",SPRABERRY (TREND AREA),202302,202312,6,22326.0,32526.0,27747.0,10067.0,202302,202307,11
31744407,10,59243,212H,DAVIS-LACY 31L,"PIONEER NATURAL RES. USA, INC.",SPRABERRY (TREND AREA),202302,202401,7,18741.0,27923.0,23394.833333333332,10067.0,202302,202307,12
31744407,10,59243,212H,DAVIS-LACY 31L,"PIONEER NATURAL RES. USA, INC.",SPRABERRY (TREND AREA),202302,202402,8,12439.0,20491.0,15854.166666666666,10067.0,202302,202307,13
31744407,10,59243,212H,DAVIS-LACY 31L,"PIONEER NATURAL RES. USA, INC.",SPRABERRY (TREND AREA),202302,202403,9,10475.0,8433.0,11880.5,10067.0,202302,202307,14
31744407,10,59243,212H,DAVIS-LACY 31L,"PIONEER NATURAL RES. USA, INC.",SPRABERRY (TREND AREA),202302,202404,10,16089.0,20420.0,19492.333333333332,10067.0,202302,202307,15
31744407,10,59243,212H,DAVIS-LACY 31L,"PIONEER NATURAL RES. USA, INC.",SPRABERRY (TREND AREA),202302,202405,11,13304.0,22363.0,17031.166666666668,10067.0,202302,202307,16
31744407,10,59243,212H,DAVIS-LACY 31L,"PIONEER NATURAL RES. USA, INC.",SPRABERRY (TREND AREA),202302,202406,12,10531.0,13913.0,12849.833333333334,10067.0,202302,202307,17
31744407,10,59243,212H,DAVIS-LACY 31L,"PIONEER NATURAL RES. USA, INC.",SPRABERRY (TREND AREA),202302,202407,13,11921.0,24182.0,15951.333333333334,10067.0,202302,202307,18
31744407,10,59243,212H,DAVIS-LACY 31L,"PIONEER NATURAL RES. USA, INC.",SPRABERRY (TREND AREA),202302,202408,14,6808.0,12045.0,8815.5,10067.0,202302,202307,19
31744407,10,59243,212H,DAVIS-LACY 31L,"PIONEER NATURAL RES. USA, INC.",SPRABERRY (TREND AREA),202302,202409,15,11534.0,23115.0,15386.5,10067.0,202302,202307,20
31744407,10,59243,212H,DAVIS-LACY 31L,"PIONEER NATURAL RES. USA, INC.",SPRABERRY (TREND AREA),202302,202410,16,10599.0,28060.0,15275.666666666668,10067.0,202302,202307,21
31744407,10,59243,212H,DAVIS-LACY 31L,"PIONEER NATURAL RES. USA, INC.",SPRABERRY (TREND AREA),202302,202411,17,9242.0,24229.0,13280.166666666666,10067.0,202302,202307,22
31744407,10,59243,212H,DAVIS-LACY 31L,"PIONEER NATURAL RES. USA, INC.",SPRABERRY (TREND AREA),202302,202412,18,8701.0,22937.0,12523.833333333334,10067.0,202302,202307,23
31744407,10,59243,212H,DAVIS-LACY 31L,"PIONEER NATURAL RES. USA, INC.",SPRABERRY (TREND AREA),202302,202501,19,7659.0,20983.0,11156.166666666666,10067.0,202302,202307,24
31744407,10,59243,212H,DAVIS-LACY 31L,"PIONEER NATURAL RES. USA, INC.",SPRABERRY (TREND AREA),202302,202502,20,7363.0,19605.0,10630.5,10067.0,202302,202307,25
31744407,10,59243,212H,DAVIS-LACY 31L,"PIONEER NATURAL RES. USA, INC.",SPRABERRY (TREND AREA),202302,202503,21,6593.0,14680.0,9039.666666666666,10067.0,202302,202307,26
31744407,10,59243,212H,DAVIS-LACY 31L,"PIONEER NATURAL RES. USA, INC.",SPRABERRY (TREND AREA),202302,202504,22,6786.0,21072.0,10298.0,10067.0,202302,202307,27
31744407,10,59243,212H,DAVIS-LACY 31L,"PIONEER NATURAL RES. USA, INC.",SPRABERRY (TREND AREA),202302,202505,23,7149.0,19384.0,10379.666666666666,10067.0,202302,202307,28
31744407,10,59243,212H,DAVIS-LACY 31L,"PIONEER NATURAL RES. USA, INC.",SPRABERRY (TREND AREA),202302,202506,24,6170.0,24681.0,10283.5,10067.0,202302,202307,29
31744407,10,59243,212H,DAVIS-LACY 31L,"PIONEER NATURAL RES. USA, INC.",SPRABERRY (TREND AREA),202302,202507,25,6680.0,21145.0,10204.166666666666,10067.0,202302,202307,30
31744407,10,59243,212H,DAVIS-LACY 31L,"PIONEER NATURAL RES. USA, INC.",SPRABERRY (TREND AREA),202302,202508,26,5341.0,16212.0,8043.0,10067.0,202302,202307,31
31744407,10,59243,212H,DAVIS-LACY 31L,"PIONEER NATURAL RES. USA, INC.",SPRABERRY (TREND AREA),202302,202509,27,3632.0,15324.0,6186.0,10067.0,202302,202307,32
31744407,10,59243,212H,DAVIS-LACY 31L,"PIONEER NATURAL RES. USA, INC.",SPRABERRY (TREND AREA),202302,202510,28,3016.0,15586.0,5613.666666666666,10067.0,202302,202307,33
31744407,10,59243,212H,DAVIS-LACY 31L,"PIONEER NATURAL RES. USA, INC.",SPRABERRY (TREND AREA),202302,202511,29,4481.0,15976.0,7143.666666666666,10067.0,202302,202307,34
31744407,10,59243,212H,DAVIS-LACY 31L,"PIONEER NATURAL RES. USA, INC.",SPRABERRY (TREND AREA),202302,202512,30,1679.0,4043.0,2352.8333333333335,10067.0,202302,202307,35
31744407,10,59243,212H,DAVIS-LACY 31L,"PIONEER NATURAL RES. USA, INC.",SPRABERRY (TREND AREA),202302,202601,31,3831.0,2134.0,4186.666666666667,10067.0,202302,202307,36
31744407,10,59243,212H,DAVIS-LACY 31L,"PIONEER NATURAL RES. USA, INC.",SPRABERRY (TREND AREA),202302,202602,32,4404.0,7974.0,5733.0,10067.0,202302,202307,37
31744407,10,59243,212H,DAVIS-LACY 31L,"PIONEER NATURAL RES. USA, INC.",SPRABERRY (TREND AREA),202302,202603,33,5445.0,11964.0,7439.0,10067.0,202302,202307,38
31744407,10,59243,212H,DAVIS-LACY 31L,"PIONEER NATURAL RES. USA, INC.",SPRABERRY (TREND AREA),202302,202604,34,0.0,0.0,0.0,10067.0,202302,202307,39
31744407,10,59243,212H,DAVIS-LACY 31L,"PIONEER NATURAL RES. USA, INC.",SPRABERRY (TREND AREA),202302,202605,35,0.0,0.0,0.0,10067.0,202302,202307,40
31744407,10,59243,212H,DAVIS-LACY 31L,"PIONEER NATURAL RES. USA, INC.",SPRABERRY (TREND AREA),202302,202606,36,0.0,0.0,0.0,10067.0,202302,202307,41
31744782,10,59516,213H,FORTUNE-ASHLEY 31M,"PIONEER NATURAL RES. USA, INC.",SPRABERRY (TREND AREA),202303,202307,1,25608.0,38472.0,32020.0,10030.0,202303,202307,5
31744782,10,59516,213H,FORTUNE-ASHLEY 31M,"PIONEER NATURAL RES. USA, INC.",SPRABERRY (TREND AREA),202303,202308,2,20895.0,38465.0,27305.833333333332,10030.0,202303,202307,6
31744782,10,59516,213H,FORTUNE-ASHLEY 31M,"PIONEER NATURAL RES. USA, INC.",SPRABERRY (TREND AREA),202303,202309,3,16551.0,32058.0,21894.0,10030.0,202303,202307,7
31744782,10,59516,213H,FORTUNE-ASHLEY 31M,"PIONEER NATURAL RES. USA, INC.",SPRABERRY (TREND AREA),202303,202310,4,14273.0,26861.0,18749.833333333332,10030.0,202303,202307,8
31744782,10,59516,213H,FORTUNE-ASHLEY 31M,"PIONEER NATURAL RES. USA, INC.",SPRABERRY (TREND AREA),202303,202311,5,12385.0,21962.0,16045.333333333334,10030.0,202303,202307,9
31744782,10,59516,213H,FORTUNE-ASHLEY 31M,"PIONEER NATURAL RES. USA, INC.",SPRABERRY (TREND AREA),202303,202312,6,11068.0,20762.0,14528.333333333334,10030.0,202303,202307,10
31744782,10,59516,213H,FORTUNE-ASHLEY 31M,"PIONEER NATURAL RES. USA, INC.",SPRABERRY (TREND AREA),202303,202401,7,9017.0,17948.0,12008.333333333334,10030.0,202303,202307,11
31744782,10,59516,213H,FORTUNE-ASHLEY 31M,"PIONEER NATURAL RES. USA, INC.",SPRABERRY (TREND AREA),202303,202402,8,8547.0,16785.0,11344.5,10030.0,202303,202307,12
31744782,10,59516,213H,FORTUNE-ASHLEY 31M,"PIONEER NATURAL RES. USA, INC.",SPRABERRY (TREND AREA),202303,202403,9,8611.0,16814.0,11413.333333333334,10030.0,202303,202307,13
31744782,10,59516,213H,FORTUNE-ASHLEY 31M,"PIONEER NATURAL RES. USA, INC.",SPRABERRY (TREND AREA),202303,202404,10,8252.0,15129.0,10773.5,10030.0,202303,202307,14
31744782,10,59516,213H,FORTUNE-ASHLEY 31M,"PIONEER NATURAL RES. USA, INC.",SPRABERRY (TREND AREA),202303,202405,11,8029.0,14378.0,10425.333333333334,10030.0,202303,202307,15
31744782,10,59516,213H,FORTUNE-ASHLEY 31M,"PIONEER NATURAL RES. USA, INC.",SPRABERRY (TREND AREA),202303,202406,12,7282.0,13191.0,9480.5,10030.0,202303,202307,16
31744782,10,59516,213H,FORTUNE-ASHLEY 31M,"PIONEER NATURAL RES. USA, INC.",SPRABERRY (TREND AREA),202303,202407,13,7292.0,13886.0,9606.333333333334,10030.0,202303,202307,17
31744782,10,59516,213H,FORTUNE-ASHLEY 31M,"PIONEER NATURAL RES. USA, INC.",SPRABERRY (TREND AREA),202303,202408,14,4963.0,8840.0,6436.333333333333,10030.0,202303,202307,18
31744782,10,59516,213H,FORTUNE-ASHLEY 31M,"PIONEER NATURAL RES. USA, INC.",SPRABERRY (TREND AREA),202303,202409,15,7278.0,13764.0,9572.0,10030.0,202303,202307,19
31744782,10,59516,213H,FORTUNE-ASHLEY 31M,"PIONEER NATURAL RES. USA, INC.",SPRABERRY (TREND AREA),202303,202410,16,6890.0,13912.0,9208.666666666666,10030.0,202303,202307,20
31744782,10,59516,213H,FORTUNE-ASHLEY 31M,"PIONEER NATURAL RES. USA, INC.",SPRABERRY (TREND AREA),202303,202411,17,6253.0,12673.0,8365.166666666666,10030.0,202303,202307,21
31744782,10,59516,213H,FORTUNE-ASHLEY 31M,"PIONEER NATURAL RES. USA, INC.",SPRABERRY (TREND AREA),202303,202412,18,6094.0,12351.0,8152.5,10030.0,202303,202307,22
31744782,10,59516,213H,FORTUNE-ASHLEY 31M,"PIONEER NATURAL RES. USA, INC.",SPRABERRY (TREND AREA),202303,202501,19,5644.0,11014.0,7479.666666666667,10030.0,202303,202307,23
31744782,10,59516,213H,FORTUNE-ASHLEY 31M,"PIONEER NATURAL RES. USA, INC.",SPRABERRY (TREND AREA),202303,202502,20,4985.0,9544.0,6575.666666666667,10030.0,202303,202307,24
31744782,10,59516,213H,FORTUNE-ASHLEY 31M,"PIONEER NATURAL RES. USA, INC.",SPRABERRY (TREND AREA),202303,202503,21,2979.0,5046.0,3820.0,10030.0,202303,202307,25
31744782,10,59516,213H,FORTUNE-ASHLEY 31M,"PIONEER NATURAL RES. USA, INC.",SPRABERRY (TREND AREA),202303,202504,22,2979.0,5334.0,3868.0,10030.0,202303,202307,26
31744782,10,59516,213H,FORTUNE-ASHLEY 31M,"PIONEER NATURAL RES. USA, INC.",SPRABERRY (TREND AREA),202303,202505,23,4831.0,5314.0,5716.666666666667,10030.0,202303,202307,27
31744782,10,59516,213H,FORTUNE-ASHLEY 31M,"PIONEER NATURAL RES. USA, INC.",SPRABERRY (TREND AREA),202303,202506,24,4721.0,6873.0,5866.5,10030.0,202303,202307,28
31744782,10,59516,213H,FORTUNE-ASHLEY 31M,"PIONEER NATURAL RES. USA, INC.",SPRABERRY (TREND AREA),202303,202507,25,4604.0,7024.0,5774.666666666667,10030.0,202303,202307,29
31744782,10,59516,213H,FORTUNE-ASHLEY 31M,"PIONEER NATURAL RES. USA, INC.",SPRABERRY (TREND AREA),202303,202508,26,3229.0,6364.0,4289.666666666667,10030.0,202303,202307,30
31744782,10,59516,213H,FORTUNE-ASHLEY 31M,"PIONEER NATURAL RES. USA, INC.",SPRABERRY (TREND AREA),202303,202509,27,3907.0,8025.0,5244.5,10030.0,202303,202307,31
31744782,10,59516,213H,FORTUNE-ASHLEY 31M,"PIONEER NATURAL RES. USA, INC.",SPRABERRY (TREND AREA),202303,202510,28,4225.0,8570.0,5653.333333333333,10030.0,202303,202307,32
31744782,10,59516,213H,FORTUNE-ASHLEY 31M,"PIONEER NATURAL RES. USA, INC.",SPRABERRY (TREND AREA),202303,202511,29,2716.0,9578.0,4312.333333333333,10030.0,202303,202307,33
31744782,10,59516,213H,FORTUNE-ASHLEY 31M,"PIONEER NATURAL RES. USA, INC.",SPRABERRY (TREND AREA),202303,202512,30,4323.0,10046.0,5997.333333333333,10030.0,202303,202307,34
31744782,10,59516,213H,FORTUNE-ASHLEY 31M,"PIONEER NATURAL RES. USA, INC.",SPRABERRY (TREND AREA),202303,202601,31,3734.0,9632.0,5339.333333333333,10030.0,202303,202307,35
31744782,10,59516,213H,FORTUNE-ASHLEY 31M,"PIONEER NATURAL RES. USA, INC.",SPRABERRY (TREND AREA),202303,202602,32,3768.0,10060.0,5444.666666666667,10030.0,202303,202307,36
31744782,10,59516,213H,FORTUNE-ASHLEY 31M,"PIONEER NATURAL RES. USA, INC.",SPRABERRY (TREND AREA),202303,202603,33,4008.0,11393.0,5906.833333333333,10030.0,202303,202307,37
31744782,10,59516,213H,FORTUNE-ASHLEY 31M,"PIONEER NATURAL RES. USA, INC.",SPRABERRY (TREND AREA),202303,202604,34,0.0,0.0,0.0,10030.0,202303,202307,38
31744782,10,59516,213H,FORTUNE-ASHLEY 31M,"PIONEER NATURAL RES. USA, INC.",SPRABERRY (TREND AREA),202303,202605,35,0.0,0.0,0.0,10030.0,202303,202307,39
31744782,10,59516,213H,FORTUNE-ASHLEY 31M,"PIONEER NATURAL RES. USA, INC.",SPRABERRY (TREND AREA),202303,202606,36,0.0,0.0,0.0,10030.0,202303,202307,40
