api8,lease_name,well_no,field_name,month_on_production,linear_regression_ml_forecast_oil_bbl,naive_last_rate_forecast_oil_bbl,trailing_3mo_forecast_oil_bbl,trailing_6mo_forecast_oil_bbl
31743171,BOHANAN-BLOCKER 3B,4H,SPRABERRY (TREND AREA),34,4026.0729243780997,4590.0,4720.666666666667,4619.166666666667
31743171,BOHANAN-BLOCKER 3B,4H,SPRABERRY (TREND AREA),35,3685.2423415954217,4026.0729243780997,4569.690974792699,4556.34548739635
31743171,BOHANAN-BLOCKER 3B,4H,SPRABERRY (TREND AREA),36,3432.980722029968,3685.2423415954217,4100.4384219911735,4385.219210995587
31743171,BOHANAN-BLOCKER 3B,4H,SPRABERRY (TREND AREA),37,3230.724049442165,3432.980722029968,3714.765329334497,4217.715998000582
31743171,BOHANAN-BLOCKER 3B,4H,SPRABERRY (TREND AREA),38,3048.6517250280795,3230.724049442165,3449.649037689185,4009.6700062409423
31743171,BOHANAN-BLOCKER 3B,4H,SPRABERRY (TREND AREA),39,2848.670317669559,3048.6517250280795,3237.4521655000704,3668.9452937456226
31743171,BOHANAN-BLOCKER 3B,4H,SPRABERRY (TREND AREA),40,2650.807954510221,2848.670317669559,3042.682030713268,3378.7236800238825
31743171,BOHANAN-BLOCKER 3B,4H,SPRABERRY (TREND AREA),41,2467.825337844324,2650.807954510221,2849.3766657359533,3149.512851712569
31743171,BOHANAN-BLOCKER 3B,4H,SPRABERRY (TREND AREA),42,2298.722124553362,2467.825337844324,2655.7678700080346,2946.6100177540525
31743171,BOHANAN-BLOCKER 3B,4H,SPRABERRY (TREND AREA),43,2140.384508798871,2298.722124553362,2472.451805635969,2757.5669181746184
31743171,BOHANAN-BLOCKER 3B,4H,SPRABERRY (TREND AREA),44,1989.7340672854518,2140.384508798871,2302.310657065519,2575.8436614007364
31743171,BOHANAN-BLOCKER 3B,4H,SPRABERRY (TREND AREA),45,1844.6034308240771,1989.7340672854518,2142.9469002125616,2399.357385110298
31743171,BOHANAN-BLOCKER 3B,4H,SPRABERRY (TREND AREA),46,1704.6511711441378,1844.6034308240771,1991.5740023028,2232.0129039693843
31743171,BOHANAN-BLOCKER 3B,4H,SPRABERRY (TREND AREA),47,1569.770256996693,1704.6511711441378,1846.3295564178889,2074.3201067417044
31743171,BOHANAN-BLOCKER 3B,4H,SPRABERRY (TREND AREA),48,1439.5177638757011,1569.770256996693,1706.3416196549695,1924.6442599337654
31743171,BOHANAN-BLOCKER 3B,4H,SPRABERRY (TREND AREA),49,1313.30363515852,1439.5177638757011,1571.3130640055106,1781.4435331541554
31743171,BOHANAN-BLOCKER 3B,4H,SPRABERRY (TREND AREA),50,1190.5518093083426,1313.30363515852,1440.863885343638,1643.5967208807633
31743171,BOHANAN-BLOCKER 3B,4H,SPRABERRY (TREND AREA),51,1070.7842195972878,1190.5518093083426,1314.457736114188,1510.3996778845785
31743171,BOHANAN-BLOCKER 3B,4H,SPRABERRY (TREND AREA),52,953.6383458158477,1070.7842195972878,1191.5465546880503,1381.4298093467803
31743171,BOHANAN-BLOCKER 3B,4H,SPRABERRY (TREND AREA),53,838.8143613086411,953.6383458158477,1071.6581249071594,1256.261005125399
31743171,BOHANAN-BLOCKER 3B,4H,SPRABERRY (TREND AREA),54,726.0407204742144,838.8143613086411,954.4123089072588,1134.4350225107235
31743171,BOHANAN-BLOCKER 3B,4H,SPRABERRY (TREND AREA),55,615.0688814475673,726.0407204742144,839.4978091995678,1015.522181943809
31743171,BOHANAN-BLOCKER 3B,4H,SPRABERRY (TREND AREA),56,505.67621123575805,615.0688814475673,726.6413210768075,899.1497229919834
31743171,BOHANAN-BLOCKER 3B,4H,SPRABERRY (TREND AREA),57,397.6677336646478,505.67621123575805,615.5952710525132,785.0037899798859
31743171,BOHANAN-BLOCKER 3B,4H,SPRABERRY (TREND AREA),58,290.8744264743607,397.6677336646478,506.1376087826577,672.8177089911128
31743171,BOHANAN-BLOCKER 3B,4H,SPRABERRY (TREND AREA),59,185.1489729575976,290.8744264743607,398.0727904582555,562.3570557675316
31743171,BOHANAN-BLOCKER 3B,4H,SPRABERRY (TREND AREA),60,80.36192111970081,185.1489729575976,291.2303776988687,453.41282437569106
31743171,BOHANAN-BLOCKER 3B,4H,SPRABERRY (TREND AREA),61,0.0,80.36192111970081,185.4617735172197,345.7996911499387
31743171,BOHANAN-BLOCKER 3B,4H,SPRABERRY (TREND AREA),62,0.0,0.0,88.50363135909947,243.28821090867748
31743171,BOHANAN-BLOCKER 3B,4H,SPRABERRY (TREND AREA),63,0.0,0.0,26.78730703990027,159.0088423693845
31743171,BOHANAN-BLOCKER 3B,4H,SPRABERRY (TREND AREA),64,0.0,0.0,0.0,92.73088675860986
31743171,BOHANAN-BLOCKER 3B,4H,SPRABERRY (TREND AREA),65,0.0,0.0,0.0,44.251815679549736
31743171,BOHANAN-BLOCKER 3B,4H,SPRABERRY (TREND AREA),66,0.0,0.0,0.0,13.393653519950135
31743171,BOHANAN-BLOCKER 3B,4H,SPRABERRY (TREND AREA),67,0.0,0.0,0.0,0.0
31743171,BOHANAN-BLOCKER 3B,4H,SPRABERRY (TREND AREA),68,0.0,0.0,0.0,0.0
31743171,BOHANAN-BLOCKER 3B,4H,SPRABERRY (TREND AREA),69,0.0,0.0,0.0,0.0
31743171,BOHANAN-BLOCKER 3B,4H,SPRABERRY (TREND AREA),70,0.0,0.0,0.0,0.0
31743171,BOHANAN-BLOCKER 3B,4H,SPRABERRY (TREND AREA),71,0.0,0.0,0.0,0.0
31743171,BOHANAN-BLOCKER 3B,4H,SPRABERRY (TREND AREA),72,0.0,0.0,0.0,0.0
31743171,BOHANAN-BLOCKER 3B,4H,SPRABERRY (TREND AREA),73,0.0,0.0,0.0,0.0
31743171,BOHANAN-BLOCKER 3B,4H,SPRABERRY (TREND AREA),74,0.0,0.0,0.0,0.0
31743171,BOHANAN-BLOCKER 3B,4H,SPRABERRY (TREND AREA),75,0.0,0.0,0.0,0.0
31743171,BOHANAN-BLOCKER 3B,4H,SPRABERRY (TREND AREA),76,0.0,0.0,0.0,0.0
31743171,BOHANAN-BLOCKER 3B,4H,SPRABERRY (TREND AREA),77,0.0,0.0,0.0,0.0
31743171,BOHANAN-BLOCKER 3B,4H,SPRABERRY (TREND AREA),78,0.0,0.0,0.0,0.0
31743171,BOHANAN-BLOCKER 3B,4H,SPRABERRY (TREND AREA),79,0.0,0.0,0.0,0.0
31743171,BOHANAN-BLOCKER 3B,4H,SPRABERRY (TREND AREA),80,0.0,0.0,0.0,0.0
31743171,BOHANAN-BLOCKER 3B,4H,SPRABERRY (TREND AREA),81,0.0,0.0,0.0,0.0
31743171,BOHANAN-BLOCKER 3B,4H,SPRABERRY (TREND AREA),82,0.0,0.0,0.0,0.0
31743171,BOHANAN-BLOCKER 3B,4H,SPRABERRY (TREND AREA),83,0.0,0.0,0.0,0.0
31743171,BOHANAN-BLOCKER 3B,4H,SPRABERRY (TREND AREA),84,0.0,0.0,0.0,0.0
31743171,BOHANAN-BLOCKER 3B,4H,SPRABERRY (TREND AREA),85,0.0,0.0,0.0,0.0
31743171,BOHANAN-BLOCKER 3B,4H,SPRABERRY (TREND AREA),86,0.0,0.0,0.0,0.0
31743171,BOHANAN-BLOCKER 3B,4H,SPRABERRY (TREND AREA),87,0.0,0.0,0.0,0.0
31743171,BOHANAN-BLOCKER 3B,4H,SPRABERRY (TREND AREA),88,0.0,0.0,0.0,0.0
31743171,BOHANAN-BLOCKER 3B,4H,SPRABERRY (TREND AREA),89,0.0,0.0,0.0,0.0
31743171,BOHANAN-BLOCKER 3B,4H,SPRABERRY (TREND AREA),90,0.0,0.0,0.0,0.0
31743171,BOHANAN-BLOCKER 3B,4H,SPRABERRY (TREND AREA),91,0.0,0.0,0.0,0.0
31743171,BOHANAN-BLOCKER 3B,4H,SPRABERRY (TREND AREA),92,0.0,0.0,0.0,0.0
31743171,BOHANAN-BLOCKER 3B,4H,SPRABERRY (TREND AREA),93,0.0,0.0,0.0,0.0
31743171,BOHANAN-BLOCKER 3B,4H,SPRABERRY (TREND AREA),94,0.0,0.0,0.0,0.0
31743171,BOHANAN-BLOCKER 3B,4H,SPRABERRY (TREND AREA),95,0.0,0.0,0.0,0.0
31743171,BOHANAN-BLOCKER 3B,4H,SPRABERRY (TREND AREA),96,0.0,0.0,0.0,0.0
31743171,BOHANAN-BLOCKER 3B,4H,SPRABERRY (TREND AREA),97,0.0,0.0,0.0,0.0
31743171,BOHANAN-BLOCKER 3B,4H,SPRABERRY (TREND AREA),98,0.0,0.0,0.0,0.0
31743171,BOHANAN-BLOCKER 3B,4H,SPRABERRY (TREND AREA),99,0.0,0.0,0.0,0.0
31743171,BOHANAN-BLOCKER 3B,4H,SPRABERRY (TREND AREA),100,0.0,0.0,0.0,0.0
31743171,BOHANAN-BLOCKER 3B,4H,SPRABERRY (TREND AREA),101,0.0,0.0,0.0,0.0
31743171,BOHANAN-BLOCKER 3B,4H,SPRABERRY (TREND AREA),102,0.0,0.0,0.0,0.0
31743171,BOHANAN-BLOCKER 3B,4H,SPRABERRY (TREND AREA),103,0.0,0.0,0.0,0.0
31743171,BOHANAN-BLOCKER 3B,4H,SPRABERRY (TREND AREA),104,0.0,0.0,0.0,0.0
31743171,BOHANAN-BLOCKER 3B,4H,SPRABERRY (TREND AREA),105,0.0,0.0,0.0,0.0
31743171,BOHANAN-BLOCKER 3B,4H,SPRABERRY (TREND AREA),106,0.0,0.0,0.0,0.0
31743171,BOHANAN-BLOCKER 3B,4H,SPRABERRY (TREND AREA),107,0.0,0.0,0.0,0.0
31743171,BOHANAN-BLOCKER 3B,4H,SPRABERRY (TREND AREA),108,0.0,0.0,0.0,0.0
31743171,BOHANAN-BLOCKER 3B,4H,SPRABERRY (TREND AREA),109,0.0,0.0,0.0,0.0
31743171,BOHANAN-BLOCKER 3B,4H,SPRABERRY (TREND AREA),110,0.0,0.0,0.0,0.0
31743171,BOHANAN-BLOCKER 3B,4H,SPRABERRY (TREND AREA),111,0.0,0.0,0.0,0.0
31743171,BOHANAN-BLOCKER 3B,4H,SPRABERRY (TREND AREA),112,0.0,0.0,0.0,0.0
31743171,BOHANAN-BLOCKER 3B,4H,SPRABERRY (TREND AREA),113,0.0,0.0,0.0,0.0
31743171,BOHANAN-BLOCKER 3B,4H,SPRABERRY (TREND AREA),114,0.0,0.0,0.0,0.0
31743171,BOHANAN-BLOCKER 3B,4H,SPRABERRY (TREND AREA),115,0.0,0.0,0.0,0.0
31743171,BOHANAN-BLOCKER 3B,4H,SPRABERRY (TREND AREA),116,0.0,0.0,0.0,0.0
31743171,BOHANAN-BLOCKER 3B,4H,SPRABERRY (TREND AREA),117,0.0,0.0,0.0,0.0
31743171,BOHANAN-BLOCKER 3B,4H,SPRABERRY (TREND AREA),118,0.0,0.0,0.0,0.0
31743171,BOHANAN-BLOCKER 3B,4H,SPRABERRY (TREND AREA),119,0.0,0.0,0.0,0.0
31743171,BOHANAN-BLOCKER 3B,4H,SPRABERRY (TREND AREA),120,0.0,0.0,0.0,0.0
31743549,WELCH-COX E39V,322H,SPRABERRY (TREND AREA),34,560.3950568573546,0.0,0.0,884.8333333333334
31743549,WELCH-COX E39V,322H,SPRABERRY (TREND AREA),35,665.1940477733697,560.3950568573546,186.79835228578486,93.39917614289243
31743549,WELCH-COX E39V,322H,SPRABERRY (TREND AREA),36,729.4399299938746,665.1940477733697,408.52970154357473,204.26485077178737
31743549,WELCH-COX E39V,322H,SPRABERRY (TREND AREA),37,774.8104375075641,729.4399299938746,651.6763448748662,325.8381724374331
31743549,WELCH-COX E39V,322H,SPRABERRY (TREND AREA),38,808.199025893141,774.8104375075641,723.1481384249361,454.97324535536046
31743549,WELCH-COX E39V,322H,SPRABERRY (TREND AREA),39,835.9240178071527,808.199025893141,770.8164644648599,589.6730830042173
31743549,WELCH-COX E39V,322H,SPRABERRY (TREND AREA),40,861.4001983969115,835.9240178071527,806.3111604026193,728.9937526387426
31743549,WELCH-COX E39V,322H,SPRABERRY (TREND AREA),41,865.4938837717473,861.4001983969115,835.1744140324017,779.161276228669
31743549,WELCH-COX E39V,322H,SPRABERRY (TREND AREA),42,854.1555993034717,865.4938837717473,854.2726999919372,812.5445822283986
31743549,WELCH-COX E39V,322H,SPRABERRY (TREND AREA),43,831.4469288459468,854.1555993034717,860.3498938240435,833.3305271133314
31743549,WELCH-COX E39V,322H,SPRABERRY (TREND AREA),44,799.7619299055605,831.4469288459468,850.3654706403886,842.7699423363952
31743549,WELCH-COX E39V,322H,SPRABERRY (TREND AREA),45,760.5818449068561,799.7619299055605,828.4548193516597,841.3637596717984
31743549,WELCH-COX E39V,322H,SPRABERRY (TREND AREA),46,714.6866706886485,760.5818449068561,797.2635678861211,828.8067308550823
31743549,WELCH-COX E39V,322H,SPRABERRY (TREND AREA),47,662.3592470856283,714.6866706886485,758.3434818336883,804.3544762370384
31743549,WELCH-COX E39V,322H,SPRABERRY (TREND AREA),48,604.3288256181286,662.3592470856283,712.5425875603777,770.4987034560187
31743549,WELCH-COX E39V,322H,SPRABERRY (TREND AREA),49,541.3630182864199,604.3288256181286,660.4582477974685,728.8609078417949
31743549,WELCH-COX E39V,322H,SPRABERRY (TREND AREA),50,474.12650111396124,541.3630182864199,602.6836969967256,680.513589415207
31743549,WELCH-COX E39V,322H,SPRABERRY (TREND AREA),51,403.16665703726994,474.12650111396124,539.9394483395032,626.2410179499404
31743549,WELCH-COX E39V,322H,SPRABERRY (TREND AREA),52,328.93178054795044,403.16665703726994,472.8853921458837,566.6718199716761
31743549,WELCH-COX E39V,322H,SPRABERRY (TREND AREA),53,251.80243765858947,328.93178054795044,402.0749795663939,502.37933828155974
31743549,WELCH-COX E39V,322H,SPRABERRY (TREND AREA),54,172.12459956642985,251.80243765858947,327.9669584146033,433.9532033770533
31743549,WELCH-COX E39V,322H,SPRABERRY (TREND AREA),55,90.20994786121581,172.12459956642985,250.9529392576566,361.91916570177017
31743549,WELCH-COX E39V,322H,SPRABERRY (TREND AREA),56,6.3337653404687275,90.20994786121581,171.37899502874504,286.72698729756945
31743549,WELCH-COX E39V,322H,SPRABERRY (TREND AREA),57,0.0,6.3337653404687275,89.55610425603813,208.7615313353207
31743549,WELCH-COX E39V,322H,SPRABERRY (TREND AREA),58,0.0,0.0,32.18123773389485,141.56708849577572
31743549,WELCH-COX E39V,322H,SPRABERRY (TREND AREA),59,0.0,0.0,2.111255113489576,86.7451250711173
31743549,WELCH-COX E39V,322H,SPRABERRY (TREND AREA),60,0.0,0.0,0.0,44.77805212801906
31743549,WELCH-COX E39V,322H,SPRABERRY (TREND AREA),61,0.0,0.0,0.0,16.090618866947423
31743549,WELCH-COX E39V,322H,SPRABERRY (TREND AREA),62,0.0,0.0,0.0,1.055627556744788
31743549,WELCH-COX E39V,322H,SPRABERRY (TREND AREA),63,0.0,0.0,0.0,0.0
31743549,WELCH-COX E39V,322H,SPRABERRY (TREND AREA),64,0.0,0.0,0.0,0.0
31743549,WELCH-COX E39V,322H,SPRABERRY (TREND AREA),65,0.0,0.0,0.0,0.0
31743549,WELCH-COX E39V,322H,SPRABERRY (TREND AREA),66,0.0,0.0,0.0,0.0
31743549,WELCH-COX E39V,322H,SPRABERRY (TREND AREA),67,0.0,0.0,0.0,0.0
31743549,WELCH-COX E39V,322H,SPRABERRY (TREND AREA),68,0.0,0.0,0.0,0.0
31743549,WELCH-COX E39V,322H,SPRABERRY (TREND AREA),69,0.0,0.0,0.0,0.0
31743549,WELCH-COX E39V,322H,SPRABERRY (TREND AREA),70,0.0,0.0,0.0,0.0
31743549,WELCH-COX E39V,322H,SPRABERRY (TREND AREA),71,0.0,0.0,0.0,0.0
31743549,WELCH-COX E39V,322H,SPRABERRY (TREND AREA),72,0.0,0.0,0.0,0.0
31743549,WELCH-COX E39V,322H,SPRABERRY (TREND AREA),73,0.0,0.0,0.0,0.0
31743549,WELCH-COX E39V,322H,SPRABERRY (TREND AREA),74,0.0,0.0,0.0,0.0
31743549,WELCH-COX E39V,322H,SPRABERRY (TREND AREA),75,0.0,0.0,0.0,0.0
31743549,WELCH-COX E39V,322H,SPRABERRY (TREND AREA),76,0.0,0.0,0.0,0.0
31743549,WELCH-COX E39V,322H,SPRABERRY (TREND AREA),77,0.0,0.0,0.0,0.0
31743549,WELCH-COX E39V,322H,SPRABERRY (TREND AREA),78,0.0,0.0,0.0,0.0
31743549,WELCH-COX E39V,322H,SPRABERRY (TREND AREA),79,0.0,0.0,0.0,0.0
31743549,WELCH-COX E39V,322H,SPRABERRY (TREND AREA),80,0.0,0.0,0.0,0.0
31743549,WELCH-COX E39V,322H,SPRABERRY (TREND AREA),81,0.0,0.0,0.0,0.0
31743549,WELCH-COX E39V,322H,SPRABERRY (TREND AREA),82,0.0,0.0,0.0,0.0
31743549,WELCH-COX E39V,322H,SPRABERRY (TREND AREA),83,0.0,0.0,0.0,0.0
31743549,WELCH-COX E39V,322H,SPRABERRY (TREND AREA),84,0.0,0.0,0.0,0.0
31743549,WELCH-COX E39V,322H,SPRABERRY (TREND AREA),85,0.0,0.0,0.0,0.0
31743549,WELCH-COX E39V,322H,SPRABERRY (TREND AREA),86,0.0,0.0,0.0,0.0
31743549,WELCH-COX E39V,322H,SPRABERRY (TREND AREA),87,0.0,0.0,0.0,0.0
31743549,WELCH-COX E39V,322H,SPRABERRY (TREND AREA),88,0.0,0.0,0.0,0.0
31743549,WELCH-COX E39V,322H,SPRABERRY (TREND AREA),89,0.0,0.0,0.0,0.0
31743549,WELCH-COX E39V,322H,SPRABERRY (TREND AREA),90,0.0,0.0,0.0,0.0
31743549,WELCH-COX E39V,322H,SPRABERRY (TREND AREA),91,0.0,0.0,0.0,0.0
31743549,WELCH-COX E39V,322H,SPRABERRY (TREND AREA),92,0.0,0.0,0.0,0.0
31743549,WELCH-COX E39V,322H,SPRABERRY (TREND AREA),93,0.0,0.0,0.0,0.0
31743549,WELCH-COX E39V,322H,SPRABERRY (TREND AREA),94,0.0,0.0,0.0,0.0
31743549,WELCH-COX E39V,322H,SPRABERRY (TREND AREA),95,0.0,0.0,0.0,0.0
31743549,WELCH-COX E39V,322H,SPRABERRY (TREND AREA),96,0.0,0.0,0.0,0.0
31743549,WELCH-COX E39V,322H,SPRABERRY (TREND AREA),97,0.0,0.0,0.0,0.0
31743549,WELCH-COX E39V,322H,SPRABERRY (TREND AREA),98,0.0,0.0,0.0,0.0
31743549,WELCH-COX E39V,322H,SPRABERRY (TREND AREA),99,0.0,0.0,0.0,0.0
31743549,WELCH-COX E39V,322H,SPRABERRY (TREND AREA),100,0.0,0.0,0.0,0.0
31743549,WELCH-COX E39V,322H,SPRABERRY (TREND AREA),101,0.0,0.0,0.0,0.0
31743549,WELCH-COX E39V,322H,SPRABERRY (TREND AREA),102,0.0,0.0,0.0,0.0
31743549,WELCH-COX E39V,322H,SPRABERRY (TREND AREA),103,0.0,0.0,0.0,0.0
31743549,WELCH-COX E39V,322H,SPRABERRY (TREND AREA),104,0.0,0.0,0.0,0.0
31743549,WELCH-COX E39V,322H,SPRABERRY (TREND AREA),105,0.0,0.0,0.0,0.0
31743549,WELCH-COX E39V,322H,SPRABERRY (TREND AREA),106,0.0,0.0,0.0,0.0
31743549,WELCH-COX E39V,322H,SPRABERRY (TREND AREA),107,0.0,0.0,0.0,0.0
31743549,WELCH-COX E39V,322H,SPRABERRY (TREND AREA),108,0.0,0.0,0.0,0.0
31743549,WELCH-COX E39V,322H,SPRABERRY (TREND AREA),109,0.0,0.0,0.0,0.0
31743549,WELCH-COX E39V,322H,SPRABERRY (TREND AREA),110,0.0,0.0,0.0,0.0
31743549,WELCH-COX E39V,322H,SPRABERRY (TREND AREA),111,0.0,0.0,0.0,0.0
31743549,WELCH-COX E39V,322H,SPRABERRY (TREND AREA),112,0.0,0.0,0.0,0.0
31743549,WELCH-COX E39V,322H,SPRABERRY (TREND AREA),113,0.0,0.0,0.0,0.0
31743549,WELCH-COX E39V,322H,SPRABERRY (TREND AREA),114,0.0,0.0,0.0,0.0
31743549,WELCH-COX E39V,322H,SPRABERRY (TREND AREA),115,0.0,0.0,0.0,0.0
31743549,WELCH-COX E39V,322H,SPRABERRY (TREND AREA),116,0.0,0.0,0.0,0.0
31743549,WELCH-COX E39V,322H,SPRABERRY (TREND AREA),117,0.0,0.0,0.0,0.0
31743549,WELCH-COX E39V,322H,SPRABERRY (TREND AREA),118,0.0,0.0,0.0,0.0
31743549,WELCH-COX E39V,322H,SPRABERRY (TREND AREA),119,0.0,0.0,0.0,0.0
31743549,WELCH-COX E39V,322H,SPRABERRY (TREND AREA),120,0.0,0.0,0.0,0.0
31743566,WELCH-COX E39A,301H,SPRABERRY (TREND AREA),34,558.4639874995786,0.0,0.0,668.6666666666666
31743566,WELCH-COX E39A,301H,SPRABERRY (TREND AREA),35,798.5462266883586,558.4639874995786,186.15466249985954,483.74399791659647
31743566,WELCH-COX E39A,301H,SPRABERRY (TREND AREA),36,891.0302433154092,798.5462266883586,452.33673806264574,393.6683690313229
31743566,WELCH-COX E39A,301H,SPRABERRY (TREND AREA),37,921.0529101503975,891.0302433154092,749.3468191677821,374.67340958389104
31743566,WELCH-COX E39A,301H,SPRABERRY (TREND AREA),38,952.7239130478841,921.0529101503975,870.2097933847217,528.1822279422906
31743566,WELCH-COX E39A,301H,SPRABERRY (TREND AREA),39,985.0204481749137,952.7239130478841,921.6023555045635,686.9695467836046
31743566,WELCH-COX E39A,301H,SPRABERRY (TREND AREA),40,1018.4450150961555,985.0204481749137,952.932423791065,851.1396214794236
31743566,WELCH-COX E39A,301H,SPRABERRY (TREND AREA),41,1032.8278581944621,1018.4450150961555,985.3964587729844,927.8031260788531
31743566,WELCH-COX E39A,301H,SPRABERRY (TREND AREA),42,1028.4333761982587,1032.8278581944621,1012.0977738218438,966.8500646632037
31743566,WELCH-COX E39A,301H,SPRABERRY (TREND AREA),43,1010.0948290920763,1028.4333761982587,1026.5687498296254,989.7505868103453
31743566,WELCH-COX E39A,301H,SPRABERRY (TREND AREA),44,982.1149411962996,1010.0948290920763,1023.7853544949324,1004.5909066339583
31743566,WELCH-COX E39A,301H,SPRABERRY (TREND AREA),45,946.4411994055007,982.1149411962996,1006.8810488288782,1009.489411325361
31743566,WELCH-COX E39A,301H,SPRABERRY (TREND AREA),46,903.8821489022824,946.4411994055007,979.5503232312922,1003.0595365304588
31743566,WELCH-COX E39A,301H,SPRABERRY (TREND AREA),47,854.6196944995112,903.8821489022824,944.1460965013608,983.9657254981466
31743566,WELCH-COX E39A,301H,SPRABERRY (TREND AREA),48,799.2338870357192,854.6196944995112,901.6476809357647,954.2643648823214
31743566,WELCH-COX E39A,301H,SPRABERRY (TREND AREA),49,738.5204448282692,799.2338870357192,852.5785768125043,916.0644500218982
31743566,WELCH-COX E39A,301H,SPRABERRY (TREND AREA),50,673.2392875430086,738.5204448282692,797.4580087878331,870.8020526445971
31743566,WELCH-COX E39A,301H,SPRABERRY (TREND AREA),51,604.002435022819,673.2392875430086,736.9978731356656,819.3227770357153
31743566,WELCH-COX E39A,301H,SPRABERRY (TREND AREA),52,531.2928564894672,604.002435022819,671.9207224646989,762.2496496386016
31743566,WELCH-COX E39A,301H,SPRABERRY (TREND AREA),53,455.51001468554824,531.2928564894672,602.8448596850982,700.1514342364658
31743566,WELCH-COX E39A,301H,SPRABERRY (TREND AREA),54,377.01428432498307,455.51001468554824,530.2684353992781,633.6331542674719
31743566,WELCH-COX E39A,301H,SPRABERRY (TREND AREA),55,296.1351242240847,377.01428432498307,454.6057184999995,563.2632204823493
31743566,WELCH-COX E39A,301H,SPRABERRY (TREND AREA),56,213.16689791541768,296.1351242240847,376.219807744872,489.5323337149852
31743566,WELCH-COX E39A,301H,SPRABERRY (TREND AREA),57,128.36699622835778,213.16689791541768,295.43876882149516,412.85360211038665
31743566,WELCH-COX E39A,301H,SPRABERRY (TREND AREA),58,41.95900175675054,128.36699622835778,212.5563394559534,333.5810289779764
31743566,WELCH-COX E39A,301H,SPRABERRY (TREND AREA),59,0.0,41.95900175675054,127.83096530017532,252.02538652252363
31743566,WELCH-COX E39A,301H,SPRABERRY (TREND AREA),60,0.0,0.0,56.77533266170277,176.10705074159895
31743566,WELCH-COX E39A,301H,SPRABERRY (TREND AREA),61,0.0,0.0,13.986333918916847,113.27133668743512
31743566,WELCH-COX E39A,301H,SPRABERRY (TREND AREA),62,0.0,0.0,0.0,63.91548265008766
31743566,WELCH-COX E39A,301H,SPRABERRY (TREND AREA),63,0.0,0.0,0.0,28.387666330851385
31743566,WELCH-COX E39A,301H,SPRABERRY (TREND AREA),64,0.0,0.0,0.0,6.993166959458423
31743566,WELCH-COX E39A,301H,SPRABERRY (TREND AREA),65,0.0,0.0,0.0,0.0
31743566,WELCH-COX E39A,301H,SPRABERRY (TREND AREA),66,0.0,0.0,0.0,0.0
31743566,WELCH-COX E39A,301H,SPRABERRY (TREND AREA),67,0.0,0.0,0.0,0.0
31743566,WELCH-COX E39A,301H,SPRABERRY (TREND AREA),68,0.0,0.0,0.0,0.0
31743566,WELCH-COX E39A,301H,SPRABERRY (TREND AREA),69,0.0,0.0,0.0,0.0
31743566,WELCH-COX E39A,301H,SPRABERRY (TREND AREA),70,0.0,0.0,0.0,0.0
31743566,WELCH-COX E39A,301H,SPRABERRY (TREND AREA),71,0.0,0.0,0.0,0.0
31743566,WELCH-COX E39A,301H,SPRABERRY (TREND AREA),72,0.0,0.0,0.0,0.0
31743566,WELCH-COX E39A,301H,SPRABERRY (TREND AREA),73,0.0,0.0,0.0,0.0
31743566,WELCH-COX E39A,301H,SPRABERRY (TREND AREA),74,0.0,0.0,0.0,0.0
31743566,WELCH-COX E39A,301H,SPRABERRY (TREND AREA),75,0.0,0.0,0.0,0.0
31743566,WELCH-COX E39A,301H,SPRABERRY (TREND AREA),76,0.0,0.0,0.0,0.0
31743566,WELCH-COX E39A,301H,SPRABERRY (TREND AREA),77,0.0,0.0,0.0,0.0
31743566,WELCH-COX E39A,301H,SPRABERRY (TREND AREA),78,0.0,0.0,0.0,0.0
31743566,WELCH-COX E39A,301H,SPRABERRY (TREND AREA),79,0.0,0.0,0.0,0.0
31743566,WELCH-COX E39A,301H,SPRABERRY (TREND AREA),80,0.0,0.0,0.0,0.0
31743566,WELCH-COX E39A,301H,SPRABERRY (TREND AREA),81,0.0,0.0,0.0,0.0
31743566,WELCH-COX E39A,301H,SPRABERRY (TREND AREA),82,0.0,0.0,0.0,0.0
31743566,WELCH-COX E39A,301H,SPRABERRY (TREND AREA),83,0.0,0.0,0.0,0.0
31743566,WELCH-COX E39A,301H,SPRABERRY (TREND AREA),84,0.0,0.0,0.0,0.0
31743566,WELCH-COX E39A,301H,SPRABERRY (TREND AREA),85,0.0,0.0,0.0,0.0
31743566,WELCH-COX E39A,301H,SPRABERRY (TREND AREA),86,0.0,0.0,0.0,0.0
31743566,WELCH-COX E39A,301H,SPRABERRY (TREND AREA),87,0.0,0.0,0.0,0.0
31743566,WELCH-COX E39A,301H,SPRABERRY (TREND AREA),88,0.0,0.0,0.0,0.0
31743566,WELCH-COX E39A,301H,SPRABERRY (TREND AREA),89,0.0,0.0,0.0,0.0
31743566,WELCH-COX E39A,301H,SPRABERRY (TREND AREA),90,0.0,0.0,0.0,0.0
31743566,WELCH-COX E39A,301H,SPRABERRY (TREND AREA),91,0.0,0.0,0.0,0.0
31743566,WELCH-COX E39A,301H,SPRABERRY (TREND AREA),92,0.0,0.0,0.0,0.0
31743566,WELCH-COX E39A,301H,SPRABERRY (TREND AREA),93,0.0,0.0,0.0,0.0
31743566,WELCH-COX E39A,301H,SPRABERRY (TREND AREA),94,0.0,0.0,0.0,0.0
31743566,WELCH-COX E39A,301H,SPRABERRY (TREND AREA),95,0.0,0.0,0.0,0.0
31743566,WELCH-COX E39A,301H,SPRABERRY (TREND AREA),96,0.0,0.0,0.0,0.0
31743566,WELCH-COX E39A,301H,SPRABERRY (TREND AREA),97,0.0,0.0,0.0,0.0
31743566,WELCH-COX E39A,301H,SPRABERRY (TREND AREA),98,0.0,0.0,0.0,0.0
31743566,WELCH-COX E39A,301H,SPRABERRY (TREND AREA),99,0.0,0.0,0.0,0.0
31743566,WELCH-COX E39A,301H,SPRABERRY (TREND AREA),100,0.0,0.0,0.0,0.0
31743566,WELCH-COX E39A,301H,SPRABERRY (TREND AREA),101,0.0,0.0,0.0,0.0
31743566,WELCH-COX E39A,301H,SPRABERRY (TREND AREA),102,0.0,0.0,0.0,0.0
31743566,WELCH-COX E39A,301H,SPRABERRY (TREND AREA),103,0.0,0.0,0.0,0.0
31743566,WELCH-COX E39A,301H,SPRABERRY (TREND AREA),104,0.0,0.0,0.0,0.0
31743566,WELCH-COX E39A,301H,SPRABERRY (TREND AREA),105,0.0,0.0,0.0,0.0
31743566,WELCH-COX E39A,301H,SPRABERRY (TREND AREA),106,0.0,0.0,0.0,0.0
31743566,WELCH-COX E39A,301H,SPRABERRY (TREND AREA),107,0.0,0.0,0.0,0.0
31743566,WELCH-COX E39A,301H,SPRABERRY (TREND AREA),108,0.0,0.0,0.0,0.0
31743566,WELCH-COX E39A,301H,SPRABERRY (TREND AREA),109,0.0,0.0,0.0,0.0
31743566,WELCH-COX E39A,301H,SPRABERRY (TREND AREA),110,0.0,0.0,0.0,0.0
31743566,WELCH-COX E39A,301H,SPRABERRY (TREND AREA),111,0.0,0.0,0.0,0.0
31743566,WELCH-COX E39A,301H,SPRABERRY (TREND AREA),112,0.0,0.0,0.0,0.0
31743566,WELCH-COX E39A,301H,SPRABERRY (TREND AREA),113,0.0,0.0,0.0,0.0
31743566,WELCH-COX E39A,301H,SPRABERRY (TREND AREA),114,0.0,0.0,0.0,0.0
31743566,WELCH-COX E39A,301H,SPRABERRY (TREND AREA),115,0.0,0.0,0.0,0.0
31743566,WELCH-COX E39A,301H,SPRABERRY (TREND AREA),116,0.0,0.0,0.0,0.0
31743566,WELCH-COX E39A,301H,SPRABERRY (TREND AREA),117,0.0,0.0,0.0,0.0
31743566,WELCH-COX E39A,301H,SPRABERRY (TREND AREA),118,0.0,0.0,0.0,0.0
31743566,WELCH-COX E39A,301H,SPRABERRY (TREND AREA),119,0.0,0.0,0.0,0.0
31743566,WELCH-COX E39A,301H,SPRABERRY (TREND AREA),120,0.0,0.0,0.0,0.0
31743568,WELCH-COX E39T,320H,SPRABERRY (TREND AREA),34,793.6410823075325,0.0,0.0,1922.5
31743568,WELCH-COX E39T,320H,SPRABERRY (TREND AREA),35,1089.3575534311653,793.6410823075325,264.5470274358442,1417.2735137179222
31743568,WELCH-COX E39T,320H,SPRABERRY (TREND AREA),36,1137.6441972467055,1089.3575534311653,627.6662119128993,988.9997726231164
31743568,WELCH-COX E39T,320H,SPRABERRY (TREND AREA),37,1040.8217466508722,1137.6441972467055,1006.8809443284678,503.4404721642339
31743568,WELCH-COX E39T,320H,SPRABERRY (TREND AREA),38,1008.2193757936011,1040.8217466508722,1089.274499109581,676.9107632727126
31743568,WELCH-COX E39T,320H,SPRABERRY (TREND AREA),39,1006.5282610314689,1008.2193757936011,1062.2284398970596,844.9473259049795
31743568,WELCH-COX E39T,320H,SPRABERRY (TREND AREA),40,1020.9890123197733,1006.5282610314689,1018.5231278253141,1012.702036076891
31743568,WELCH-COX E39T,320H,SPRABERRY (TREND AREA),41,1015.6840402480761,1020.9890123197733,1011.9122163816145,1050.5933577455978
31743568,WELCH-COX E39T,320H,SPRABERRY (TREND AREA),42,988.7009729802503,1015.6840402480761,1014.4004378664395,1038.3144388817493
31743568,WELCH-COX E39T,320H,SPRABERRY (TREND AREA),43,947.1081966122497,988.7009729802503,1008.4580085160333,1013.4905681706737
31743568,WELCH-COX E39T,320H,SPRABERRY (TREND AREA),44,899.368562861504,947.1081966122497,983.8310699468587,997.8716431642366
31743568,WELCH-COX E39T,320H,SPRABERRY (TREND AREA),45,847.4744625842709,899.368562861504,945.0592441513346,979.729841008887
31743568,WELCH-COX E39T,320H,SPRABERRY (TREND AREA),46,791.3011200677556,847.4744625842709,897.9837406860082,953.2208746010207
31743568,WELCH-COX E39T,320H,SPRABERRY (TREND AREA),47,730.0878492462257,791.3011200677556,846.0480485045101,914.9395592256845
31743568,WELCH-COX E39T,320H,SPRABERRY (TREND AREA),48,663.9864382392616,730.0878492462257,789.6211439660841,867.3401940587095
31743568,WELCH-COX E39T,320H,SPRABERRY (TREND AREA),49,593.7021336605112,663.9864382392616,728.4584691844143,813.2211049352113
31743568,WELCH-COX E39T,320H,SPRABERRY (TREND AREA),50,520.0040797431475,593.7021336605112,662.5921403819995,754.3200944432548
31743568,WELCH-COX E39T,320H,SPRABERRY (TREND AREA),51,443.41802484892196,520.0040797431475,592.5642172143067,691.0926805901954
31743568,WELCH-COX E39T,320H,SPRABERRY (TREND AREA),52,364.2869576285648,443.41802484892196,519.0414127508602,623.7499409676373
31743568,WELCH-COX E39T,320H,SPRABERRY (TREND AREA),53,282.87096222229957,364.2869576285648,442.5696874068781,552.5809138944388
31743568,WELCH-COX E39T,320H,SPRABERRY (TREND AREA),54,199.42041849449285,282.87096222229957,363.5253148999288,478.0447660571178
31743568,WELCH-COX E39T,320H,SPRABERRY (TREND AREA),55,114.18229249209888,199.42041849449285,282.1927794484524,400.6170960996563
31743568,WELCH-COX E39T,320H,SPRABERRY (TREND AREA),56,27.383887200624013,114.18229249209888,198.82455773629712,320.6971225715876
31743568,WELCH-COX E39T,320H,SPRABERRY (TREND AREA),57,0.0,27.383887200624013,113.66219939573858,238.59375714783368
31743568,WELCH-COX E39T,320H,SPRABERRY (TREND AREA),58,0.0,0.0,47.188726564240966,164.69075300634668
31743568,WELCH-COX E39T,320H,SPRABERRY (TREND AREA),59,0.0,0.0,9.127962400208004,103.97626006825256
31743568,WELCH-COX E39T,320H,SPRABERRY (TREND AREA),60,0.0,0.0,0.0,56.83109969786929
31743568,WELCH-COX E39T,320H,SPRABERRY (TREND AREA),61,0.0,0.0,0.0,23.594363282120483
31743568,WELCH-COX E39T,320H,SPRABERRY (TREND AREA),62,0.0,0.0,0.0,4.563981200104002
31743568,WELCH-COX E39T,320H,SPRABERRY (TREND AREA),63,0.0,0.0,0.0,0.0
31743568,WELCH-COX E39T,320H,SPRABERRY (TREND AREA),64,0.0,0.0,0.0,0.0
31743568,WELCH-COX E39T,320H,SPRABERRY (TREND AREA),65,0.0,0.0,0.0,0.0
31743568,WELCH-COX E39T,320H,SPRABERRY (TREND AREA),66,0.0,0.0,0.0,0.0
31743568,WELCH-COX E39T,320H,SPRABERRY (TREND AREA),67,0.0,0.0,0.0,0.0
31743568,WELCH-COX E39T,320H,SPRABERRY (TREND AREA),68,0.0,0.0,0.0,0.0
31743568,WELCH-COX E39T,320H,SPRABERRY (TREND AREA),69,0.0,0.0,0.0,0.0
31743568,WELCH-COX E39T,320H,SPRABERRY (TREND AREA),70,0.0,0.0,0.0,0.0
31743568,WELCH-COX E39T,320H,SPRABERRY (TREND AREA),71,0.0,0.0,0.0,0.0
31743568,WELCH-COX E39T,320H,SPRABERRY (TREND AREA),72,0.0,0.0,0.0,0.0
31743568,WELCH-COX E39T,320H,SPRABERRY (TREND AREA),73,0.0,0.0,0.0,0.0
31743568,WELCH-COX E39T,320H,SPRABERRY (TREND AREA),74,0.0,0.0,0.0,0.0
31743568,WELCH-COX E39T,320H,SPRABERRY (TREND AREA),75,0.0,0.0,0.0,0.0
31743568,WELCH-COX E39T,320H,SPRABERRY (TREND AREA),76,0.0,0.0,0.0,0.0
31743568,WELCH-COX E39T,320H,SPRABERRY (TREND AREA),77,0.0,0.0,0.0,0.0
31743568,WELCH-COX E39T,320H,SPRABERRY (TREND AREA),78,0.0,0.0,0.0,0.0
31743568,WELCH-COX E39T,320H,SPRABERRY (TREND AREA),79,0.0,0.0,0.0,0.0
31743568,WELCH-COX E39T,320H,SPRABERRY (TREND AREA),80,0.0,0.0,0.0,0.0
31743568,WELCH-COX E39T,320H,SPRABERRY (TREND AREA),81,0.0,0.0,0.0,0.0
31743568,WELCH-COX E39T,320H,SPRABERRY (TREND AREA),82,0.0,0.0,0.0,0.0
31743568,WELCH-COX E39T,320H,SPRABERRY (TREND AREA),83,0.0,0.0,0.0,0.0
31743568,WELCH-COX E39T,320H,SPRABERRY (TREND AREA),84,0.0,0.0,0.0,0.0
31743568,WELCH-COX E39T,320H,SPRABERRY (TREND AREA),85,0.0,0.0,0.0,0.0
31743568,WELCH-COX E39T,320H,SPRABERRY (TREND AREA),86,0.0,0.0,0.0,0.0
31743568,WELCH-COX E39T,320H,SPRABERRY (TREND AREA),87,0.0,0.0,0.0,0.0
31743568,WELCH-COX E39T,320H,SPRABERRY (TREND AREA),88,0.0,0.0,0.0,0.0
31743568,WELCH-COX E39T,320H,SPRABERRY (TREND AREA),89,0.0,0.0,0.0,0.0
31743568,WELCH-COX E39T,320H,SPRABERRY (TREND AREA),90,0.0,0.0,0.0,0.0
31743568,WELCH-COX E39T,320H,SPRABERRY (TREND AREA),91,0.0,0.0,0.0,0.0
31743568,WELCH-COX E39T,320H,SPRABERRY (TREND AREA),92,0.0,0.0,0.0,0.0
31743568,WELCH-COX E39T,320H,SPRABERRY (TREND AREA),93,0.0,0.0,0.0,0.0
31743568,WELCH-COX E39T,320H,SPRABERRY (TREND AREA),94,0.0,0.0,0.0,0.0
31743568,WELCH-COX E39T,320H,SPRABERRY (TREND AREA),95,0.0,0.0,0.0,0.0
31743568,WELCH-COX E39T,320H,SPRABERRY (TREND AREA),96,0.0,0.0,0.0,0.0
31743568,WELCH-COX E39T,320H,SPRABERRY (TREND AREA),97,0.0,0.0,0.0,0.0
31743568,WELCH-COX E39T,320H,SPRABERRY (TREND AREA),98,0.0,0.0,0.0,0.0
31743568,WELCH-COX E39T,320H,SPRABERRY (TREND AREA),99,0.0,0.0,0.0,0.0
31743568,WELCH-COX E39T,320H,SPRABERRY (TREND AREA),100,0.0,0.0,0.0,0.0
31743568,WELCH-COX E39T,320H,SPRABERRY (TREND AREA),101,0.0,0.0,0.0,0.0
31743568,WELCH-COX E39T,320H,SPRABERRY (TREND AREA),102,0.0,0.0,0.0,0.0
31743568,WELCH-COX E39T,320H,SPRABERRY (TREND AREA),103,0.0,0.0,0.0,0.0
31743568,WELCH-COX E39T,320H,SPRABERRY (TREND AREA),104,0.0,0.0,0.0,0.0
31743568,WELCH-COX E39T,320H,SPRABERRY (TREND AREA),105,0.0,0.0,0.0,0.0
31743568,WELCH-COX E39T,320H,SPRABERRY (TREND AREA),106,0.0,0.0,0.0,0.0
31743568,WELCH-COX E39T,320H,SPRABERRY (TREND AREA),107,0.0,0.0,0.0,0.0
31743568,WELCH-COX E39T,320H,SPRABERRY (TREND AREA),108,0.0,0.0,0.0,0.0
31743568,WELCH-COX E39T,320H,SPRABERRY (TREND AREA),109,0.0,0.0,0.0,0.0
31743568,WELCH-COX E39T,320H,SPRABERRY (TREND AREA),110,0.0,0.0,0.0,0.0
31743568,WELCH-COX E39T,320H,SPRABERRY (TREND AREA),111,0.0,0.0,0.0,0.0
31743568,WELCH-COX E39T,320H,SPRABERRY (TREND AREA),112,0.0,0.0,0.0,0.0
31743568,WELCH-COX E39T,320H,SPRABERRY (TREND AREA),113,0.0,0.0,0.0,0.0
31743568,WELCH-COX E39T,320H,SPRABERRY (TREND AREA),114,0.0,0.0,0.0,0.0
31743568,WELCH-COX E39T,320H,SPRABERRY (TREND AREA),115,0.0,0.0,0.0,0.0
31743568,WELCH-COX E39T,320H,SPRABERRY (TREND AREA),116,0.0,0.0,0.0,0.0
31743568,WELCH-COX E39T,320H,SPRABERRY (TREND AREA),117,0.0,0.0,0.0,0.0
31743568,WELCH-COX E39T,320H,SPRABERRY (TREND AREA),118,0.0,0.0,0.0,0.0
31743568,WELCH-COX E39T,320H,SPRABERRY (TREND AREA),119,0.0,0.0,0.0,0.0
31743568,WELCH-COX E39T,320H,SPRABERRY (TREND AREA),120,0.0,0.0,0.0,0.0
31743755,GLYNN-ATCHISON 44N,214H,SPRABERRY (TREND AREA),34,3756.1147524095304,4172.0,4509.0,4710.5
31743755,GLYNN-ATCHISON 44N,214H,SPRABERRY (TREND AREA),35,3437.2733180854184,3756.1147524095304,4094.37158413651,4417.019125401588
31743755,GLYNN-ATCHISON 44N,214H,SPRABERRY (TREND AREA),36,3169.170058293127,3437.2733180854184,3788.4626901649826,4107.898011749158
31743755,GLYNN-ATCHISON 44N,214H,SPRABERRY (TREND AREA),37,2968.754713032974,3169.170058293127,3454.186042929359,3981.593021464679
31743755,GLYNN-ATCHISON 44N,214H,SPRABERRY (TREND AREA),38,2758.3917292087826,2968.754713032974,3191.732696470506,3643.0521403035077
31743755,GLYNN-ATCHISON 44N,214H,SPRABERRY (TREND AREA),39,2559.7335981122606,2758.3917292087826,2965.4388335116278,3376.950761838305
31743755,GLYNN-ATCHISON 44N,214H,SPRABERRY (TREND AREA),40,2367.241240308338,2559.7335981122606,2762.2933467846724,3108.2396948570154
31743755,GLYNN-ATCHISON 44N,214H,SPRABERRY (TREND AREA),41,2186.47627536477,2367.241240308338,2561.7888558764603,2876.7607761734835
31743755,GLYNN-ATCHISON 44N,214H,SPRABERRY (TREND AREA),42,2017.3724486169638,2186.47627536477,2371.1503712617896,2668.294602386709
31743755,GLYNN-ATCHISON 44N,214H,SPRABERRY (TREND AREA),43,1858.4300077542018,2017.3724486169638,2190.363321430024,2476.328334107348
31743755,GLYNN-ATCHISON 44N,214H,SPRABERRY (TREND AREA),44,1706.7179777395966,1858.4300077542018,2020.7595772453121,2291.274216560886
31743755,GLYNN-ATCHISON 44N,214H,SPRABERRY (TREND AREA),45,1561.2783962419942,1706.7179777395966,1860.8401447035874,2115.995257982688
31743755,GLYNN-ATCHISON 44N,214H,SPRABERRY (TREND AREA),46,1421.357155414975,1561.2783962419942,1708.8087939119307,1949.5860576709774
31743755,GLYNN-ATCHISON 44N,214H,SPRABERRY (TREND AREA),47,1286.4937949513467,1421.357155414975,1563.1178431321887,1791.9387101887503
31743755,GLYNN-ATCHISON 44N,214H,SPRABERRY (TREND AREA),48,1156.1766959301192,1286.4937949513467,1423.0431155361055,1641.9416301198462
31743755,GLYNN-ATCHISON 44N,214H,SPRABERRY (TREND AREA),49,1029.853237835134,1156.1766959301192,1288.0092154321471,1498.4090046720387
31743755,GLYNN-ATCHISON 44N,214H,SPRABERRY (TREND AREA),50,906.9857112003659,1029.853237835134,1157.5079095722,1360.3128763521943
31743755,GLYNN-ATCHISON 44N,214H,SPRABERRY (TREND AREA),51,787.1335197220936,906.9857112003659,1031.0052149885398,1227.0241652623224
31743755,GLYNN-ATCHISON 44N,214H,SPRABERRY (TREND AREA),52,669.9279723619869,787.1335197220936,907.9908229191979,1098.0000191756724
31743755,GLYNN-ATCHISON 44N,214H,SPRABERRY (TREND AREA),53,555.0546166517437,669.9279723619869,788.0157344281488,972.7618220001742
31743755,GLYNN-ATCHISON 44N,214H,SPRABERRY (TREND AREA),54,442.2350767675328,555.0546166517437,670.705369578608,850.8552922835738
31743755,GLYNN-ATCHISON 44N,214H,SPRABERRY (TREND AREA),55,331.2201679834009,442.2350767675328,555.7392219270878,731.8650224231428
31743755,GLYNN-ATCHISON 44N,214H,SPRABERRY (TREND AREA),56,221.78854123090818,331.2201679834009,442.83662046755916,615.426177447854
31743755,GLYNN-ATCHISON 44N,214H,SPRABERRY (TREND AREA),57,113.7462581347971,221.78854123090818,331.747928660614,501.22664911961107
31743755,GLYNN-ATCHISON 44N,214H,SPRABERRY (TREND AREA),58,6.923892000623565,113.7462581347971,222.2516557830354,388.9954388550616
31743755,GLYNN-ATCHISON 44N,214H,SPRABERRY (TREND AREA),59,0.0,6.923892000623565,114.15289712210961,278.49475879483435
31743755,GLYNN-ATCHISON 44N,214H,SPRABERRY (TREND AREA),60,0.0,0.0,40.22338337847356,185.98565601954374
31743755,GLYNN-ATCHISON 44N,214H,SPRABERRY (TREND AREA),61,0.0,0.0,2.3079640002078547,112.27980989162164
31743755,GLYNN-ATCHISON 44N,214H,SPRABERRY (TREND AREA),62,0.0,0.0,0.0,57.076448561054804
31743755,GLYNN-ATCHISON 44N,214H,SPRABERRY (TREND AREA),63,0.0,0.0,0.0,20.11169168923678
31743755,GLYNN-ATCHISON 44N,214H,SPRABERRY (TREND AREA),64,0.0,0.0,0.0,1.1539820001039274
31743755,GLYNN-ATCHISON 44N,214H,SPRABERRY (TREND AREA),65,0.0,0.0,0.0,0.0
31743755,GLYNN-ATCHISON 44N,214H,SPRABERRY (TREND AREA),66,0.0,0.0,0.0,0.0
31743755,GLYNN-ATCHISON 44N,214H,SPRABERRY (TREND AREA),67,0.0,0.0,0.0,0.0
31743755,GLYNN-ATCHISON 44N,214H,SPRABERRY (TREND AREA),68,0.0,0.0,0.0,0.0
31743755,GLYNN-ATCHISON 44N,214H,SPRABERRY (TREND AREA),69,0.0,0.0,0.0,0.0
31743755,GLYNN-ATCHISON 44N,214H,SPRABERRY (TREND AREA),70,0.0,0.0,0.0,0.0
31743755,GLYNN-ATCHISON 44N,214H,SPRABERRY (TREND AREA),71,0.0,0.0,0.0,0.0
31743755,GLYNN-ATCHISON 44N,214H,SPRABERRY (TREND AREA),72,0.0,0.0,0.0,0.0
31743755,GLYNN-ATCHISON 44N,214H,SPRABERRY (TREND AREA),73,0.0,0.0,0.0,0.0
31743755,GLYNN-ATCHISON 44N,214H,SPRABERRY (TREND AREA),74,0.0,0.0,0.0,0.0
31743755,GLYNN-ATCHISON 44N,214H,SPRABERRY (TREND AREA),75,0.0,0.0,0.0,0.0
31743755,GLYNN-ATCHISON 44N,214H,SPRABERRY (TREND AREA),76,0.0,0.0,0.0,0.0
31743755,GLYNN-ATCHISON 44N,214H,SPRABERRY (TREND AREA),77,0.0,0.0,0.0,0.0
31743755,GLYNN-ATCHISON 44N,214H,SPRABERRY (TREND AREA),78,0.0,0.0,0.0,0.0
31743755,GLYNN-ATCHISON 44N,214H,SPRABERRY (TREND AREA),79,0.0,0.0,0.0,0.0
31743755,GLYNN-ATCHISON 44N,214H,SPRABERRY (TREND AREA),80,0.0,0.0,0.0,0.0
31743755,GLYNN-ATCHISON 44N,214H,SPRABERRY (TREND AREA),81,0.0,0.0,0.0,0.0
31743755,GLYNN-ATCHISON 44N,214H,SPRABERRY (TREND AREA),82,0.0,0.0,0.0,0.0
31743755,GLYNN-ATCHISON 44N,214H,SPRABERRY (TREND AREA),83,0.0,0.0,0.0,0.0
31743755,GLYNN-ATCHISON 44N,214H,SPRABERRY (TREND AREA),84,0.0,0.0,0.0,0.0
31743755,GLYNN-ATCHISON 44N,214H,SPRABERRY (TREND AREA),85,0.0,0.0,0.0,0.0
31743755,GLYNN-ATCHISON 44N,214H,SPRABERRY (TREND AREA),86,0.0,0.0,0.0,0.0
31743755,GLYNN-ATCHISON 44N,214H,SPRABERRY (TREND AREA),87,0.0,0.0,0.0,0.0
31743755,GLYNN-ATCHISON 44N,214H,SPRABERRY (TREND AREA),88,0.0,0.0,0.0,0.0
31743755,GLYNN-ATCHISON 44N,214H,SPRABERRY (TREND AREA),89,0.0,0.0,0.0,0.0
31743755,GLYNN-ATCHISON 44N,214H,SPRABERRY (TREND AREA),90,0.0,0.0,0.0,0.0
31743755,GLYNN-ATCHISON 44N,214H,SPRABERRY (TREND AREA),91,0.0,0.0,0.0,0.0
31743755,GLYNN-ATCHISON 44N,214H,SPRABERRY (TREND AREA),92,0.0,0.0,0.0,0.0
31743755,GLYNN-ATCHISON 44N,214H,SPRABERRY (TREND AREA),93,0.0,0.0,0.0,0.0
31743755,GLYNN-ATCHISON 44N,214H,SPRABERRY (TREND AREA),94,0.0,0.0,0.0,0.0
31743755,GLYNN-ATCHISON 44N,214H,SPRABERRY (TREND AREA),95,0.0,0.0,0.0,0.0
31743755,GLYNN-ATCHISON 44N,214H,SPRABERRY (TREND AREA),96,0.0,0.0,0.0,0.0
31743755,GLYNN-ATCHISON 44N,214H,SPRABERRY (TREND AREA),97,0.0,0.0,0.0,0.0
31743755,GLYNN-ATCHISON 44N,214H,SPRABERRY (TREND AREA),98,0.0,0.0,0.0,0.0
31743755,GLYNN-ATCHISON 44N,214H,SPRABERRY (TREND AREA),99,0.0,0.0,0.0,0.0
31743755,GLYNN-ATCHISON 44N,214H,SPRABERRY (TREND AREA),100,0.0,0.0,0.0,0.0
31743755,GLYNN-ATCHISON 44N,214H,SPRABERRY (TREND AREA),101,0.0,0.0,0.0,0.0
31743755,GLYNN-ATCHISON 44N,214H,SPRABERRY (TREND AREA),102,0.0,0.0,0.0,0.0
31743755,GLYNN-ATCHISON 44N,214H,SPRABERRY (TREND AREA),103,0.0,0.0,0.0,0.0
31743755,GLYNN-ATCHISON 44N,214H,SPRABERRY (TREND AREA),104,0.0,0.0,0.0,0.0
31743755,GLYNN-ATCHISON 44N,214H,SPRABERRY (TREND AREA),105,0.0,0.0,0.0,0.0
31743755,GLYNN-ATCHISON 44N,214H,SPRABERRY (TREND AREA),106,0.0,0.0,0.0,0.0
31743755,GLYNN-ATCHISON 44N,214H,SPRABERRY (TREND AREA),107,0.0,0.0,0.0,0.0
31743755,GLYNN-ATCHISON 44N,214H,SPRABERRY (TREND AREA),108,0.0,0.0,0.0,0.0
31743755,GLYNN-ATCHISON 44N,214H,SPRABERRY (TREND AREA),109,0.0,0.0,0.0,0.0
31743755,GLYNN-ATCHISON 44N,214H,SPRABERRY (TREND AREA),110,0.0,0.0,0.0,0.0
31743755,GLYNN-ATCHISON 44N,214H,SPRABERRY (TREND AREA),111,0.0,0.0,0.0,0.0
31743755,GLYNN-ATCHISON 44N,214H,SPRABERRY (TREND AREA),112,0.0,0.0,0.0,0.0
31743755,GLYNN-ATCHISON 44N,214H,SPRABERRY (TREND AREA),113,0.0,0.0,0.0,0.0
31743755,GLYNN-ATCHISON 44N,214H,SPRABERRY (TREND AREA),114,0.0,0.0,0.0,0.0
31743755,GLYNN-ATCHISON 44N,214H,SPRABERRY (TREND AREA),115,0.0,0.0,0.0,0.0
31743755,GLYNN-ATCHISON 44N,214H,SPRABERRY (TREND AREA),116,0.0,0.0,0.0,0.0
31743755,GLYNN-ATCHISON 44N,214H,SPRABERRY (TREND AREA),117,0.0,0.0,0.0,0.0
31743755,GLYNN-ATCHISON 44N,214H,SPRABERRY (TREND AREA),118,0.0,0.0,0.0,0.0
31743755,GLYNN-ATCHISON 44N,214H,SPRABERRY (TREND AREA),119,0.0,0.0,0.0,0.0
31743755,GLYNN-ATCHISON 44N,214H,SPRABERRY (TREND AREA),120,0.0,0.0,0.0,0.0
31743757,GLYNN-ATCHISON 44M,213H,SPRABERRY (TREND AREA),34,2957.0385310063375,3046.0,3225.3333333333335,3833.0
31743757,GLYNN-ATCHISON 44M,213H,SPRABERRY (TREND AREA),35,2779.6461932409093,2957.0385310063375,2910.3461770021127,3380.3397551677226
31743757,GLYNN-ATCHISON 44M,213H,SPRABERRY (TREND AREA),36,2552.249932095793,2779.6461932409093,2927.5615747490824,2885.280787374541
31743757,GLYNN-ATCHISON 44M,213H,SPRABERRY (TREND AREA),37,2430.035509231395,2552.249932095793,2762.9782187810138,2994.1557760571736
31743757,GLYNN-ATCHISON 44M,213H,SPRABERRY (TREND AREA),38,2284.3272404970603,2430.035509231395,2587.3105448560323,2748.8283609290725
31743757,GLYNN-ATCHISON 44M,213H,SPRABERRY (TREND AREA),39,2164.77418784823,2284.3272404970603,2422.2042272747494,2674.8829010119157
31743757,GLYNN-ATCHISON 44M,213H,SPRABERRY (TREND AREA),40,2043.5895937011974,2164.77418784823,2293.045645858895,2528.011932319954
31743757,GLYNN-ATCHISON 44M,213H,SPRABERRY (TREND AREA),41,1920.3308117670986,2043.5895937011974,2164.2303406821625,2375.7704427690974
31743757,GLYNN-ATCHISON 44M,213H,SPRABERRY (TREND AREA),42,1798.1443014366369,1920.3308117670986,2042.8981977721753,2232.5512125234623
31743757,GLYNN-ATCHISON 44M,213H,SPRABERRY (TREND AREA),43,1680.455537763387,1798.1443014366369,1920.6882356349777,2106.8669407469365
31743757,GLYNN-ATCHISON 44M,213H,SPRABERRY (TREND AREA),44,1565.370329495815,1680.455537763387,1799.643550322374,1981.9369455022686
31743757,GLYNN-ATCHISON 44M,213H,SPRABERRY (TREND AREA),45,1452.8839189947007,1565.370329495815,1681.3233895652795,1862.1107936687276
31743757,GLYNN-ATCHISON 44M,213H,SPRABERRY (TREND AREA),46,1342.1218353539048,1452.8839189947007,1566.2365954179677,1743.4624155264728
31743757,GLYNN-ATCHISON 44M,213H,SPRABERRY (TREND AREA),47,1232.7220619809214,1342.1218353539048,1453.4586946148067,1626.5511224685904
31743757,GLYNN-ATCHISON 44M,213H,SPRABERRY (TREND AREA),48,1124.610780483877,1232.7220619809214,1342.575938776509,1511.949664170894
31743757,GLYNN-ATCHISON 44M,213H,SPRABERRY (TREND AREA),49,1017.7474617581497,1124.610780483877,1233.151559272901,1399.6940773454344
31743757,GLYNN-ATCHISON 44M,213H,SPRABERRY (TREND AREA),50,911.9853431060146,1017.7474617581497,1125.0267680743161,1289.2427313445614
31743757,GLYNN-ATCHISON 44M,213H,SPRABERRY (TREND AREA),51,807.1877001992402,911.9853431060146,1018.1145284493472,1180.3452336129283
31743757,GLYNN-ATCHISON 44M,213H,SPRABERRY (TREND AREA),52,703.217807251423,807.1877001992402,912.3068350211348,1072.7291971470179
31743757,GLYNN-ATCHISON 44M,213H,SPRABERRY (TREND AREA),53,599.9659094469571,703.217807251423,807.463616852226,966.2451924632711
31743757,GLYNN-ATCHISON 44M,213H,SPRABERRY (TREND AREA),54,497.34640935151396,599.9659094469571,703.4571389658735,860.7858337076103
31743757,GLYNN-ATCHISON 44M,213H,SPRABERRY (TREND AREA),55,395.2865654692973,497.34640935151396,600.176708683298,756.2417718522164
31743757,GLYNN-ATCHISON 44M,213H,SPRABERRY (TREND AREA),56,293.7197607877342,395.2865654692973,497.5329614225895,652.4982891374077
31743757,GLYNN-ATCHISON 44M,213H,SPRABERRY (TREND AREA),57,192.58596107038824,293.7197607877342,395.4509118695151,549.4540254176943
31743757,GLYNN-ATCHISON 44M,213H,SPRABERRY (TREND AREA),58,91.83170916539116,192.58596107038824,293.86409577580656,447.0204022295523
31743757,GLYNN-ATCHISON 44M,213H,SPRABERRY (TREND AREA),59,0.0,91.83170916539116,192.71247700783786,345.1227192152137
31743757,GLYNN-ATCHISON 44M,213H,SPRABERRY (TREND AREA),60,0.0,0.0,94.80589007859312,245.12840097405413
31743757,GLYNN-ATCHISON 44M,213H,SPRABERRY (TREND AREA),61,0.0,0.0,30.610569721797052,162.2373327488018
31743757,GLYNN-ATCHISON 44M,213H,SPRABERRY (TREND AREA),62,0.0,0.0,0.0,96.35623850391893
31743757,GLYNN-ATCHISON 44M,213H,SPRABERRY (TREND AREA),63,0.0,0.0,0.0,47.40294503929656
31743757,GLYNN-ATCHISON 44M,213H,SPRABERRY (TREND AREA),64,0.0,0.0,0.0,15.305284860898526
31743757,GLYNN-ATCHISON 44M,213H,SPRABERRY (TREND AREA),65,0.0,0.0,0.0,0.0
31743757,GLYNN-ATCHISON 44M,213H,SPRABERRY (TREND AREA),66,0.0,0.0,0.0,0.0
31743757,GLYNN-ATCHISON 44M,213H,SPRABERRY (TREND AREA),67,0.0,0.0,0.0,0.0
31743757,GLYNN-ATCHISON 44M,213H,SPRABERRY (TREND AREA),68,0.0,0.0,0.0,0.0
31743757,GLYNN-ATCHISON 44M,213H,SPRABERRY (TREND AREA),69,0.0,0.0,0.0,0.0
31743757,GLYNN-ATCHISON 44M,213H,SPRABERRY (TREND AREA),70,0.0,0.0,0.0,0.0
31743757,GLYNN-ATCHISON 44M,213H,SPRABERRY (TREND AREA),71,0.0,0.0,0.0,0.0
31743757,GLYNN-ATCHISON 44M,213H,SPRABERRY (TREND AREA),72,0.0,0.0,0.0,0.0
31743757,GLYNN-ATCHISON 44M,213H,SPRABERRY (TREND AREA),73,0.0,0.0,0.0,0.0
31743757,GLYNN-ATCHISON 44M,213H,SPRABERRY (TREND AREA),74,0.0,0.0,0.0,0.0
31743757,GLYNN-ATCHISON 44M,213H,SPRABERRY (TREND AREA),75,0.0,0.0,0.0,0.0
31743757,GLYNN-ATCHISON 44M,213H,SPRABERRY (TREND AREA),76,0.0,0.0,0.0,0.0
31743757,GLYNN-ATCHISON 44M,213H,SPRABERRY (TREND AREA),77,0.0,0.0,0.0,0.0
31743757,GLYNN-ATCHISON 44M,213H,SPRABERRY (TREND AREA),78,0.0,0.0,0.0,0.0
31743757,GLYNN-ATCHISON 44M,213H,SPRABERRY (TREND AREA),79,0.0,0.0,0.0,0.0
31743757,GLYNN-ATCHISON 44M,213H,SPRABERRY (TREND AREA),80,0.0,0.0,0.0,0.0
31743757,GLYNN-ATCHISON 44M,213H,SPRABERRY (TREND AREA),81,0.0,0.0,0.0,0.0
31743757,GLYNN-ATCHISON 44M,213H,SPRABERRY (TREND AREA),82,0.0,0.0,0.0,0.0
31743757,GLYNN-ATCHISON 44M,213H,SPRABERRY (TREND AREA),83,0.0,0.0,0.0,0.0
31743757,GLYNN-ATCHISON 44M,213H,SPRABERRY (TREND AREA),84,0.0,0.0,0.0,0.0
31743757,GLYNN-ATCHISON 44M,213H,SPRABERRY (TREND AREA),85,0.0,0.0,0.0,0.0
31743757,GLYNN-ATCHISON 44M,213H,SPRABERRY (TREND AREA),86,0.0,0.0,0.0,0.0
31743757,GLYNN-ATCHISON 44M,213H,SPRABERRY (TREND AREA),87,0.0,0.0,0.0,0.0
31743757,GLYNN-ATCHISON 44M,213H,SPRABERRY (TREND AREA),88,0.0,0.0,0.0,0.0
31743757,GLYNN-ATCHISON 44M,213H,SPRABERRY (TREND AREA),89,0.0,0.0,0.0,0.0
31743757,GLYNN-ATCHISON 44M,213H,SPRABERRY (TREND AREA),90,0.0,0.0,0.0,0.0
31743757,GLYNN-ATCHISON 44M,213H,SPRABERRY (TREND AREA),91,0.0,0.0,0.0,0.0
31743757,GLYNN-ATCHISON 44M,213H,SPRABERRY (TREND AREA),92,0.0,0.0,0.0,0.0
31743757,GLYNN-ATCHISON 44M,213H,SPRABERRY (TREND AREA),93,0.0,0.0,0.0,0.0
31743757,GLYNN-ATCHISON 44M,213H,SPRABERRY (TREND AREA),94,0.0,0.0,0.0,0.0
31743757,GLYNN-ATCHISON 44M,213H,SPRABERRY (TREND AREA),95,0.0,0.0,0.0,0.0
31743757,GLYNN-ATCHISON 44M,213H,SPRABERRY (TREND AREA),96,0.0,0.0,0.0,0.0
31743757,GLYNN-ATCHISON 44M,213H,SPRABERRY (TREND AREA),97,0.0,0.0,0.0,0.0
31743757,GLYNN-ATCHISON 44M,213H,SPRABERRY (TREND AREA),98,0.0,0.0,0.0,0.0
31743757,GLYNN-ATCHISON 44M,213H,SPRABERRY (TREND AREA),99,0.0,0.0,0.0,0.0
31743757,GLYNN-ATCHISON 44M,213H,SPRABERRY (TREND AREA),100,0.0,0.0,0.0,0.0
31743757,GLYNN-ATCHISON 44M,213H,SPRABERRY (TREND AREA),101,0.0,0.0,0.0,0.0
31743757,GLYNN-ATCHISON 44M,213H,SPRABERRY (TREND AREA),102,0.0,0.0,0.0,0.0
31743757,GLYNN-ATCHISON 44M,213H,SPRABERRY (TREND AREA),103,0.0,0.0,0.0,0.0
31743757,GLYNN-ATCHISON 44M,213H,SPRABERRY (TREND AREA),104,0.0,0.0,0.0,0.0
31743757,GLYNN-ATCHISON 44M,213H,SPRABERRY (TREND AREA),105,0.0,0.0,0.0,0.0
31743757,GLYNN-ATCHISON 44M,213H,SPRABERRY (TREND AREA),106,0.0,0.0,0.0,0.0
31743757,GLYNN-ATCHISON 44M,213H,SPRABERRY (TREND AREA),107,0.0,0.0,0.0,0.0
31743757,GLYNN-ATCHISON 44M,213H,SPRABERRY (TREND AREA),108,0.0,0.0,0.0,0.0
31743757,GLYNN-ATCHISON 44M,213H,SPRABERRY (TREND AREA),109,0.0,0.0,0.0,0.0
31743757,GLYNN-ATCHISON 44M,213H,SPRABERRY (TREND AREA),110,0.0,0.0,0.0,0.0
31743757,GLYNN-ATCHISON 44M,213H,SPRABERRY (TREND AREA),111,0.0,0.0,0.0,0.0
31743757,GLYNN-ATCHISON 44M,213H,SPRABERRY (TREND AREA),112,0.0,0.0,0.0,0.0
31743757,GLYNN-ATCHISON 44M,213H,SPRABERRY (TREND AREA),113,0.0,0.0,0.0,0.0
31743757,GLYNN-ATCHISON 44M,213H,SPRABERRY (TREND AREA),114,0.0,0.0,0.0,0.0
31743757,GLYNN-ATCHISON 44M,213H,SPRABERRY (TREND AREA),115,0.0,0.0,0.0,0.0
31743757,GLYNN-ATCHISON 44M,213H,SPRABERRY (TREND AREA),116,0.0,0.0,0.0,0.0
31743757,GLYNN-ATCHISON 44M,213H,SPRABERRY (TREND AREA),117,0.0,0.0,0.0,0.0
31743757,GLYNN-ATCHISON 44M,213H,SPRABERRY (TREND AREA),118,0.0,0.0,0.0,0.0
31743757,GLYNN-ATCHISON 44M,213H,SPRABERRY (TREND AREA),119,0.0,0.0,0.0,0.0
31743757,GLYNN-ATCHISON 44M,213H,SPRABERRY (TREND AREA),120,0.0,0.0,0.0,0.0
31743759,GLYNN-ATCHISON 44L,212H,SPRABERRY (TREND AREA),34,2015.554300855597,2024.0,2158.6666666666665,2179.1666666666665
31743759,GLYNN-ATCHISON 44L,212H,SPRABERRY (TREND AREA),35,1983.6555837973747,2015.554300855597,2084.518100285199,2159.592383475933
31743759,GLYNN-ATCHISON 44L,212H,SPRABERRY (TREND AREA),36,1934.2701369788838,1983.6555837973747,2007.7366282176572,2118.368314108829
31743759,GLYNN-ATCHISON 44L,212H,SPRABERRY (TREND AREA),37,1874.4900560008173,1934.2701369788838,1977.8266738772852,2068.246670271976
31743759,GLYNN-ATCHISON 44L,212H,SPRABERRY (TREND AREA),38,1806.4331291594362,1874.4900560008173,1930.805258925692,2007.6616796054452
31743759,GLYNN-ATCHISON 44L,212H,SPRABERRY (TREND AREA),39,1732.0406046161597,1806.4331291594362,1871.7311073797125,1939.7338677986845
31743759,GLYNN-ATCHISON 44L,212H,SPRABERRY (TREND AREA),40,1658.4113679177453,1732.0406046161597,1804.3212632588045,1891.0739685680448
31743759,GLYNN-ATCHISON 44L,212H,SPRABERRY (TREND AREA),41,1582.6531350792875,1658.4113679177453,1732.2950338977805,1831.5501464117363
31743759,GLYNN-ATCHISON 44L,212H,SPRABERRY (TREND AREA),42,1504.057754261974,1582.6531350792875,1657.7017025377309,1764.7164049587216
31743759,GLYNN-ATCHISON 44L,212H,SPRABERRY (TREND AREA),43,1422.8188761098932,1504.057754261974,1581.7074190863357,1693.01434117257
31743759,GLYNN-ATCHISON 44L,212H,SPRABERRY (TREND AREA),44,1339.3070306359805,1422.8188761098932,1503.176588483718,1617.7358111907495
31743759,GLYNN-ATCHISON 44L,212H,SPRABERRY (TREND AREA),45,1253.9446661324923,1339.3070306359805,1422.0612203359494,1539.88146143684
31743759,GLYNN-ATCHISON 44L,212H,SPRABERRY (TREND AREA),46,1167.1329824009194,1253.9446661324923,1338.6901909594553,1460.1988050228956
31743759,GLYNN-ATCHISON 44L,212H,SPRABERRY (TREND AREA),47,1079.0123160404883,1167.1329824009194,1253.4615597231307,1378.3190741034243
31743759,GLYNN-ATCHISON 44L,212H,SPRABERRY (TREND AREA),48,989.6952560011764,1079.0123160404883,1166.6966548579667,1294.378937596958
31743759,GLYNN-ATCHISON 44L,212H,SPRABERRY (TREND AREA),49,899.3081252410493,989.6952560011764,1078.613518147528,1208.6518545534918
31743759,GLYNN-ATCHISON 44L,212H,SPRABERRY (TREND AREA),50,807.9801781108272,899.3081252410493,989.3385657609047,1121.4000627420178
31743759,GLYNN-ATCHISON 44L,212H,SPRABERRY (TREND AREA),51,715.8331237782372,807.9801781108272,898.9945197843509,1032.845587321159
31743759,GLYNN-ATCHISON 44L,212H,SPRABERRY (TREND AREA),52,622.9734254180348,715.8331237782372,807.7071423767046,943.1603302621164
31743759,GLYNN-ATCHISON 44L,212H,SPRABERRY (TREND AREA),53,529.4881983667524,622.9734254180348,715.5955757690331,852.4670707649689
31743759,GLYNN-ATCHISON 44L,212H,SPRABERRY (TREND AREA),54,435.4519060192933,529.4881983667524,622.7649158543414,760.8797178193463
31743759,GLYNN-ATCHISON 44L,212H,SPRABERRY (TREND AREA),55,340.9304774810134,435.4519060192933,529.3045099346936,668.5058261556991
31743759,GLYNN-ATCHISON 44L,212H,SPRABERRY (TREND AREA),56,245.98272597258295,340.9304774810134,435.2901939556864,575.4428848623597
31743759,GLYNN-ATCHISON 44L,212H,SPRABERRY (TREND AREA),57,150.66081713108446,245.98272597258295,340.7883698242965,481.77664283931904
31743759,GLYNN-ATCHISON 44L,212H,SPRABERRY (TREND AREA),58,55.01059514654794,150.66081713108446,245.85800686156026,387.5812583981269
31743759,GLYNN-ATCHISON 44L,212H,SPRABERRY (TREND AREA),59,0.0,55.01059514654794,150.55137941673846,292.92078668621247
31743759,GLYNN-ATCHISON 44L,212H,SPRABERRY (TREND AREA),60,0.0,0.0,68.55713742587746,204.672753625087
31743759,GLYNN-ATCHISON 44L,212H,SPRABERRY (TREND AREA),61,0.0,0.0,18.336865048849315,132.0974359552048
31743759,GLYNN-ATCHISON 44L,212H,SPRABERRY (TREND AREA),62,0.0,0.0,0.0,75.27568970836923
31743759,GLYNN-ATCHISON 44L,212H,SPRABERRY (TREND AREA),63,0.0,0.0,0.0,34.27856871293873
31743759,GLYNN-ATCHISON 44L,212H,SPRABERRY (TREND AREA),64,0.0,0.0,0.0,9.168432524424658
31743759,GLYNN-ATCHISON 44L,212H,SPRABERRY (TREND AREA),65,0.0,0.0,0.0,0.0
31743759,GLYNN-ATCHISON 44L,212H,SPRABERRY (TREND AREA),66,0.0,0.0,0.0,0.0
31743759,GLYNN-ATCHISON 44L,212H,SPRABERRY (TREND AREA),67,0.0,0.0,0.0,0.0
31743759,GLYNN-ATCHISON 44L,212H,SPRABERRY (TREND AREA),68,0.0,0.0,0.0,0.0
31743759,GLYNN-ATCHISON 44L,212H,SPRABERRY (TREND AREA),69,0.0,0.0,0.0,0.0
31743759,GLYNN-ATCHISON 44L,212H,SPRABERRY (TREND AREA),70,0.0,0.0,0.0,0.0
31743759,GLYNN-ATCHISON 44L,212H,SPRABERRY (TREND AREA),71,0.0,0.0,0.0,0.0
31743759,GLYNN-ATCHISON 44L,212H,SPRABERRY (TREND AREA),72,0.0,0.0,0.0,0.0
31743759,GLYNN-ATCHISON 44L,212H,SPRABERRY (TREND AREA),73,0.0,0.0,0.0,0.0
31743759,GLYNN-ATCHISON 44L,212H,SPRABERRY (TREND AREA),74,0.0,0.0,0.0,0.0
31743759,GLYNN-ATCHISON 44L,212H,SPRABERRY (TREND AREA),75,0.0,0.0,0.0,0.0
31743759,GLYNN-ATCHISON 44L,212H,SPRABERRY (TREND AREA),76,0.0,0.0,0.0,0.0
31743759,GLYNN-ATCHISON 44L,212H,SPRABERRY (TREND AREA),77,0.0,0.0,0.0,0.0
31743759,GLYNN-ATCHISON 44L,212H,SPRABERRY (TREND AREA),78,0.0,0.0,0.0,0.0
31743759,GLYNN-ATCHISON 44L,212H,SPRABERRY (TREND AREA),79,0.0,0.0,0.0,0.0
31743759,GLYNN-ATCHISON 44L,212H,SPRABERRY (TREND AREA),80,0.0,0.0,0.0,0.0
31743759,GLYNN-ATCHISON 44L,212H,SPRABERRY (TREND AREA),81,0.0,0.0,0.0,0.0
31743759,GLYNN-ATCHISON 44L,212H,SPRABERRY (TREND AREA),82,0.0,0.0,0.0,0.0
31743759,GLYNN-ATCHISON 44L,212H,SPRABERRY (TREND AREA),83,0.0,0.0,0.0,0.0
31743759,GLYNN-ATCHISON 44L,212H,SPRABERRY (TREND AREA),84,0.0,0.0,0.0,0.0
31743759,GLYNN-ATCHISON 44L,212H,SPRABERRY (TREND AREA),85,0.0,0.0,0.0,0.0
31743759,GLYNN-ATCHISON 44L,212H,SPRABERRY (TREND AREA),86,0.0,0.0,0.0,0.0
31743759,GLYNN-ATCHISON 44L,212H,SPRABERRY (TREND AREA),87,0.0,0.0,0.0,0.0
31743759,GLYNN-ATCHISON 44L,212H,SPRABERRY (TREND AREA),88,0.0,0.0,0.0,0.0
31743759,GLYNN-ATCHISON 44L,212H,SPRABERRY (TREND AREA),89,0.0,0.0,0.0,0.0
31743759,GLYNN-ATCHISON 44L,212H,SPRABERRY (TREND AREA),90,0.0,0.0,0.0,0.0
31743759,GLYNN-ATCHISON 44L,212H,SPRABERRY (TREND AREA),91,0.0,0.0,0.0,0.0
31743759,GLYNN-ATCHISON 44L,212H,SPRABERRY (TREND AREA),92,0.0,0.0,0.0,0.0
31743759,GLYNN-ATCHISON 44L,212H,SPRABERRY (TREND AREA),93,0.0,0.0,0.0,0.0
31743759,GLYNN-ATCHISON 44L,212H,SPRABERRY (TREND AREA),94,0.0,0.0,0.0,0.0
31743759,GLYNN-ATCHISON 44L,212H,SPRABERRY (TREND AREA),95,0.0,0.0,0.0,0.0
31743759,GLYNN-ATCHISON 44L,212H,SPRABERRY (TREND AREA),96,0.0,0.0,0.0,0.0
31743759,GLYNN-ATCHISON 44L,212H,SPRABERRY (TREND AREA),97,0.0,0.0,0.0,0.0
31743759,GLYNN-ATCHISON 44L,212H,SPRABERRY (TREND AREA),98,0.0,0.0,0.0,0.0
31743759,GLYNN-ATCHISON 44L,212H,SPRABERRY (TREND AREA),99,0.0,0.0,0.0,0.0
31743759,GLYNN-ATCHISON 44L,212H,SPRABERRY (TREND AREA),100,0.0,0.0,0.0,0.0
31743759,GLYNN-ATCHISON 44L,212H,SPRABERRY (TREND AREA),101,0.0,0.0,0.0,0.0
31743759,GLYNN-ATCHISON 44L,212H,SPRABERRY (TREND AREA),102,0.0,0.0,0.0,0.0
31743759,GLYNN-ATCHISON 44L,212H,SPRABERRY (TREND AREA),103,0.0,0.0,0.0,0.0
31743759,GLYNN-ATCHISON 44L,212H,SPRABERRY (TREND AREA),104,0.0,0.0,0.0,0.0
31743759,GLYNN-ATCHISON 44L,212H,SPRABERRY (TREND AREA),105,0.0,0.0,0.0,0.0
31743759,GLYNN-ATCHISON 44L,212H,SPRABERRY (TREND AREA),106,0.0,0.0,0.0,0.0
31743759,GLYNN-ATCHISON 44L,212H,SPRABERRY (TREND AREA),107,0.0,0.0,0.0,0.0
31743759,GLYNN-ATCHISON 44L,212H,SPRABERRY (TREND AREA),108,0.0,0.0,0.0,0.0
31743759,GLYNN-ATCHISON 44L,212H,SPRABERRY (TREND AREA),109,0.0,0.0,0.0,0.0
31743759,GLYNN-ATCHISON 44L,212H,SPRABERRY (TREND AREA),110,0.0,0.0,0.0,0.0
31743759,GLYNN-ATCHISON 44L,212H,SPRABERRY (TREND AREA),111,0.0,0.0,0.0,0.0
31743759,GLYNN-ATCHISON 44L,212H,SPRABERRY (TREND AREA),112,0.0,0.0,0.0,0.0
31743759,GLYNN-ATCHISON 44L,212H,SPRABERRY (TREND AREA),113,0.0,0.0,0.0,0.0
31743759,GLYNN-ATCHISON 44L,212H,SPRABERRY (TREND AREA),114,0.0,0.0,0.0,0.0
31743759,GLYNN-ATCHISON 44L,212H,SPRABERRY (TREND AREA),115,0.0,0.0,0.0,0.0
31743759,GLYNN-ATCHISON 44L,212H,SPRABERRY (TREND AREA),116,0.0,0.0,0.0,0.0
31743759,GLYNN-ATCHISON 44L,212H,SPRABERRY (TREND AREA),117,0.0,0.0,0.0,0.0
31743759,GLYNN-ATCHISON 44L,212H,SPRABERRY (TREND AREA),118,0.0,0.0,0.0,0.0
31743759,GLYNN-ATCHISON 44L,212H,SPRABERRY (TREND AREA),119,0.0,0.0,0.0,0.0
31743759,GLYNN-ATCHISON 44L,212H,SPRABERRY (TREND AREA),120,0.0,0.0,0.0,0.0
31743816,SCHARBAUER-DOVE 7D,4H,SPRABERRY (TREND AREA),34,3996.7148275884956,4492.0,4818.666666666667,4864.333333333333
31743816,SCHARBAUER-DOVE 7D,4H,SPRABERRY (TREND AREA),35,3657.6591848986654,3996.7148275884956,4372.238275862832,4673.119137931416
31743816,SCHARBAUER-DOVE 7D,4H,SPRABERRY (TREND AREA),36,3407.0723440287493,3657.6591848986654,4048.7913374957207,4491.729002081193
31743816,SCHARBAUER-DOVE 7D,4H,SPRABERRY (TREND AREA),37,3190.181682523272,3407.0723440287493,3687.1487855053033,4252.907726085985
31743816,SCHARBAUER-DOVE 7D,4H,SPRABERRY (TREND AREA),38,2966.5664850715666,3190.181682523272,3418.3044038168955,3895.2713398398632
31743816,SCHARBAUER-DOVE 7D,4H,SPRABERRY (TREND AREA),39,2758.2949556036865,2966.5664850715666,3187.940170541196,3618.365754018458
31743816,SCHARBAUER-DOVE 7D,4H,SPRABERRY (TREND AREA),40,2555.8298848975537,2758.2949556036865,2971.6810410661747,3329.4149132857387
31743816,SCHARBAUER-DOVE 7D,4H,SPRABERRY (TREND AREA),41,2367.545719188958,2555.8298848975537,2760.2304418576023,3089.267422837249
31743816,SCHARBAUER-DOVE 7D,4H,SPRABERRY (TREND AREA),42,2192.752546233043,2367.545719188958,2560.5568532300663,2874.248511885631
31743816,SCHARBAUER-DOVE 7D,4H,SPRABERRY (TREND AREA),43,2028.2589795469758,2192.752546233043,2372.042716773185,2671.86187891968
31743816,SCHARBAUER-DOVE 7D,4H,SPRABERRY (TREND AREA),44,1871.5097719935702,2028.2589795469758,2196.1857483229924,2478.2080950902973
31743816,SCHARBAUER-DOVE 7D,4H,SPRABERRY (TREND AREA),45,1721.6333342805747,1871.5097719935702,2030.8404325911963,2295.698642910631
31743816,SCHARBAUER-DOVE 7D,4H,SPRABERRY (TREND AREA),46,1577.79948384822,1721.6333342805747,1873.8006952737069,2122.921706023446
31743816,SCHARBAUER-DOVE 7D,4H,SPRABERRY (TREND AREA),47,1439.5427772190924,1577.79948384822,1723.6475300407883,1959.91663918189
31743816,SCHARBAUER-DOVE 7D,4H,SPRABERRY (TREND AREA),48,1306.2764992464063,1439.5427772190924,1579.658531782629,1805.2494821869125
31743816,SCHARBAUER-DOVE 7D,4H,SPRABERRY (TREND AREA),49,1177.3548003033616,1306.2764992464063,1441.2062534379063,1657.503474355807
31743816,SCHARBAUER-DOVE 7D,4H,SPRABERRY (TREND AREA),50,1052.1967891813406,1177.3548003033616,1307.7246922562867,1515.6861111485375
31743816,SCHARBAUER-DOVE 7D,4H,SPRABERRY (TREND AREA),51,930.3295436463595,1052.1967891813406,1178.6093629103696,1379.1339473464993
31743816,SCHARBAUER-DOVE 7D,4H,SPRABERRY (TREND AREA),52,811.3537125324506,930.3295436463595,1053.2937110436872,1247.2499822407965
31743816,SCHARBAUER-DOVE 7D,4H,SPRABERRY (TREND AREA),53,694.9272106658068,811.3537125324506,931.2933484533836,1119.5090203548352
31743816,SCHARBAUER-DOVE 7D,4H,SPRABERRY (TREND AREA),54,580.7449107549596,694.9272106658068,812.2034889482056,995.4064259292876
31743816,SCHARBAUER-DOVE 7D,4H,SPRABERRY (TREND AREA),55,468.53319852932594,580.7449107549596,695.6752779844056,874.4844945140463
31743816,SCHARBAUER-DOVE 7D,4H,SPRABERRY (TREND AREA),56,358.050160033335,468.53319852932594,581.4017733166975,756.3475608850405
31743816,SCHARBAUER-DOVE 7D,4H,SPRABERRY (TREND AREA),57,249.0842588709865,358.050160033335,469.10942310587353,640.6564560270396
31743816,SCHARBAUER-DOVE 7D,4H,SPRABERRY (TREND AREA),58,141.45067508439064,249.0842588709865,358.5558724778825,527.1155752311441
31743816,SCHARBAUER-DOVE 7D,4H,SPRABERRY (TREND AREA),59,34.98755504969263,141.45067508439064,249.528364662904,415.4650689898008
31743816,SCHARBAUER-DOVE 7D,4H,SPRABERRY (TREND AREA),60,0.0,34.98755504969263,141.84082966835658,305.4751263871151
31743816,SCHARBAUER-DOVE 7D,4H,SPRABERRY (TREND AREA),61,0.0,0.0,58.812743378027754,208.68430792795513
31743816,SCHARBAUER-DOVE 7D,4H,SPRABERRY (TREND AREA),62,0.0,0.0,11.662518349897544,130.5954415064008
31743816,SCHARBAUER-DOVE 7D,4H,SPRABERRY (TREND AREA),63,0.0,0.0,0.0,70.92041483417829
31743816,SCHARBAUER-DOVE 7D,4H,SPRABERRY (TREND AREA),64,0.0,0.0,0.0,29.406371689013877
31743816,SCHARBAUER-DOVE 7D,4H,SPRABERRY (TREND AREA),65,0.0,0.0,0.0,5.831259174948772
31743816,SCHARBAUER-DOVE 7D,4H,SPRABERRY (TREND AREA),66,0.0,0.0,0.0,0.0
31743816,SCHARBAUER-DOVE 7D,4H,SPRABERRY (TREND AREA),67,0.0,0.0,0.0,0.0
31743816,SCHARBAUER-DOVE 7D,4H,SPRABERRY (TREND AREA),68,0.0,0.0,0.0,0.0
31743816,SCHARBAUER-DOVE 7D,4H,SPRABERRY (TREND AREA),69,0.0,0.0,0.0,0.0
31743816,SCHARBAUER-DOVE 7D,4H,SPRABERRY (TREND AREA),70,0.0,0.0,0.0,0.0
31743816,SCHARBAUER-DOVE 7D,4H,SPRABERRY (TREND AREA),71,0.0,0.0,0.0,0.0
31743816,SCHARBAUER-DOVE 7D,4H,SPRABERRY (TREND AREA),72,0.0,0.0,0.0,0.0
31743816,SCHARBAUER-DOVE 7D,4H,SPRABERRY (TREND AREA),73,0.0,0.0,0.0,0.0
31743816,SCHARBAUER-DOVE 7D,4H,SPRABERRY (TREND AREA),74,0.0,0.0,0.0,0.0
31743816,SCHARBAUER-DOVE 7D,4H,SPRABERRY (TREND AREA),75,0.0,0.0,0.0,0.0
31743816,SCHARBAUER-DOVE 7D,4H,SPRABERRY (TREND AREA),76,0.0,0.0,0.0,0.0
31743816,SCHARBAUER-DOVE 7D,4H,SPRABERRY (TREND AREA),77,0.0,0.0,0.0,0.0
31743816,SCHARBAUER-DOVE 7D,4H,SPRABERRY (TREND AREA),78,0.0,0.0,0.0,0.0
31743816,SCHARBAUER-DOVE 7D,4H,SPRABERRY (TREND AREA),79,0.0,0.0,0.0,0.0
31743816,SCHARBAUER-DOVE 7D,4H,SPRABERRY (TREND AREA),80,0.0,0.0,0.0,0.0
31743816,SCHARBAUER-DOVE 7D,4H,SPRABERRY (TREND AREA),81,0.0,0.0,0.0,0.0
31743816,SCHARBAUER-DOVE 7D,4H,SPRABERRY (TREND AREA),82,0.0,0.0,0.0,0.0
31743816,SCHARBAUER-DOVE 7D,4H,SPRABERRY (TREND AREA),83,0.0,0.0,0.0,0.0
31743816,SCHARBAUER-DOVE 7D,4H,SPRABERRY (TREND AREA),84,0.0,0.0,0.0,0.0
31743816,SCHARBAUER-DOVE 7D,4H,SPRABERRY (TREND AREA),85,0.0,0.0,0.0,0.0
31743816,SCHARBAUER-DOVE 7D,4H,SPRABERRY (TREND AREA),86,0.0,0.0,0.0,0.0
31743816,SCHARBAUER-DOVE 7D,4H,SPRABERRY (TREND AREA),87,0.0,0.0,0.0,0.0
31743816,SCHARBAUER-DOVE 7D,4H,SPRABERRY (TREND AREA),88,0.0,0.0,0.0,0.0
31743816,SCHARBAUER-DOVE 7D,4H,SPRABERRY (TREND AREA),89,0.0,0.0,0.0,0.0
31743816,SCHARBAUER-DOVE 7D,4H,SPRABERRY (TREND AREA),90,0.0,0.0,0.0,0.0
31743816,SCHARBAUER-DOVE 7D,4H,SPRABERRY (TREND AREA),91,0.0,0.0,0.0,0.0
31743816,SCHARBAUER-DOVE 7D,4H,SPRABERRY (TREND AREA),92,0.0,0.0,0.0,0.0
31743816,SCHARBAUER-DOVE 7D,4H,SPRABERRY (TREND AREA),93,0.0,0.0,0.0,0.0
31743816,SCHARBAUER-DOVE 7D,4H,SPRABERRY (TREND AREA),94,0.0,0.0,0.0,0.0
31743816,SCHARBAUER-DOVE 7D,4H,SPRABERRY (TREND AREA),95,0.0,0.0,0.0,0.0
31743816,SCHARBAUER-DOVE 7D,4H,SPRABERRY (TREND AREA),96,0.0,0.0,0.0,0.0
31743816,SCHARBAUER-DOVE 7D,4H,SPRABERRY (TREND AREA),97,0.0,0.0,0.0,0.0
31743816,SCHARBAUER-DOVE 7D,4H,SPRABERRY (TREND AREA),98,0.0,0.0,0.0,0.0
31743816,SCHARBAUER-DOVE 7D,4H,SPRABERRY (TREND AREA),99,0.0,0.0,0.0,0.0
31743816,SCHARBAUER-DOVE 7D,4H,SPRABERRY (TREND AREA),100,0.0,0.0,0.0,0.0
31743816,SCHARBAUER-DOVE 7D,4H,SPRABERRY (TREND AREA),101,0.0,0.0,0.0,0.0
31743816,SCHARBAUER-DOVE 7D,4H,SPRABERRY (TREND AREA),102,0.0,0.0,0.0,0.0
31743816,SCHARBAUER-DOVE 7D,4H,SPRABERRY (TREND AREA),103,0.0,0.0,0.0,0.0
31743816,SCHARBAUER-DOVE 7D,4H,SPRABERRY (TREND AREA),104,0.0,0.0,0.0,0.0
31743816,SCHARBAUER-DOVE 7D,4H,SPRABERRY (TREND AREA),105,0.0,0.0,0.0,0.0
31743816,SCHARBAUER-DOVE 7D,4H,SPRABERRY (TREND AREA),106,0.0,0.0,0.0,0.0
31743816,SCHARBAUER-DOVE 7D,4H,SPRABERRY (TREND AREA),107,0.0,0.0,0.0,0.0
31743816,SCHARBAUER-DOVE 7D,4H,SPRABERRY (TREND AREA),108,0.0,0.0,0.0,0.0
31743816,SCHARBAUER-DOVE 7D,4H,SPRABERRY (TREND AREA),109,0.0,0.0,0.0,0.0
31743816,SCHARBAUER-DOVE 7D,4H,SPRABERRY (TREND AREA),110,0.0,0.0,0.0,0.0
31743816,SCHARBAUER-DOVE 7D,4H,SPRABERRY (TREND AREA),111,0.0,0.0,0.0,0.0
31743816,SCHARBAUER-DOVE 7D,4H,SPRABERRY (TREND AREA),112,0.0,0.0,0.0,0.0
31743816,SCHARBAUER-DOVE 7D,4H,SPRABERRY (TREND AREA),113,0.0,0.0,0.0,0.0
31743816,SCHARBAUER-DOVE 7D,4H,SPRABERRY (TREND AREA),114,0.0,0.0,0.0,0.0
31743816,SCHARBAUER-DOVE 7D,4H,SPRABERRY (TREND AREA),115,0.0,0.0,0.0,0.0
31743816,SCHARBAUER-DOVE 7D,4H,SPRABERRY (TREND AREA),116,0.0,0.0,0.0,0.0
31743816,SCHARBAUER-DOVE 7D,4H,SPRABERRY (TREND AREA),117,0.0,0.0,0.0,0.0
31743816,SCHARBAUER-DOVE 7D,4H,SPRABERRY (TREND AREA),118,0.0,0.0,0.0,0.0
31743816,SCHARBAUER-DOVE 7D,4H,SPRABERRY (TREND AREA),119,0.0,0.0,0.0,0.0
31743816,SCHARBAUER-DOVE 7D,4H,SPRABERRY (TREND AREA),120,0.0,0.0,0.0,0.0
31743818,SCHARBAUER-DOVE 7F,6H,SPRABERRY (TREND AREA),34,3890.0848801115117,4735.0,4937.666666666667,3955.1666666666665
31743818,SCHARBAUER-DOVE 7F,6H,SPRABERRY (TREND AREA),35,3403.2012597432413,3890.0848801115117,4500.028293370504,3938.8474800185854
31743818,SCHARBAUER-DOVE 7F,6H,SPRABERRY (TREND AREA),36,3199.7673895778253,3403.2012597432413,4009.428713284918,4335.047689975792
31743818,SCHARBAUER-DOVE 7F,6H,SPRABERRY (TREND AREA),37,3032.3192286121757,3199.7673895778253,3497.6845098108593,4217.675588238763
31743818,SCHARBAUER-DOVE 7F,6H,SPRABERRY (TREND AREA),38,2833.907733754535,3032.3192286121757,3211.7626259777476,3855.8954596741255
31743818,SCHARBAUER-DOVE 7F,6H,SPRABERRY (TREND AREA),39,2625.76047387977,2833.907733754535,3021.998117314846,3515.713415299881
31743818,SCHARBAUER-DOVE 7F,6H,SPRABERRY (TREND AREA),40,2409.8113450436967,2625.76047387977,2830.6624787488267,3164.173494279843
31743818,SCHARBAUER-DOVE 7F,6H,SPRABERRY (TREND AREA),41,2212.9091831087817,2409.8113450436967,2623.1598508926672,2917.4612384352076
31743818,SCHARBAUER-DOVE 7F,6H,SPRABERRY (TREND AREA),42,2037.0860353228754,2212.9091831087817,2416.1603340107495,2719.079225662798
31743818,SCHARBAUER-DOVE 7F,6H,SPRABERRY (TREND AREA),43,1873.8148904569152,2037.0860353228754,2219.935521158451,2525.298999953639
31743818,SCHARBAUER-DOVE 7F,6H,SPRABERRY (TREND AREA),44,1717.7903090667169,1873.8148904569152,2041.2700362961907,2332.214943594429
31743818,SCHARBAUER-DOVE 7F,6H,SPRABERRY (TREND AREA),45,1567.5194613400563,1717.7903090667169,1876.2304116155026,2146.195372813126
31743818,SCHARBAUER-DOVE 7F,6H,SPRABERRY (TREND AREA),46,1422.6766201844684,1567.5194613400563,1719.7082202878962,1969.8218707231736
31743818,SCHARBAUER-DOVE 7F,6H,SPRABERRY (TREND AREA),47,1283.533539495866,1422.6766201844684,1569.3287968637471,1805.299416579969
31743818,SCHARBAUER-DOVE 7F,6H,SPRABERRY (TREND AREA),48,1149.7250712613577,1283.533539495866,1424.5765403401304,1650.4034759778162
31743818,SCHARBAUER-DOVE 7F,6H,SPRABERRY (TREND AREA),49,1020.4628376165169,1149.7250712613577,1285.3117436472307,1502.5099819675634
31743818,SCHARBAUER-DOVE 7F,6H,SPRABERRY (TREND AREA),50,895.0184125069663,1020.4628376165169,1151.240482791247,1360.2846398274971
31743818,SCHARBAUER-DOVE 7F,6H,SPRABERRY (TREND AREA),51,772.8600299564428,895.0184125069663,1021.7354404616136,1223.155990400872
31743818,SCHARBAUER-DOVE 7F,6H,SPRABERRY (TREND AREA),52,653.5961398558338,772.8600299564428,896.113760026642,1090.7127518369364
31743818,SCHARBAUER-DOVE 7F,6H,SPRABERRY (TREND AREA),53,536.9106001742912,653.5961398558338,773.824860773081,962.5326717821639
31743818,SCHARBAUER-DOVE 7F,6H,SPRABERRY (TREND AREA),54,422.5085030383375,536.9106001742912,654.4555899955226,838.0955152285682
31743818,SCHARBAUER-DOVE 7F,6H,SPRABERRY (TREND AREA),55,310.1105899741815,422.5085030383375,537.6717476894875,716.8927538580647
31743818,SCHARBAUER-DOVE 7F,6H,SPRABERRY (TREND AREA),56,199.4658384221552,310.1105899741815,423.1765643956034,598.5007125843422
31743818,SCHARBAUER-DOVE 7F,6H,SPRABERRY (TREND AREA),57,90.35669025343167,199.4658384221552,310.6949771448914,482.575283570207
31743818,SCHARBAUER-DOVE 7F,6H,SPRABERRY (TREND AREA),58,0.0,90.35669025343167,199.97770621658947,368.82472695303846
31743818,SCHARBAUER-DOVE 7F,6H,SPRABERRY (TREND AREA),59,0.0,0.0,96.60750955852895,259.8920369770662
31743818,SCHARBAUER-DOVE 7F,6H,SPRABERRY (TREND AREA),60,0.0,0.0,30.11889675114389,170.40693694801766
31743818,SCHARBAUER-DOVE 7F,6H,SPRABERRY (TREND AREA),61,0.0,0.0,0.0,99.98885310829473
31743818,SCHARBAUER-DOVE 7F,6H,SPRABERRY (TREND AREA),62,0.0,0.0,0.0,48.30375477926447
31743818,SCHARBAUER-DOVE 7F,6H,SPRABERRY (TREND AREA),63,0.0,0.0,0.0,15.059448375571945
31743818,SCHARBAUER-DOVE 7F,6H,SPRABERRY (TREND AREA),64,0.0,0.0,0.0,0.0
31743818,SCHARBAUER-DOVE 7F,6H,SPRABERRY (TREND AREA),65,0.0,0.0,0.0,0.0
31743818,SCHARBAUER-DOVE 7F,6H,SPRABERRY (TREND AREA),66,0.0,0.0,0.0,0.0
31743818,SCHARBAUER-DOVE 7F,6H,SPRABERRY (TREND AREA),67,0.0,0.0,0.0,0.0
31743818,SCHARBAUER-DOVE 7F,6H,SPRABERRY (TREND AREA),68,0.0,0.0,0.0,0.0
31743818,SCHARBAUER-DOVE 7F,6H,SPRABERRY (TREND AREA),69,0.0,0.0,0.0,0.0
31743818,SCHARBAUER-DOVE 7F,6H,SPRABERRY (TREND AREA),70,0.0,0.0,0.0,0.0
31743818,SCHARBAUER-DOVE 7F,6H,SPRABERRY (TREND AREA),71,0.0,0.0,0.0,0.0
31743818,SCHARBAUER-DOVE 7F,6H,SPRABERRY (TREND AREA),72,0.0,0.0,0.0,0.0
31743818,SCHARBAUER-DOVE 7F,6H,SPRABERRY (TREND AREA),73,0.0,0.0,0.0,0.0
31743818,SCHARBAUER-DOVE 7F,6H,SPRABERRY (TREND AREA),74,0.0,0.0,0.0,0.0
31743818,SCHARBAUER-DOVE 7F,6H,SPRABERRY (TREND AREA),75,0.0,0.0,0.0,0.0
31743818,SCHARBAUER-DOVE 7F,6H,SPRABERRY (TREND AREA),76,0.0,0.0,0.0,0.0
31743818,SCHARBAUER-DOVE 7F,6H,SPRABERRY (TREND AREA),77,0.0,0.0,0.0,0.0
31743818,SCHARBAUER-DOVE 7F,6H,SPRABERRY (TREND AREA),78,0.0,0.0,0.0,0.0
31743818,SCHARBAUER-DOVE 7F,6H,SPRABERRY (TREND AREA),79,0.0,0.0,0.0,0.0
31743818,SCHARBAUER-DOVE 7F,6H,SPRABERRY (TREND AREA),80,0.0,0.0,0.0,0.0
31743818,SCHARBAUER-DOVE 7F,6H,SPRABERRY (TREND AREA),81,0.0,0.0,0.0,0.0
31743818,SCHARBAUER-DOVE 7F,6H,SPRABERRY (TREND AREA),82,0.0,0.0,0.0,0.0
31743818,SCHARBAUER-DOVE 7F,6H,SPRABERRY (TREND AREA),83,0.0,0.0,0.0,0.0
31743818,SCHARBAUER-DOVE 7F,6H,SPRABERRY (TREND AREA),84,0.0,0.0,0.0,0.0
31743818,SCHARBAUER-DOVE 7F,6H,SPRABERRY (TREND AREA),85,0.0,0.0,0.0,0.0
31743818,SCHARBAUER-DOVE 7F,6H,SPRABERRY (TREND AREA),86,0.0,0.0,0.0,0.0
31743818,SCHARBAUER-DOVE 7F,6H,SPRABERRY (TREND AREA),87,0.0,0.0,0.0,0.0
31743818,SCHARBAUER-DOVE 7F,6H,SPRABERRY (TREND AREA),88,0.0,0.0,0.0,0.0
31743818,SCHARBAUER-DOVE 7F,6H,SPRABERRY (TREND AREA),89,0.0,0.0,0.0,0.0
31743818,SCHARBAUER-DOVE 7F,6H,SPRABERRY (TREND AREA),90,0.0,0.0,0.0,0.0
31743818,SCHARBAUER-DOVE 7F,6H,SPRABERRY (TREND AREA),91,0.0,0.0,0.0,0.0
31743818,SCHARBAUER-DOVE 7F,6H,SPRABERRY (TREND AREA),92,0.0,0.0,0.0,0.0
31743818,SCHARBAUER-DOVE 7F,6H,SPRABERRY (TREND AREA),93,0.0,0.0,0.0,0.0
31743818,SCHARBAUER-DOVE 7F,6H,SPRABERRY (TREND AREA),94,0.0,0.0,0.0,0.0
31743818,SCHARBAUER-DOVE 7F,6H,SPRABERRY (TREND AREA),95,0.0,0.0,0.0,0.0
31743818,SCHARBAUER-DOVE 7F,6H,SPRABERRY (TREND AREA),96,0.0,0.0,0.0,0.0
31743818,SCHARBAUER-DOVE 7F,6H,SPRABERRY (TREND AREA),97,0.0,0.0,0.0,0.0
31743818,SCHARBAUER-DOVE 7F,6H,SPRABERRY (TREND AREA),98,0.0,0.0,0.0,0.0
31743818,SCHARBAUER-DOVE 7F,6H,SPRABERRY (TREND AREA),99,0.0,0.0,0.0,0.0
31743818,SCHARBAUER-DOVE 7F,6H,SPRABERRY (TREND AREA),100,0.0,0.0,0.0,0.0
31743818,SCHARBAUER-DOVE 7F,6H,SPRABERRY (TREND AREA),101,0.0,0.0,0.0,0.0
31743818,SCHARBAUER-DOVE 7F,6H,SPRABERRY (TREND AREA),102,0.0,0.0,0.0,0.0
31743818,SCHARBAUER-DOVE 7F,6H,SPRABERRY (TREND AREA),103,0.0,0.0,0.0,0.0
31743818,SCHARBAUER-DOVE 7F,6H,SPRABERRY (TREND AREA),104,0.0,0.0,0.0,0.0
31743818,SCHARBAUER-DOVE 7F,6H,SPRABERRY (TREND AREA),105,0.0,0.0,0.0,0.0
31743818,SCHARBAUER-DOVE 7F,6H,SPRABERRY (TREND AREA),106,0.0,0.0,0.0,0.0
31743818,SCHARBAUER-DOVE 7F,6H,SPRABERRY (TREND AREA),107,0.0,0.0,0.0,0.0
31743818,SCHARBAUER-DOVE 7F,6H,SPRABERRY (TREND AREA),108,0.0,0.0,0.0,0.0
31743818,SCHARBAUER-DOVE 7F,6H,SPRABERRY (TREND AREA),109,0.0,0.0,0.0,0.0
31743818,SCHARBAUER-DOVE 7F,6H,SPRABERRY (TREND AREA),110,0.0,0.0,0.0,0.0
31743818,SCHARBAUER-DOVE 7F,6H,SPRABERRY (TREND AREA),111,0.0,0.0,0.0,0.0
31743818,SCHARBAUER-DOVE 7F,6H,SPRABERRY (TREND AREA),112,0.0,0.0,0.0,0.0
31743818,SCHARBAUER-DOVE 7F,6H,SPRABERRY (TREND AREA),113,0.0,0.0,0.0,0.0
31743818,SCHARBAUER-DOVE 7F,6H,SPRABERRY (TREND AREA),114,0.0,0.0,0.0,0.0
31743818,SCHARBAUER-DOVE 7F,6H,SPRABERRY (TREND AREA),115,0.0,0.0,0.0,0.0
31743818,SCHARBAUER-DOVE 7F,6H,SPRABERRY (TREND AREA),116,0.0,0.0,0.0,0.0
31743818,SCHARBAUER-DOVE 7F,6H,SPRABERRY (TREND AREA),117,0.0,0.0,0.0,0.0
31743818,SCHARBAUER-DOVE 7F,6H,SPRABERRY (TREND AREA),118,0.0,0.0,0.0,0.0
31743818,SCHARBAUER-DOVE 7F,6H,SPRABERRY (TREND AREA),119,0.0,0.0,0.0,0.0
31743818,SCHARBAUER-DOVE 7F,6H,SPRABERRY (TREND AREA),120,0.0,0.0,0.0,0.0
31744051,EPLEY-MARTIN 31E,105H,SPRABERRY (TREND AREA),34,4089.5762431994744,4422.0,5035.666666666667,5007.0
31744051,EPLEY-MARTIN 31E,105H,SPRABERRY (TREND AREA),35,3863.3366816467633,4089.5762431994744,4544.8587477331575,4933.596040533245
31744051,EPLEY-MARTIN 31E,105H,SPRABERRY (TREND AREA),36,3644.840560998685,3863.3366816467633,4124.970974948746,4634.985487474373
31744051,EPLEY-MARTIN 31E,105H,SPRABERRY (TREND AREA),37,3459.5551656191356,3644.840560998685,3865.917828614974,4450.79224764082
31744051,EPLEY-MARTIN 31E,105H,SPRABERRY (TREND AREA),38,3255.7213073219873,3459.5551656191356,3655.910802754861,4100.38477524401
31744051,EPLEY-MARTIN 31E,105H,SPRABERRY (TREND AREA),39,3050.914953140722,3255.7213073219873,3453.372344646603,3789.171659797674
31744051,EPLEY-MARTIN 31E,105H,SPRABERRY (TREND AREA),40,2864.2714296736567,3050.914953140722,3255.3971420272815,3560.6574853211278
31744051,EPLEY-MARTIN 31E,105H,SPRABERRY (TREND AREA),41,2692.811109436213,2864.2714296736567,3056.9692300454553,3356.440016400158
31744051,EPLEY-MARTIN 31E,105H,SPRABERRY (TREND AREA),42,2531.762118386566,2692.811109436213,2869.332497416864,3161.3524210317337
31744051,EPLEY-MARTIN 31E,105H,SPRABERRY (TREND AREA),43,2378.746626430576,2531.762118386566,2696.281552498812,2975.839347263047
31744051,EPLEY-MARTIN 31E,105H,SPRABERRY (TREND AREA),44,2231.477240935851,2378.746626430576,2534.439951417785,2795.7045907316206
31744051,EPLEY-MARTIN 31E,105H,SPRABERRY (TREND AREA),45,2089.573193005531,2231.477240935851,2380.6619952509977,2624.997246333931
31744051,EPLEY-MARTIN 31E,105H,SPRABERRY (TREND AREA),46,1953.0329470575316,2089.573193005531,2233.2656867906526,2464.7736196447318
31744051,EPLEY-MARTIN 31E,105H,SPRABERRY (TREND AREA),47,1821.3576888619873,1953.0329470575316,2091.3611269996377,2312.900539208711
31744051,EPLEY-MARTIN 31E,105H,SPRABERRY (TREND AREA),48,1693.8875065369157,1821.3576888619873,1954.6546096416832,2167.6583024463403
31744051,EPLEY-MARTIN 31E,105H,SPRABERRY (TREND AREA),49,1570.0282890175818,1693.8875065369157,1822.7593808188115,2028.012533804732
31744051,EPLEY-MARTIN 31E,105H,SPRABERRY (TREND AREA),50,1449.2838976062312,1570.0282890175818,1695.0911614721615,1893.2261442358997
31744051,EPLEY-MARTIN 31E,105H,SPRABERRY (TREND AREA),51,1331.2778095739186,1449.2838976062312,1571.0665643869095,1762.8605870142965
31744051,EPLEY-MARTIN 31E,105H,SPRABERRY (TREND AREA),52,1215.699712318571,1331.2778095739186,1450.196665399244,1636.478023109028
31744051,EPLEY-MARTIN 31E,105H,SPRABERRY (TREND AREA),53,1102.2651657526899,1215.699712318571,1332.087139832907,1513.5891506525343
31744051,EPLEY-MARTIN 31E,105H,SPRABERRY (TREND AREA),54,990.7130897021807,1102.2651657526899,1216.4142292150598,1393.7403968009846
31744051,EPLEY-MARTIN 31E,105H,SPRABERRY (TREND AREA),55,880.8106611195849,990.7130897021807,1102.8926559244806,1276.5446606618623
31744051,EPLEY-MARTIN 31E,105H,SPRABERRY (TREND AREA),56,772.3542684071554,880.8106611195849,991.2629721914851,1161.6750560121961
31744051,EPLEY-MARTIN 31E,105H,SPRABERRY (TREND AREA),57,665.1674698509614,772.3542684071554,881.292673076307,1048.8534511456835
31744051,EPLEY-MARTIN 31E,105H,SPRABERRY (TREND AREA),58,559.0964628694501,665.1674698509614,772.7774664592339,937.8350611918572
31744051,EPLEY-MARTIN 31E,105H,SPRABERRY (TREND AREA),59,454.0059853060384,559.0964628694501,665.5394003758556,828.4011862836704
31744051,EPLEY-MARTIN 31E,105H,SPRABERRY (TREND AREA),60,349.77677081387264,454.0059853060384,559.4233060088167,720.3579895425619
31744051,EPLEY-MARTIN 31E,105H,SPRABERRY (TREND AREA),61,246.30383220147448,349.77677081387264,454.2930729964537,613.5352697278438
31744051,EPLEY-MARTIN 31E,105H,SPRABERRY (TREND AREA),62,143.4949601027324,246.30383220147448,350.0288627737952,507.7841315748254
31744051,EPLEY-MARTIN 31E,105H,SPRABERRY (TREND AREA),63,41.26926301343472,143.4949601027324,246.52518770602651,402.9742468574216
31744051,EPLEY-MARTIN 31E,105H,SPRABERRY (TREND AREA),64,0.0,41.26926301343472,143.6893517725472,298.99121238450044
31744051,EPLEY-MARTIN 31E,105H,SPRABERRY (TREND AREA),65,0.0,0.0,61.5880743720557,205.80846857292545
31744051,EPLEY-MARTIN 31E,105H,SPRABERRY (TREND AREA),66,0.0,0.0,13.75642100447824,130.14080435525238
31744051,EPLEY-MARTIN 31E,105H,SPRABERRY (TREND AREA),67,0.0,0.0,0.0,71.8446758862736
31744051,EPLEY-MARTIN 31E,105H,SPRABERRY (TREND AREA),68,0.0,0.0,0.0,30.79403718602785
31744051,EPLEY-MARTIN 31E,105H,SPRABERRY (TREND AREA),69,0.0,0.0,0.0,6.87821050223912
31744051,EPLEY-MARTIN 31E,105H,SPRABERRY (TREND AREA),70,0.0,0.0,0.0,0.0
31744051,EPLEY-MARTIN 31E,105H,SPRABERRY (TREND AREA),71,0.0,0.0,0.0,0.0
31744051,EPLEY-MARTIN 31E,105H,SPRABERRY (TREND AREA),72,0.0,0.0,0.0,0.0
31744051,EPLEY-MARTIN 31E,105H,SPRABERRY (TREND AREA),73,0.0,0.0,0.0,0.0
31744051,EPLEY-MARTIN 31E,105H,SPRABERRY (TREND AREA),74,0.0,0.0,0.0,0.0
31744051,EPLEY-MARTIN 31E,105H,SPRABERRY (TREND AREA),75,0.0,0.0,0.0,0.0
31744051,EPLEY-MARTIN 31E,105H,SPRABERRY (TREND AREA),76,0.0,0.0,0.0,0.0
31744051,EPLEY-MARTIN 31E,105H,SPRABERRY (TREND AREA),77,0.0,0.0,0.0,0.0
31744051,EPLEY-MARTIN 31E,105H,SPRABERRY (TREND AREA),78,0.0,0.0,0.0,0.0
31744051,EPLEY-MARTIN 31E,105H,SPRABERRY (TREND AREA),79,0.0,0.0,0.0,0.0
31744051,EPLEY-MARTIN 31E,105H,SPRABERRY (TREND AREA),80,0.0,0.0,0.0,0.0
31744051,EPLEY-MARTIN 31E,105H,SPRABERRY (TREND AREA),81,0.0,0.0,0.0,0.0
31744051,EPLEY-MARTIN 31E,105H,SPRABERRY (TREND AREA),82,0.0,0.0,0.0,0.0
31744051,EPLEY-MARTIN 31E,105H,SPRABERRY (TREND AREA),83,0.0,0.0,0.0,0.0
31744051,EPLEY-MARTIN 31E,105H,SPRABERRY (TREND AREA),84,0.0,0.0,0.0,0.0
31744051,EPLEY-MARTIN 31E,105H,SPRABERRY (TREND AREA),85,0.0,0.0,0.0,0.0
31744051,EPLEY-MARTIN 31E,105H,SPRABERRY (TREND AREA),86,0.0,0.0,0.0,0.0
31744051,EPLEY-MARTIN 31E,105H,SPRABERRY (TREND AREA),87,0.0,0.0,0.0,0.0
31744051,EPLEY-MARTIN 31E,105H,SPRABERRY (TREND AREA),88,0.0,0.0,0.0,0.0
31744051,EPLEY-MARTIN 31E,105H,SPRABERRY (TREND AREA),89,0.0,0.0,0.0,0.0
31744051,EPLEY-MARTIN 31E,105H,SPRABERRY (TREND AREA),90,0.0,0.0,0.0,0.0
31744051,EPLEY-MARTIN 31E,105H,SPRABERRY (TREND AREA),91,0.0,0.0,0.0,0.0
31744051,EPLEY-MARTIN 31E,105H,SPRABERRY (TREND AREA),92,0.0,0.0,0.0,0.0
31744051,EPLEY-MARTIN 31E,105H,SPRABERRY (TREND AREA),93,0.0,0.0,0.0,0.0
31744051,EPLEY-MARTIN 31E,105H,SPRABERRY (TREND AREA),94,0.0,0.0,0.0,0.0
31744051,EPLEY-MARTIN 31E,105H,SPRABERRY (TREND AREA),95,0.0,0.0,0.0,0.0
31744051,EPLEY-MARTIN 31E,105H,SPRABERRY (TREND AREA),96,0.0,0.0,0.0,0.0
31744051,EPLEY-MARTIN 31E,105H,SPRABERRY (TREND AREA),97,0.0,0.0,0.0,0.0
31744051,EPLEY-MARTIN 31E,105H,SPRABERRY (TREND AREA),98,0.0,0.0,0.0,0.0
31744051,EPLEY-MARTIN 31E,105H,SPRABERRY (TREND AREA),99,0.0,0.0,0.0,0.0
31744051,EPLEY-MARTIN 31E,105H,SPRABERRY (TREND AREA),100,0.0,0.0,0.0,0.0
31744051,EPLEY-MARTIN 31E,105H,SPRABERRY (TREND AREA),101,0.0,0.0,0.0,0.0
31744051,EPLEY-MARTIN 31E,105H,SPRABERRY (TREND AREA),102,0.0,0.0,0.0,0.0
31744051,EPLEY-MARTIN 31E,105H,SPRABERRY (TREND AREA),103,0.0,0.0,0.0,0.0
31744051,EPLEY-MARTIN 31E,105H,SPRABERRY (TREND AREA),104,0.0,0.0,0.0,0.0
31744051,EPLEY-MARTIN 31E,105H,SPRABERRY (TREND AREA),105,0.0,0.0,0.0,0.0
31744051,EPLEY-MARTIN 31E,105H,SPRABERRY (TREND AREA),106,0.0,0.0,0.0,0.0
31744051,EPLEY-MARTIN 31E,105H,SPRABERRY (TREND AREA),107,0.0,0.0,0.0,0.0
31744051,EPLEY-MARTIN 31E,105H,SPRABERRY (TREND AREA),108,0.0,0.0,0.0,0.0
31744051,EPLEY-MARTIN 31E,105H,SPRABERRY (TREND AREA),109,0.0,0.0,0.0,0.0
31744051,EPLEY-MARTIN 31E,105H,SPRABERRY (TREND AREA),110,0.0,0.0,0.0,0.0
31744051,EPLEY-MARTIN 31E,105H,SPRABERRY (TREND AREA),111,0.0,0.0,0.0,0.0
31744051,EPLEY-MARTIN 31E,105H,SPRABERRY (TREND AREA),112,0.0,0.0,0.0,0.0
31744051,EPLEY-MARTIN 31E,105H,SPRABERRY (TREND AREA),113,0.0,0.0,0.0,0.0
31744051,EPLEY-MARTIN 31E,105H,SPRABERRY (TREND AREA),114,0.0,0.0,0.0,0.0
31744051,EPLEY-MARTIN 31E,105H,SPRABERRY (TREND AREA),115,0.0,0.0,0.0,0.0
31744051,EPLEY-MARTIN 31E,105H,SPRABERRY (TREND AREA),116,0.0,0.0,0.0,0.0
31744051,EPLEY-MARTIN 31E,105H,SPRABERRY (TREND AREA),117,0.0,0.0,0.0,0.0
31744051,EPLEY-MARTIN 31E,105H,SPRABERRY (TREND AREA),118,0.0,0.0,0.0,0.0
31744051,EPLEY-MARTIN 31E,105H,SPRABERRY (TREND AREA),119,0.0,0.0,0.0,0.0
31744051,EPLEY-MARTIN 31E,105H,SPRABERRY (TREND AREA),120,0.0,0.0,0.0,0.0
31744052,EPLEY-MARTIN 31F,106H,SPRABERRY (TREND AREA),34,2009.434505465399,1849.0,2143.6666666666665,2361.8333333333335
31744052,EPLEY-MARTIN 31F,106H,SPRABERRY (TREND AREA),35,2044.4061869669972,2009.434505465399,2027.8115018217995,2241.0724175775663
31744052,EPLEY-MARTIN 31F,106H,SPRABERRY (TREND AREA),36,2015.5615436088815,2044.4061869669972,1967.6135641441322,2130.3067820720657
31744052,EPLEY-MARTIN 31F,106H,SPRABERRY (TREND AREA),37,1969.2853314841327,2015.5615436088815,2023.134078680426,2083.400372673546
31744052,EPLEY-MARTIN 31F,106H,SPRABERRY (TREND AREA),38,1908.2559242438178,1969.2853314841327,2009.7510206866707,2018.7812612542348
31744052,EPLEY-MARTIN 31F,106H,SPRABERRY (TREND AREA),39,1841.3156875314503,1908.2559242438178,1964.367599778944,1965.990581961538
31744052,EPLEY-MARTIN 31F,106H,SPRABERRY (TREND AREA),40,1782.5229738198827,1841.3156875314503,1906.2856477531338,1964.70986321678
31744052,EPLEY-MARTIN 31F,106H,SPRABERRY (TREND AREA),41,1719.7958244119218,1782.5229738198827,1844.0315285317167,1926.891274609194
31744052,EPLEY-MARTIN 31F,106H,SPRABERRY (TREND AREA),42,1651.2888201936412,1719.7958244119218,1781.2114952544182,1872.7895475166813
31744052,EPLEY-MARTIN 31F,106H,SPRABERRY (TREND AREA),43,1578.1883698609236,1651.2888201936412,1717.869206141815,1812.0774269474744
31744052,EPLEY-MARTIN 31F,106H,SPRABERRY (TREND AREA),44,1501.5227970446672,1578.1883698609236,1649.757671488829,1746.8946000102726
31744052,EPLEY-MARTIN 31F,106H,SPRABERRY (TREND AREA),45,1422.2647535739188,1501.5227970446672,1576.9999956997442,1679.105745477081
31744052,EPLEY-MARTIN 31F,106H,SPRABERRY (TREND AREA),46,1341.0817655312053,1422.2647535739188,1500.6586401598368,1609.2639231508256
31744052,EPLEY-MARTIN 31F,106H,SPRABERRY (TREND AREA),47,1257.9726209078362,1341.0817655312053,1421.6231053832637,1535.6903884360463
31744052,EPLEY-MARTIN 31F,106H,SPRABERRY (TREND AREA),48,1173.0232635277293,1257.9726209078362,1340.4397133376535,1458.7198545186986
31744052,EPLEY-MARTIN 31F,106H,SPRABERRY (TREND AREA),49,1086.4325442344189,1173.0232635277293,1257.3592166555902,1379.0089284077137
31744052,EPLEY-MARTIN 31F,106H,SPRABERRY (TREND AREA),50,998.4195621865792,1086.4325442344189,1172.476142889995,1297.0496241366293
31744052,EPLEY-MARTIN 31F,106H,SPRABERRY (TREND AREA),51,909.1854755172112,998.4195621865792,1085.9584566495757,1213.1990849936146
31744052,EPLEY-MARTIN 31F,106H,SPRABERRY (TREND AREA),52,818.8937256735617,909.1854755172112,998.0125273127364,1127.6858719841632
31744052,EPLEY-MARTIN 31F,106H,SPRABERRY (TREND AREA),53,727.6684164010962,818.8937256735617,908.8329211257841,1040.6545320078897
31744052,EPLEY-MARTIN 31F,106H,SPRABERRY (TREND AREA),54,635.6166117300827,727.6684164010962,818.5825391972897,952.2704979234328
31744052,EPLEY-MARTIN 31F,106H,SPRABERRY (TREND AREA),55,542.8363854553495,635.6166117300827,727.3929179349135,862.702722623825
31744052,EPLEY-MARTIN 31F,106H,SPRABERRY (TREND AREA),56,449.41676624258565,542.8363854553495,635.3738045288428,772.1033628273135
31744052,EPLEY-MARTIN 31F,106H,SPRABERRY (TREND AREA),57,355.4368206914473,449.41676624258565,542.623254476006,680.6028968366478
31744052,EPLEY-MARTIN 31F,106H,SPRABERRY (TREND AREA),58,260.9655100217705,355.4368206914473,449.22999079646087,588.3114543656872
31744052,EPLEY-MARTIN 31F,106H,SPRABERRY (TREND AREA),59,166.06263997096264,260.9655100217705,355.2730323186011,495.323418423722
31744052,EPLEY-MARTIN 31F,106H,SPRABERRY (TREND AREA),60,70.78049968519323,166.06263997096264,260.8216568947268,401.7224556853664
31744052,EPLEY-MARTIN 31F,106H,SPRABERRY (TREND AREA),61,0.0,70.78049968519323,165.9362165593088,307.5831036778848
31744052,EPLEY-MARTIN 31F,106H,SPRABERRY (TREND AREA),62,0.0,0.0,78.94771321871862,217.1103727686599
31744052,EPLEY-MARTIN 31F,106H,SPRABERRY (TREND AREA),63,0.0,0.0,23.59349989506441,142.20757839489562
31744052,EPLEY-MARTIN 31F,106H,SPRABERRY (TREND AREA),64,0.0,0.0,0.0,82.9681082796544
31744052,EPLEY-MARTIN 31F,106H,SPRABERRY (TREND AREA),65,0.0,0.0,0.0,39.47385660935931
31744052,EPLEY-MARTIN 31F,106H,SPRABERRY (TREND AREA),66,0.0,0.0,0.0,11.796749947532206
31744052,EPLEY-MARTIN 31F,106H,SPRABERRY (TREND AREA),67,0.0,0.0,0.0,0.0
31744052,EPLEY-MARTIN 31F,106H,SPRABERRY (TREND AREA),68,0.0,0.0,0.0,0.0
31744052,EPLEY-MARTIN 31F,106H,SPRABERRY (TREND AREA),69,0.0,0.0,0.0,0.0
31744052,EPLEY-MARTIN 31F,106H,SPRABERRY (TREND AREA),70,0.0,0.0,0.0,0.0
31744052,EPLEY-MARTIN 31F,106H,SPRABERRY (TREND AREA),71,0.0,0.0,0.0,0.0
31744052,EPLEY-MARTIN 31F,106H,SPRABERRY (TREND AREA),72,0.0,0.0,0.0,0.0
31744052,EPLEY-MARTIN 31F,106H,SPRABERRY (TREND AREA),73,0.0,0.0,0.0,0.0
31744052,EPLEY-MARTIN 31F,106H,SPRABERRY (TREND AREA),74,0.0,0.0,0.0,0.0
31744052,EPLEY-MARTIN 31F,106H,SPRABERRY (TREND AREA),75,0.0,0.0,0.0,0.0
31744052,EPLEY-MARTIN 31F,106H,SPRABERRY (TREND AREA),76,0.0,0.0,0.0,0.0
31744052,EPLEY-MARTIN 31F,106H,SPRABERRY (TREND AREA),77,0.0,0.0,0.0,0.0
31744052,EPLEY-MARTIN 31F,106H,SPRABERRY (TREND AREA),78,0.0,0.0,0.0,0.0
31744052,EPLEY-MARTIN 31F,106H,SPRABERRY (TREND AREA),79,0.0,0.0,0.0,0.0
31744052,EPLEY-MARTIN 31F,106H,SPRABERRY (TREND AREA),80,0.0,0.0,0.0,0.0
31744052,EPLEY-MARTIN 31F,106H,SPRABERRY (TREND AREA),81,0.0,0.0,0.0,0.0
31744052,EPLEY-MARTIN 31F,106H,SPRABERRY (TREND AREA),82,0.0,0.0,0.0,0.0
31744052,EPLEY-MARTIN 31F,106H,SPRABERRY (TREND AREA),83,0.0,0.0,0.0,0.0
31744052,EPLEY-MARTIN 31F,106H,SPRABERRY (TREND AREA),84,0.0,0.0,0.0,0.0
31744052,EPLEY-MARTIN 31F,106H,SPRABERRY (TREND AREA),85,0.0,0.0,0.0,0.0
31744052,EPLEY-MARTIN 31F,106H,SPRABERRY (TREND AREA),86,0.0,0.0,0.0,0.0
31744052,EPLEY-MARTIN 31F,106H,SPRABERRY (TREND AREA),87,0.0,0.0,0.0,0.0
31744052,EPLEY-MARTIN 31F,106H,SPRABERRY (TREND AREA),88,0.0,0.0,0.0,0.0
31744052,EPLEY-MARTIN 31F,106H,SPRABERRY (TREND AREA),89,0.0,0.0,0.0,0.0
31744052,EPLEY-MARTIN 31F,106H,SPRABERRY (TREND AREA),90,0.0,0.0,0.0,0.0
31744052,EPLEY-MARTIN 31F,106H,SPRABERRY (TREND AREA),91,0.0,0.0,0.0,0.0
31744052,EPLEY-MARTIN 31F,106H,SPRABERRY (TREND AREA),92,0.0,0.0,0.0,0.0
31744052,EPLEY-MARTIN 31F,106H,SPRABERRY (TREND AREA),93,0.0,0.0,0.0,0.0
31744052,EPLEY-MARTIN 31F,106H,SPRABERRY (TREND AREA),94,0.0,0.0,0.0,0.0
31744052,EPLEY-MARTIN 31F,106H,SPRABERRY (TREND AREA),95,0.0,0.0,0.0,0.0
31744052,EPLEY-MARTIN 31F,106H,SPRABERRY (TREND AREA),96,0.0,0.0,0.0,0.0
31744052,EPLEY-MARTIN 31F,106H,SPRABERRY (TREND AREA),97,0.0,0.0,0.0,0.0
31744052,EPLEY-MARTIN 31F,106H,SPRABERRY (TREND AREA),98,0.0,0.0,0.0,0.0
31744052,EPLEY-MARTIN 31F,106H,SPRABERRY (TREND AREA),99,0.0,0.0,0.0,0.0
31744052,EPLEY-MARTIN 31F,106H,SPRABERRY (TREND AREA),100,0.0,0.0,0.0,0.0
31744052,EPLEY-MARTIN 31F,106H,SPRABERRY (TREND AREA),101,0.0,0.0,0.0,0.0
31744052,EPLEY-MARTIN 31F,106H,SPRABERRY (TREND AREA),102,0.0,0.0,0.0,0.0
31744052,EPLEY-MARTIN 31F,106H,SPRABERRY (TREND AREA),103,0.0,0.0,0.0,0.0
31744052,EPLEY-MARTIN 31F,106H,SPRABERRY (TREND AREA),104,0.0,0.0,0.0,0.0
31744052,EPLEY-MARTIN 31F,106H,SPRABERRY (TREND AREA),105,0.0,0.0,0.0,0.0
31744052,EPLEY-MARTIN 31F,106H,SPRABERRY (TREND AREA),106,0.0,0.0,0.0,0.0
31744052,EPLEY-MARTIN 31F,106H,SPRABERRY (TREND AREA),107,0.0,0.0,0.0,0.0
31744052,EPLEY-MARTIN 31F,106H,SPRABERRY (TREND AREA),108,0.0,0.0,0.0,0.0
31744052,EPLEY-MARTIN 31F,106H,SPRABERRY (TREND AREA),109,0.0,0.0,0.0,0.0
31744052,EPLEY-MARTIN 31F,106H,SPRABERRY (TREND AREA),110,0.0,0.0,0.0,0.0
31744052,EPLEY-MARTIN 31F,106H,SPRABERRY (TREND AREA),111,0.0,0.0,0.0,0.0
31744052,EPLEY-MARTIN 31F,106H,SPRABERRY (TREND AREA),112,0.0,0.0,0.0,0.0
31744052,EPLEY-MARTIN 31F,106H,SPRABERRY (TREND AREA),113,0.0,0.0,0.0,0.0
31744052,EPLEY-MARTIN 31F,106H,SPRABERRY (TREND AREA),114,0.0,0.0,0.0,0.0
31744052,EPLEY-MARTIN 31F,106H,SPRABERRY (TREND AREA),115,0.0,0.0,0.0,0.0
31744052,EPLEY-MARTIN 31F,106H,SPRABERRY (TREND AREA),116,0.0,0.0,0.0,0.0
31744052,EPLEY-MARTIN 31F,106H,SPRABERRY (TREND AREA),117,0.0,0.0,0.0,0.0
31744052,EPLEY-MARTIN 31F,106H,SPRABERRY (TREND AREA),118,0.0,0.0,0.0,0.0
31744052,EPLEY-MARTIN 31F,106H,SPRABERRY (TREND AREA),119,0.0,0.0,0.0,0.0
31744052,EPLEY-MARTIN 31F,106H,SPRABERRY (TREND AREA),120,0.0,0.0,0.0,0.0
31744053,EPLEY-MARTIN 31D,104H,SPRABERRY (TREND AREA),34,3202.6288471872517,3447.0,3283.6666666666665,3656.6666666666665
31744053,EPLEY-MARTIN 31D,104H,SPRABERRY (TREND AREA),35,3008.0384582690945,3202.6288471872517,3354.209615729084,3462.2714745312082
31744053,EPLEY-MARTIN 31D,104H,SPRABERRY (TREND AREA),36,2841.9688545962267,3008.0384582690945,3219.222435152116,3295.1112175760572
31744053,EPLEY-MARTIN 31D,104H,SPRABERRY (TREND AREA),37,2694.886100887458,2841.9688545962267,3017.545386684191,3150.606026675429
31744053,EPLEY-MARTIN 31D,104H,SPRABERRY (TREND AREA),38,2580.038576182865,2694.886100887458,2848.2978045842597,3101.2537101566722
31744053,EPLEY-MARTIN 31D,104H,SPRABERRY (TREND AREA),39,2462.9024361356355,2580.038576182865,2705.6311772221834,2962.4268061871494
31744053,EPLEY-MARTIN 31D,104H,SPRABERRY (TREND AREA),40,2339.2171285965837,2462.9024361356355,2579.275704401986,2798.4105455430886
31744053,EPLEY-MARTIN 31D,104H,SPRABERRY (TREND AREA),41,2216.706335807395,2339.2171285965837,2460.719380305028,2654.508592444644
31744053,EPLEY-MARTIN 31D,104H,SPRABERRY (TREND AREA),42,2097.4720546451185,2216.706335807395,2339.6086335132045,2522.619905367694
31744053,EPLEY-MARTIN 31D,104H,SPRABERRY (TREND AREA),43,1981.7333150302134,2097.4720546451185,2217.7985063496994,2398.5371053758427
31744053,EPLEY-MARTIN 31D,104H,SPRABERRY (TREND AREA),44,1869.0967146245544,1981.7333150302134,2098.6372351609093,2279.6783077329687
31744053,EPLEY-MARTIN 31D,104H,SPRABERRY (TREND AREA),45,1758.2734150246679,1869.0967146245544,1982.7673614332955,2161.18799747325
31744053,EPLEY-MARTIN 31D,104H,SPRABERRY (TREND AREA),46,1648.7164192441296,1758.2734150246679,1869.7011482264786,2043.7498272880887
31744053,EPLEY-MARTIN 31D,104H,SPRABERRY (TREND AREA),47,1540.4100052948233,1648.7164192441296,1758.695516297784,1928.666375729347
31744053,EPLEY-MARTIN 31D,104H,SPRABERRY (TREND AREA),48,1433.3357697720926,1540.4100052948233,1649.1332798545402,1815.9503206439178
31744053,EPLEY-MARTIN 31D,104H,SPRABERRY (TREND AREA),49,1327.4032385921455,1433.3357697720926,1540.820731437015,1705.260939831747
31744053,EPLEY-MARTIN 31D,104H,SPRABERRY (TREND AREA),50,1222.4748921822065,1327.4032385921455,1433.716337886354,1596.205927092069
31744053,EPLEY-MARTIN 31D,104H,SPRABERRY (TREND AREA),51,1118.39674734937,1222.4748921822065,1327.737966848815,1488.4356233516776
31744053,EPLEY-MARTIN 31D,104H,SPRABERRY (TREND AREA),52,1015.0475759670657,1118.39674734937,1222.7582927079072,1381.7895120724613
31744053,EPLEY-MARTIN 31D,104H,SPRABERRY (TREND AREA),53,912.3394368764315,1015.0475759670657,1118.6397384995473,1276.1780381929507
31744053,EPLEY-MARTIN 31D,104H,SPRABERRY (TREND AREA),54,810.1998612627202,912.3394368764315,1015.2612533976225,1171.4996101232184
31744053,EPLEY-MARTIN 31D,104H,SPRABERRY (TREND AREA),55,708.5632093862895,810.1998612627202,912.5289580354057,1067.6436253716565
31744053,EPLEY-MARTIN 31D,104H,SPRABERRY (TREND AREA),56,607.3688159177731,708.5632093862895,810.3675025084804,964.5036205040138
31744053,EPLEY-MARTIN 31D,104H,SPRABERRY (TREND AREA),57,506.56174890453156,607.3688159177731,708.7106288555942,861.9859411266083
31744053,EPLEY-MARTIN 31D,104H,SPRABERRY (TREND AREA),58,406.0939804956114,506.56174890453156,607.497924736198,760.0134413858019
31744053,EPLEY-MARTIN 31D,104H,SPRABERRY (TREND AREA),59,305.9240462479869,406.0939804956114,506.6748484393053,658.5211754738929
31744053,EPLEY-MARTIN 31D,104H,SPRABERRY (TREND AREA),60,206.01587245055396,305.9240462479869,406.1932585493766,557.4519437024854
31744053,EPLEY-MARTIN 31D,104H,SPRABERRY (TREND AREA),61,106.33776776806543,206.01587245055396,306.0112997313841,456.7546122337911
31744053,EPLEY-MARTIN 31D,104H,SPRABERRY (TREND AREA),62,6.861773853152393,106.33776776806543,206.09256215553543,356.3837052974204
31744053,EPLEY-MARTIN 31D,104H,SPRABERRY (TREND AREA),63,0.0,6.861773853152393,106.40513802392393,256.2991982866503
31744053,EPLEY-MARTIN 31D,104H,SPRABERRY (TREND AREA),64,0.0,0.0,37.73318054040595,171.87224013589503
31744053,EPLEY-MARTIN 31D,104H,SPRABERRY (TREND AREA),65,0.0,0.0,2.2872579510507975,104.1899100532931
31744053,EPLEY-MARTIN 31D,104H,SPRABERRY (TREND AREA),66,0.0,0.0,0.0,53.20256901196196
31744053,EPLEY-MARTIN 31D,104H,SPRABERRY (TREND AREA),67,0.0,0.0,0.0,18.866590270202973
31744053,EPLEY-MARTIN 31D,104H,SPRABERRY (TREND AREA),68,0.0,0.0,0.0,1.1436289755253988
31744053,EPLEY-MARTIN 31D,104H,SPRABERRY (TREND AREA),69,0.0,0.0,0.0,0.0
31744053,EPLEY-MARTIN 31D,104H,SPRABERRY (TREND AREA),70,0.0,0.0,0.0,0.0
31744053,EPLEY-MARTIN 31D,104H,SPRABERRY (TREND AREA),71,0.0,0.0,0.0,0.0
31744053,EPLEY-MARTIN 31D,104H,SPRABERRY (TREND AREA),72,0.0,0.0,0.0,0.0
31744053,EPLEY-MARTIN 31D,104H,SPRABERRY (TREND AREA),73,0.0,0.0,0.0,0.0
31744053,EPLEY-MARTIN 31D,104H,SPRABERRY (TREND AREA),74,0.0,0.0,0.0,0.0
31744053,EPLEY-MARTIN 31D,104H,SPRABERRY (TREND AREA),75,0.0,0.0,0.0,0.0
31744053,EPLEY-MARTIN 31D,104H,SPRABERRY (TREND AREA),76,0.0,0.0,0.0,0.0
31744053,EPLEY-MARTIN 31D,104H,SPRABERRY (TREND AREA),77,0.0,0.0,0.0,0.0
31744053,EPLEY-MARTIN 31D,104H,SPRABERRY (TREND AREA),78,0.0,0.0,0.0,0.0
31744053,EPLEY-MARTIN 31D,104H,SPRABERRY (TREND AREA),79,0.0,0.0,0.0,0.0
31744053,EPLEY-MARTIN 31D,104H,SPRABERRY (TREND AREA),80,0.0,0.0,0.0,0.0
31744053,EPLEY-MARTIN 31D,104H,SPRABERRY (TREND AREA),81,0.0,0.0,0.0,0.0
31744053,EPLEY-MARTIN 31D,104H,SPRABERRY (TREND AREA),82,0.0,0.0,0.0,0.0
31744053,EPLEY-MARTIN 31D,104H,SPRABERRY (TREND AREA),83,0.0,0.0,0.0,0.0
31744053,EPLEY-MARTIN 31D,104H,SPRABERRY (TREND AREA),84,0.0,0.0,0.0,0.0
31744053,EPLEY-MARTIN 31D,104H,SPRABERRY (TREND AREA),85,0.0,0.0,0.0,0.0
31744053,EPLEY-MARTIN 31D,104H,SPRABERRY (TREND AREA),86,0.0,0.0,0.0,0.0
31744053,EPLEY-MARTIN 31D,104H,SPRABERRY (TREND AREA),87,0.0,0.0,0.0,0.0
31744053,EPLEY-MARTIN 31D,104H,SPRABERRY (TREND AREA),88,0.0,0.0,0.0,0.0
31744053,EPLEY-MARTIN 31D,104H,SPRABERRY (TREND AREA),89,0.0,0.0,0.0,0.0
31744053,EPLEY-MARTIN 31D,104H,SPRABERRY (TREND AREA),90,0.0,0.0,0.0,0.0
31744053,EPLEY-MARTIN 31D,104H,SPRABERRY (TREND AREA),91,0.0,0.0,0.0,0.0
31744053,EPLEY-MARTIN 31D,104H,SPRABERRY (TREND AREA),92,0.0,0.0,0.0,0.0
31744053,EPLEY-MARTIN 31D,104H,SPRABERRY (TREND AREA),93,0.0,0.0,0.0,0.0
31744053,EPLEY-MARTIN 31D,104H,SPRABERRY (TREND AREA),94,0.0,0.0,0.0,0.0
31744053,EPLEY-MARTIN 31D,104H,SPRABERRY (TREND AREA),95,0.0,0.0,0.0,0.0
31744053,EPLEY-MARTIN 31D,104H,SPRABERRY (TREND AREA),96,0.0,0.0,0.0,0.0
31744053,EPLEY-MARTIN 31D,104H,SPRABERRY (TREND AREA),97,0.0,0.0,0.0,0.0
31744053,EPLEY-MARTIN 31D,104H,SPRABERRY (TREND AREA),98,0.0,0.0,0.0,0.0
31744053,EPLEY-MARTIN 31D,104H,SPRABERRY (TREND AREA),99,0.0,0.0,0.0,0.0
31744053,EPLEY-MARTIN 31D,104H,SPRABERRY (TREND AREA),100,0.0,0.0,0.0,0.0
31744053,EPLEY-MARTIN 31D,104H,SPRABERRY (TREND AREA),101,0.0,0.0,0.0,0.0
31744053,EPLEY-MARTIN 31D,104H,SPRABERRY (TREND AREA),102,0.0,0.0,0.0,0.0
31744053,EPLEY-MARTIN 31D,104H,SPRABERRY (TREND AREA),103,0.0,0.0,0.0,0.0
31744053,EPLEY-MARTIN 31D,104H,SPRABERRY (TREND AREA),104,0.0,0.0,0.0,0.0
31744053,EPLEY-MARTIN 31D,104H,SPRABERRY (TREND AREA),105,0.0,0.0,0.0,0.0
31744053,EPLEY-MARTIN 31D,104H,SPRABERRY (TREND AREA),106,0.0,0.0,0.0,0.0
31744053,EPLEY-MARTIN 31D,104H,SPRABERRY (TREND AREA),107,0.0,0.0,0.0,0.0
31744053,EPLEY-MARTIN 31D,104H,SPRABERRY (TREND AREA),108,0.0,0.0,0.0,0.0
31744053,EPLEY-MARTIN 31D,104H,SPRABERRY (TREND AREA),109,0.0,0.0,0.0,0.0
31744053,EPLEY-MARTIN 31D,104H,SPRABERRY (TREND AREA),110,0.0,0.0,0.0,0.0
31744053,EPLEY-MARTIN 31D,104H,SPRABERRY (TREND AREA),111,0.0,0.0,0.0,0.0
31744053,EPLEY-MARTIN 31D,104H,SPRABERRY (TREND AREA),112,0.0,0.0,0.0,0.0
31744053,EPLEY-MARTIN 31D,104H,SPRABERRY (TREND AREA),113,0.0,0.0,0.0,0.0
31744053,EPLEY-MARTIN 31D,104H,SPRABERRY (TREND AREA),114,0.0,0.0,0.0,0.0
31744053,EPLEY-MARTIN 31D,104H,SPRABERRY (TREND AREA),115,0.0,0.0,0.0,0.0
31744053,EPLEY-MARTIN 31D,104H,SPRABERRY (TREND AREA),116,0.0,0.0,0.0,0.0
31744053,EPLEY-MARTIN 31D,104H,SPRABERRY (TREND AREA),117,0.0,0.0,0.0,0.0
31744053,EPLEY-MARTIN 31D,104H,SPRABERRY (TREND AREA),118,0.0,0.0,0.0,0.0
31744053,EPLEY-MARTIN 31D,104H,SPRABERRY (TREND AREA),119,0.0,0.0,0.0,0.0
31744053,EPLEY-MARTIN 31D,104H,SPRABERRY (TREND AREA),120,0.0,0.0,0.0,0.0
31744055,DAVIS-LACY 31K,211H,SPRABERRY (TREND AREA),34,4282.005759565601,4809.0,5361.333333333333,5075.333333333333
31744055,DAVIS-LACY 31K,211H,SPRABERRY (TREND AREA),35,3880.346299523048,4282.005759565601,4873.668586521867,4685.0009599276
31744055,DAVIS-LACY 31K,211H,SPRABERRY (TREND AREA),36,3586.6662954255057,3880.346299523048,4323.784019696216,4482.058676514775
31744055,DAVIS-LACY 31K,211H,SPRABERRY (TREND AREA),37,3434.6577100158206,3586.6662954255057,3916.3394515047185,4638.836392419025
31744055,DAVIS-LACY 31K,211H,SPRABERRY (TREND AREA),38,3239.3583898910824,3434.6577100158206,3633.8901016547916,4253.779344088329
31744055,DAVIS-LACY 31K,211H,SPRABERRY (TREND AREA),39,3023.0328586283663,3239.3583898910824,3420.227465110803,3872.0057424035094
31744055,DAVIS-LACY 31K,211H,SPRABERRY (TREND AREA),40,2814.884709203379,3023.0328586283663,3232.34965284509,3574.344552174904
31744055,DAVIS-LACY 31K,211H,SPRABERRY (TREND AREA),41,2622.6738128991715,2814.884709203379,3025.758652574276,3329.8243771145335
31744055,DAVIS-LACY 31K,211H,SPRABERRY (TREND AREA),42,2446.869739336025,2622.6738128991715,2820.1971269103055,3120.212296010555
31744055,DAVIS-LACY 31K,211H,SPRABERRY (TREND AREA),43,2284.5528446396197,2446.869739336025,2628.1427538128587,2930.246203328974
31744055,DAVIS-LACY 31K,211H,SPRABERRY (TREND AREA),44,2129.3934499030916,2284.5528446396197,2451.3654656249387,2738.5620590996073
31744055,DAVIS-LACY 31K,211H,SPRABERRY (TREND AREA),45,1979.8293799456,2129.3934499030916,2286.938677959579,2553.5679024349424
31744055,DAVIS-LACY 31K,211H,SPRABERRY (TREND AREA),46,1835.9460725663926,1979.8293799456,2131.2585581627704,2379.7006559878146
31744055,DAVIS-LACY 31K,211H,SPRABERRY (TREND AREA),47,1697.6416803721013,1835.9460725663926,1981.7229674716946,2216.544216548317
31744055,DAVIS-LACY 31K,211H,SPRABERRY (TREND AREA),48,1564.4626410142828,1697.6416803721013,1837.8057109613646,2062.3721944604717
31744055,DAVIS-LACY 31K,211H,SPRABERRY (TREND AREA),49,1435.740049769684,1564.4626410142828,1699.3501313175923,1915.3043447401813
31744055,DAVIS-LACY 31K,211H,SPRABERRY (TREND AREA),50,1310.7687195646613,1435.740049769684,1565.9481237186894,1773.8355455951921
31744055,DAVIS-LACY 31K,211H,SPRABERRY (TREND AREA),51,1189.0305550791722,1310.7687195646613,1436.9904701162093,1637.398090538787
31744055,DAVIS-LACY 31K,211H,SPRABERRY (TREND AREA),52,1070.1463677840188,1189.0305550791722,1311.8464414711725,1505.5982863943825
31744055,DAVIS-LACY 31K,211H,SPRABERRY (TREND AREA),53,953.7959932104864,1070.1463677840188,1189.9818808092841,1377.965002263987
31744055,DAVIS-LACY 31K,211H,SPRABERRY (TREND AREA),54,839.6853795941706,953.7959932104864,1070.9909720245591,1253.990721070384
31744055,DAVIS-LACY 31K,211H,SPRABERRY (TREND AREA),55,727.5419939458907,839.6853795941706,954.5425801962252,1133.1945108336988
31744055,DAVIS-LACY 31K,211H,SPRABERRY (TREND AREA),56,617.1204209198913,727.5419939458907,840.3411222501826,1015.1615015297333
31744055,DAVIS-LACY 31K,211H,SPRABERRY (TREND AREA),57,508.20751664033014,617.1204209198913,728.1159314866509,899.5534517556049
31744055,DAVIS-LACY 31K,211H,SPRABERRY (TREND AREA),58,400.61941260799904,508.20751664033014,617.6233105020374,786.0829453491314
31744055,DAVIS-LACY 31K,211H,SPRABERRY (TREND AREA),59,294.19585706445105,400.61941260799904,508.6491167227402,674.4951194864614
31744055,DAVIS-LACY 31K,211H,SPRABERRY (TREND AREA),60,188.7958324978531,294.19585706445105,401.0075954375934,564.5617634621221
31744055,DAVIS-LACY 31K,211H,SPRABERRY (TREND AREA),61,84.29485958034093,188.7958324978531,294.5370340567677,456.0801722794026
31744055,DAVIS-LACY 31K,211H,SPRABERRY (TREND AREA),62,0.0,84.29485958034093,189.0955163808817,348.8723165518109
31744055,DAVIS-LACY 31K,211H,SPRABERRY (TREND AREA),63,0.0,0.0,91.03023069273134,246.01891306516237
31744055,DAVIS-LACY 31K,211H,SPRABERRY (TREND AREA),64,0.0,0.0,28.09828652678031,161.31766029177402
31744055,DAVIS-LACY 31K,211H,SPRABERRY (TREND AREA),65,0.0,0.0,0.0,94.54775819044085
31744055,DAVIS-LACY 31K,211H,SPRABERRY (TREND AREA),66,0.0,0.0,0.0,45.51511534636567
31744055,DAVIS-LACY 31K,211H,SPRABERRY (TREND AREA),67,0.0,0.0,0.0,14.049143263390155
31744055,DAVIS-LACY 31K,211H,SPRABERRY (TREND AREA),68,0.0,0.0,0.0,0.0
31744055,DAVIS-LACY 31K,211H,SPRABERRY (TREND AREA),69,0.0,0.0,0.0,0.0
31744055,DAVIS-LACY 31K,211H,SPRABERRY (TREND AREA),70,0.0,0.0,0.0,0.0
31744055,DAVIS-LACY 31K,211H,SPRABERRY (TREND AREA),71,0.0,0.0,0.0,0.0
31744055,DAVIS-LACY 31K,211H,SPRABERRY (TREND AREA),72,0.0,0.0,0.0,0.0
31744055,DAVIS-LACY 31K,211H,SPRABERRY (TREND AREA),73,0.0,0.0,0.0,0.0
31744055,DAVIS-LACY 31K,211H,SPRABERRY (TREND AREA),74,0.0,0.0,0.0,0.0
31744055,DAVIS-LACY 31K,211H,SPRABERRY (TREND AREA),75,0.0,0.0,0.0,0.0
31744055,DAVIS-LACY 31K,211H,SPRABERRY (TREND AREA),76,0.0,0.0,0.0,0.0
31744055,DAVIS-LACY 31K,211H,SPRABERRY (TREND AREA),77,0.0,0.0,0.0,0.0
31744055,DAVIS-LACY 31K,211H,SPRABERRY (TREND AREA),78,0.0,0.0,0.0,0.0
31744055,DAVIS-LACY 31K,211H,SPRABERRY (TREND AREA),79,0.0,0.0,0.0,0.0
31744055,DAVIS-LACY 31K,211H,SPRABERRY (TREND AREA),80,0.0,0.0,0.0,0.0
31744055,DAVIS-LACY 31K,211H,SPRABERRY (TREND AREA),81,0.0,0.0,0.0,0.0
31744055,DAVIS-LACY 31K,211H,SPRABERRY (TREND AREA),82,0.0,0.0,0.0,0.0
31744055,DAVIS-LACY 31K,211H,SPRABERRY (TREND AREA),83,0.0,0.0,0.0,0.0
31744055,DAVIS-LACY 31K,211H,SPRABERRY (TREND AREA),84,0.0,0.0,0.0,0.0
31744055,DAVIS-LACY 31K,211H,SPRABERRY (TREND AREA),85,0.0,0.0,0.0,0.0
31744055,DAVIS-LACY 31K,211H,SPRABERRY (TREND AREA),86,0.0,0.0,0.0,0.0
31744055,DAVIS-LACY 31K,211H,SPRABERRY (TREND AREA),87,0.0,0.0,0.0,0.0
31744055,DAVIS-LACY 31K,211H,SPRABERRY (TREND AREA),88,0.0,0.0,0.0,0.0
31744055,DAVIS-LACY 31K,211H,SPRABERRY (TREND AREA),89,0.0,0.0,0.0,0.0
31744055,DAVIS-LACY 31K,211H,SPRABERRY (TREND AREA),90,0.0,0.0,0.0,0.0
31744055,DAVIS-LACY 31K,211H,SPRABERRY (TREND AREA),91,0.0,0.0,0.0,0.0
31744055,DAVIS-LACY 31K,211H,SPRABERRY (TREND AREA),92,0.0,0.0,0.0,0.0
31744055,DAVIS-LACY 31K,211H,SPRABERRY (TREND AREA),93,0.0,0.0,0.0,0.0
31744055,DAVIS-LACY 31K,211H,SPRABERRY (TREND AREA),94,0.0,0.0,0.0,0.0
31744055,DAVIS-LACY 31K,211H,SPRABERRY (TREND AREA),95,0.0,0.0,0.0,0.0
31744055,DAVIS-LACY 31K,211H,SPRABERRY (TREND AREA),96,0.0,0.0,0.0,0.0
31744055,DAVIS-LACY 31K,211H,SPRABERRY (TREND AREA),97,0.0,0.0,0.0,0.0
31744055,DAVIS-LACY 31K,211H,SPRABERRY (TREND AREA),98,0.0,0.0,0.0,0.0
31744055,DAVIS-LACY 31K,211H,SPRABERRY (TREND AREA),99,0.0,0.0,0.0,0.0
31744055,DAVIS-LACY 31K,211H,SPRABERRY (TREND AREA),100,0.0,0.0,0.0,0.0
31744055,DAVIS-LACY 31K,211H,SPRABERRY (TREND AREA),101,0.0,0.0,0.0,0.0
31744055,DAVIS-LACY 31K,211H,SPRABERRY (TREND AREA),102,0.0,0.0,0.0,0.0
31744055,DAVIS-LACY 31K,211H,SPRABERRY (TREND AREA),103,0.0,0.0,0.0,0.0
31744055,DAVIS-LACY 31K,211H,SPRABERRY (TREND AREA),104,0.0,0.0,0.0,0.0
31744055,DAVIS-LACY 31K,211H,SPRABERRY (TREND AREA),105,0.0,0.0,0.0,0.0
31744055,DAVIS-LACY 31K,211H,SPRABERRY (TREND AREA),106,0.0,0.0,0.0,0.0
31744055,DAVIS-LACY 31K,211H,SPRABERRY (TREND AREA),107,0.0,0.0,0.0,0.0
31744055,DAVIS-LACY 31K,211H,SPRABERRY (TREND AREA),108,0.0,0.0,0.0,0.0
31744055,DAVIS-LACY 31K,211H,SPRABERRY (TREND AREA),109,0.0,0.0,0.0,0.0
31744055,DAVIS-LACY 31K,211H,SPRABERRY (TREND AREA),110,0.0,0.0,0.0,0.0
31744055,DAVIS-LACY 31K,211H,SPRABERRY (TREND AREA),111,0.0,0.0,0.0,0.0
31744055,DAVIS-LACY 31K,211H,SPRABERRY (TREND AREA),112,0.0,0.0,0.0,0.0
31744055,DAVIS-LACY 31K,211H,SPRABERRY (TREND AREA),113,0.0,0.0,0.0,0.0
31744055,DAVIS-LACY 31K,211H,SPRABERRY (TREND AREA),114,0.0,0.0,0.0,0.0
31744055,DAVIS-LACY 31K,211H,SPRABERRY (TREND AREA),115,0.0,0.0,0.0,0.0
31744055,DAVIS-LACY 31K,211H,SPRABERRY (TREND AREA),116,0.0,0.0,0.0,0.0
31744055,DAVIS-LACY 31K,211H,SPRABERRY (TREND AREA),117,0.0,0.0,0.0,0.0
31744055,DAVIS-LACY 31K,211H,SPRABERRY (TREND AREA),118,0.0,0.0,0.0,0.0
31744055,DAVIS-LACY 31K,211H,SPRABERRY (TREND AREA),119,0.0,0.0,0.0,0.0
31744055,DAVIS-LACY 31K,211H,SPRABERRY (TREND AREA),120,0.0,0.0,0.0,0.0
31744056,DAVIS-LACY 31J,210H,SPRABERRY (TREND AREA),34,1616.0546405516052,1332.0,1674.0,1887.5
31744056,DAVIS-LACY 31J,210H,SPRABERRY (TREND AREA),35,1745.287992080885,1616.0546405516052,1624.0182135172017,1885.3424400919341
31744056,DAVIS-LACY 31J,210H,SPRABERRY (TREND AREA),36,1767.5170888131565,1745.287992080885,1564.4475442108298,1777.0571054387483
31744056,DAVIS-LACY 31J,210H,SPRABERRY (TREND AREA),37,1741.8503994559228,1767.5170888131565,1709.619907148549,1691.8099535742742
31744056,DAVIS-LACY 31J,210H,SPRABERRY (TREND AREA),38,1706.6332591349242,1741.8503994559228,1751.5518267833213,1687.7850201502615
31744056,DAVIS-LACY 31J,210H,SPRABERRY (TREND AREA),39,1657.9211793634468,1706.6332591349242,1738.6669158013344,1651.5572300060821
31744056,DAVIS-LACY 31J,210H,SPRABERRY (TREND AREA),40,1621.8405861223591,1657.9211793634468,1702.1349459847645,1705.8774265666568
31744056,DAVIS-LACY 31J,210H,SPRABERRY (TREND AREA),41,1580.4621888295778,1621.8405861223591,1662.1316748735765,1706.8417508284485
31744056,DAVIS-LACY 31J,210H,SPRABERRY (TREND AREA),42,1529.8109950097228,1580.4621888295778,1620.0746514384612,1679.370783619898
31744056,DAVIS-LACY 31J,210H,SPRABERRY (TREND AREA),43,1471.4478885197354,1529.8109950097228,1577.3712566538863,1639.7531013193254
31744056,DAVIS-LACY 31J,210H,SPRABERRY (TREND AREA),44,1407.5736098034586,1471.4478885197354,1527.240357453012,1594.6860161632942
31744056,DAVIS-LACY 31J,210H,SPRABERRY (TREND AREA),45,1339.517109652646,1407.5736098034586,1469.6108311109722,1544.842741274717
31744056,DAVIS-LACY 31J,210H,SPRABERRY (TREND AREA),46,1268.3745661752619,1339.517109652646,1406.1795359919468,1491.7753963229163
31744056,DAVIS-LACY 31J,210H,SPRABERRY (TREND AREA),47,1194.1765096100985,1268.3745661752619,1338.4884285437888,1432.8643929984003
31744056,DAVIS-LACY 31J,210H,SPRABERRY (TREND AREA),48,1117.040316327445,1194.1765096100985,1267.3560618126687,1368.4834464618207
31744056,DAVIS-LACY 31J,210H,SPRABERRY (TREND AREA),49,1037.2748109961249,1117.040316327445,1193.1971307042684,1299.6883333481076
31744056,DAVIS-LACY 31J,210H,SPRABERRY (TREND AREA),50,955.239029935588,1037.2748109961249,1116.1638789778895,1227.3261537608391
31744056,DAVIS-LACY 31J,210H,SPRABERRY (TREND AREA),51,871.2521917679255,955.239029935588,1036.5180524197192,1151.9370571161942
31744056,DAVIS-LACY 31J,210H,SPRABERRY (TREND AREA),52,785.5757524984233,871.2521917679255,954.5886775665462,1073.8929041354074
31744056,DAVIS-LACY 31J,210H,SPRABERRY (TREND AREA),53,698.4086206810807,785.5757524984233,870.6889914006456,993.4264351892676
31744056,DAVIS-LACY 31J,210H,SPRABERRY (TREND AREA),54,609.9213918709452,698.4086206810807,785.0788549824765,910.798453701098
31744056,DAVIS-LACY 31J,210H,SPRABERRY (TREND AREA),55,520.2704561217433,609.9213918709452,697.9685883501497,826.2786329583478
31744056,DAVIS-LACY 31J,210H,SPRABERRY (TREND AREA),56,429.59815380859567,520.2704561217433,609.5334895579231,740.1112404792843
31744056,DAVIS-LACY 31J,210H,SPRABERRY (TREND AREA),57,338.03078772425573,429.59815380859567,519.9300006004281,652.5044277914523
31744056,DAVIS-LACY 31J,210H,SPRABERRY (TREND AREA),58,245.67853394464507,338.03078772425573,429.2997992181983,563.634193784174
31744056,DAVIS-LACY 31J,210H,SPRABERRY (TREND AREA),59,152.63694057538711,245.67853394464507,337.76915849249883,473.65132402521095
31744056,DAVIS-LACY 31J,210H,SPRABERRY (TREND AREA),60,58.98952195601347,152.63694057538711,245.4487540814293,382.68937734092873
31744056,DAVIS-LACY 31J,210H,SPRABERRY (TREND AREA),61,0.0,58.98952195601347,152.43499882534854,290.86739902177345
31744056,DAVIS-LACY 31J,210H,SPRABERRY (TREND AREA),62,0.0,0.0,70.54215417713353,204.15565633481617
31744056,DAVIS-LACY 31J,210H,SPRABERRY (TREND AREA),63,0.0,0.0,19.663173985337824,132.55596403338356
31744056,DAVIS-LACY 31J,210H,SPRABERRY (TREND AREA),64,0.0,0.0,0.0,76.21749941267427
31744056,DAVIS-LACY 31J,210H,SPRABERRY (TREND AREA),65,0.0,0.0,0.0,35.27107708856676
31744056,DAVIS-LACY 31J,210H,SPRABERRY (TREND AREA),66,0.0,0.0,0.0,9.831586992668912
31744056,DAVIS-LACY 31J,210H,SPRABERRY (TREND AREA),67,0.0,0.0,0.0,0.0
31744056,DAVIS-LACY 31J,210H,SPRABERRY (TREND AREA),68,0.0,0.0,0.0,0.0
31744056,DAVIS-LACY 31J,210H,SPRABERRY (TREND AREA),69,0.0,0.0,0.0,0.0
31744056,DAVIS-LACY 31J,210H,SPRABERRY (TREND AREA),70,0.0,0.0,0.0,0.0
31744056,DAVIS-LACY 31J,210H,SPRABERRY (TREND AREA),71,0.0,0.0,0.0,0.0
31744056,DAVIS-LACY 31J,210H,SPRABERRY (TREND AREA),72,0.0,0.0,0.0,0.0
31744056,DAVIS-LACY 31J,210H,SPRABERRY (TREND AREA),73,0.0,0.0,0.0,0.0
31744056,DAVIS-LACY 31J,210H,SPRABERRY (TREND AREA),74,0.0,0.0,0.0,0.0
31744056,DAVIS-LACY 31J,210H,SPRABERRY (TREND AREA),75,0.0,0.0,0.0,0.0
31744056,DAVIS-LACY 31J,210H,SPRABERRY (TREND AREA),76,0.0,0.0,0.0,0.0
31744056,DAVIS-LACY 31J,210H,SPRABERRY (TREND AREA),77,0.0,0.0,0.0,0.0
31744056,DAVIS-LACY 31J,210H,SPRABERRY (TREND AREA),78,0.0,0.0,0.0,0.0
31744056,DAVIS-LACY 31J,210H,SPRABERRY (TREND AREA),79,0.0,0.0,0.0,0.0
31744056,DAVIS-LACY 31J,210H,SPRABERRY (TREND AREA),80,0.0,0.0,0.0,0.0
31744056,DAVIS-LACY 31J,210H,SPRABERRY (TREND AREA),81,0.0,0.0,0.0,0.0
31744056,DAVIS-LACY 31J,210H,SPRABERRY (TREND AREA),82,0.0,0.0,0.0,0.0
31744056,DAVIS-LACY 31J,210H,SPRABERRY (TREND AREA),83,0.0,0.0,0.0,0.0
31744056,DAVIS-LACY 31J,210H,SPRABERRY (TREND AREA),84,0.0,0.0,0.0,0.0
31744056,DAVIS-LACY 31J,210H,SPRABERRY (TREND AREA),85,0.0,0.0,0.0,0.0
31744056,DAVIS-LACY 31J,210H,SPRABERRY (TREND AREA),86,0.0,0.0,0.0,0.0
31744056,DAVIS-LACY 31J,210H,SPRABERRY (TREND AREA),87,0.0,0.0,0.0,0.0
31744056,DAVIS-LACY 31J,210H,SPRABERRY (TREND AREA),88,0.0,0.0,0.0,0.0
31744056,DAVIS-LACY 31J,210H,SPRABERRY (TREND AREA),89,0.0,0.0,0.0,0.0
31744056,DAVIS-LACY 31J,210H,SPRABERRY (TREND AREA),90,0.0,0.0,0.0,0.0
31744056,DAVIS-LACY 31J,210H,SPRABERRY (TREND AREA),91,0.0,0.0,0.0,0.0
31744056,DAVIS-LACY 31J,210H,SPRABERRY (TREND AREA),92,0.0,0.0,0.0,0.0
31744056,DAVIS-LACY 31J,210H,SPRABERRY (TREND AREA),93,0.0,0.0,0.0,0.0
31744056,DAVIS-LACY 31J,210H,SPRABERRY (TREND AREA),94,0.0,0.0,0.0,0.0
31744056,DAVIS-LACY 31J,210H,SPRABERRY (TREND AREA),95,0.0,0.0,0.0,0.0
31744056,DAVIS-LACY 31J,210H,SPRABERRY (TREND AREA),96,0.0,0.0,0.0,0.0
31744056,DAVIS-LACY 31J,210H,SPRABERRY (TREND AREA),97,0.0,0.0,0.0,0.0
31744056,DAVIS-LACY 31J,210H,SPRABERRY (TREND AREA),98,0.0,0.0,0.0,0.0
31744056,DAVIS-LACY 31J,210H,SPRABERRY (TREND AREA),99,0.0,0.0,0.0,0.0
31744056,DAVIS-LACY 31J,210H,SPRABERRY (TREND AREA),100,0.0,0.0,0.0,0.0
31744056,DAVIS-LACY 31J,210H,SPRABERRY (TREND AREA),101,0.0,0.0,0.0,0.0
31744056,DAVIS-LACY 31J,210H,SPRABERRY (TREND AREA),102,0.0,0.0,0.0,0.0
31744056,DAVIS-LACY 31J,210H,SPRABERRY (TREND AREA),103,0.0,0.0,0.0,0.0
31744056,DAVIS-LACY 31J,210H,SPRABERRY (TREND AREA),104,0.0,0.0,0.0,0.0
31744056,DAVIS-LACY 31J,210H,SPRABERRY (TREND AREA),105,0.0,0.0,0.0,0.0
31744056,DAVIS-LACY 31J,210H,SPRABERRY (TREND AREA),106,0.0,0.0,0.0,0.0
31744056,DAVIS-LACY 31J,210H,SPRABERRY (TREND AREA),107,0.0,0.0,0.0,0.0
31744056,DAVIS-LACY 31J,210H,SPRABERRY (TREND AREA),108,0.0,0.0,0.0,0.0
31744056,DAVIS-LACY 31J,210H,SPRABERRY (TREND AREA),109,0.0,0.0,0.0,0.0
31744056,DAVIS-LACY 31J,210H,SPRABERRY (TREND AREA),110,0.0,0.0,0.0,0.0
31744056,DAVIS-LACY 31J,210H,SPRABERRY (TREND AREA),111,0.0,0.0,0.0,0.0
31744056,DAVIS-LACY 31J,210H,SPRABERRY (TREND AREA),112,0.0,0.0,0.0,0.0
31744056,DAVIS-LACY 31J,210H,SPRABERRY (TREND AREA),113,0.0,0.0,0.0,0.0
31744056,DAVIS-LACY 31J,210H,SPRABERRY (TREND AREA),114,0.0,0.0,0.0,0.0
31744056,DAVIS-LACY 31J,210H,SPRABERRY (TREND AREA),115,0.0,0.0,0.0,0.0
31744056,DAVIS-LACY 31J,210H,SPRABERRY (TREND AREA),116,0.0,0.0,0.0,0.0
31744056,DAVIS-LACY 31J,210H,SPRABERRY (TREND AREA),117,0.0,0.0,0.0,0.0
31744056,DAVIS-LACY 31J,210H,SPRABERRY (TREND AREA),118,0.0,0.0,0.0,0.0
31744056,DAVIS-LACY 31J,210H,SPRABERRY (TREND AREA),119,0.0,0.0,0.0,0.0
31744056,DAVIS-LACY 31J,210H,SPRABERRY (TREND AREA),120,0.0,0.0,0.0,0.0
31744057,DAVIS-LACY 31I,209H,SPRABERRY (TREND AREA),34,4159.440536296719,4628.0,4930.666666666667,5134.833333333333
31744057,DAVIS-LACY 31I,209H,SPRABERRY (TREND AREA),35,3836.383690226903,4159.440536296719,4733.146845432239,4928.07342271612
31744057,DAVIS-LACY 31I,209H,SPRABERRY (TREND AREA),36,3564.01495403811,3836.383690226903,4207.941408841208,4630.304037753937
31744057,DAVIS-LACY 31I,209H,SPRABERRY (TREND AREA),37,3335.7094199418325,3564.01495403811,3853.2797268539107,4391.973196760288
31744057,DAVIS-LACY 31I,209H,SPRABERRY (TREND AREA),38,3133.1896963728095,3335.7094199418325,3578.702688068948,4155.924766750594
31744057,DAVIS-LACY 31I,209H,SPRABERRY (TREND AREA),39,2913.0078489980715,3133.1896963728095,3344.304690117584,3776.123049479396
31744057,DAVIS-LACY 31I,209H,SPRABERRY (TREND AREA),40,2704.847106092523,2913.0078489980715,3127.3023217709047,3490.2910243124074
31744057,DAVIS-LACY 31I,209H,SPRABERRY (TREND AREA),41,2513.021948410101,2704.847106092523,2917.014883821135,3247.8587859450417
31744057,DAVIS-LACY 31I,209H,SPRABERRY (TREND AREA),42,2334.939478011589,2513.021948410101,2710.2923011668986,3027.298495642241
31744057,DAVIS-LACY 31I,209H,SPRABERRY (TREND AREA),43,2168.043994227427,2334.939478011589,2517.6028441714043,2822.4525829711542
31744057,DAVIS-LACY 31I,209H,SPRABERRY (TREND AREA),44,2009.7287842080923,2168.043994227427,2338.6684735497056,2627.84167868542
31744057,DAVIS-LACY 31I,209H,SPRABERRY (TREND AREA),45,1857.8989203702704,2009.7287842080923,2170.9040854823693,2440.5981933246335
31744057,DAVIS-LACY 31I,209H,SPRABERRY (TREND AREA),46,1712.2863450109608,1857.8989203702704,2011.8905662685966,2264.7467052200004
31744057,DAVIS-LACY 31I,209H,SPRABERRY (TREND AREA),47,1572.4955738760386,1712.2863450109608,1859.971349863108,2099.319911706407
31744057,DAVIS-LACY 31I,209H,SPRABERRY (TREND AREA),48,1437.9017219557882,1572.4955738760386,1714.2269464190897,1942.5655159507298
31744057,DAVIS-LACY 31I,209H,SPRABERRY (TREND AREA),49,1307.8409109235408,1437.9017219557882,1574.2278802809294,1793.0592232747629
31744057,DAVIS-LACY 31I,209H,SPRABERRY (TREND AREA),50,1181.6965018285264,1307.8409109235408,1439.4127355851226,1649.6920427241155
31744057,DAVIS-LACY 31I,209H,SPRABERRY (TREND AREA),51,1058.9501876397044,1181.6965018285264,1309.1463782359517,1511.6866623275207
31744057,DAVIS-LACY 31I,209H,SPRABERRY (TREND AREA),52,939.1961490283902,1058.9501876397044,1182.8292001305906,1378.5285402057598
31744057,DAVIS-LACY 31I,209H,SPRABERRY (TREND AREA),53,822.0854620505133,939.1961490283902,1059.947612832207,1249.6801742086648
31744057,DAVIS-LACY 31I,209H,SPRABERRY (TREND AREA),54,707.3032852947681,822.0854620505133,940.077266239536,1124.6118222377438
31744057,DAVIS-LACY 31I,209H,SPRABERRY (TREND AREA),55,594.5660630362577,707.3032852947681,822.8616321245572,1002.8454161275739
31744057,DAVIS-LACY 31I,209H,SPRABERRY (TREND AREA),56,483.62209697209124,594.5660630362577,707.9849367938464,883.9662748130268
31744057,DAVIS-LACY 31I,209H,SPRABERRY (TREND AREA),57,374.2511027953829,483.62209697209124,595.163815101039,767.6205406702876
31744057,DAVIS-LACY 31I,209H,SPRABERRY (TREND AREA),58,266.2614471663624,374.2511027953829,484.14642093457724,653.5040265295672
31744057,DAVIS-LACY 31I,209H,SPRABERRY (TREND AREA),59,159.48550829607672,266.2614471663624,374.71154897794554,541.348242885896
31744057,DAVIS-LACY 31I,209H,SPRABERRY (TREND AREA),60,53.77590395718794,159.48550829607672,266.66601941927405,430.91491726015647
31744057,DAVIS-LACY 31I,209H,SPRABERRY (TREND AREA),61,0.0,53.77590395718794,159.8409531398757,321.99368703722644
31744057,DAVIS-LACY 31I,209H,SPRABERRY (TREND AREA),62,0.0,0.0,71.08713741775489,222.8993431978502
31744057,DAVIS-LACY 31I,209H,SPRABERRY (TREND AREA),63,0.0,0.0,17.925301319062648,142.29566036916833
31744057,DAVIS-LACY 31I,209H,SPRABERRY (TREND AREA),64,0.0,0.0,0.0,79.92047656993785
31744057,DAVIS-LACY 31I,209H,SPRABERRY (TREND AREA),65,0.0,0.0,0.0,35.543568708877444
31744057,DAVIS-LACY 31I,209H,SPRABERRY (TREND AREA),66,0.0,0.0,0.0,8.962650659531324
31744057,DAVIS-LACY 31I,209H,SPRABERRY (TREND AREA),67,0.0,0.0,0.0,0.0
31744057,DAVIS-LACY 31I,209H,SPRABERRY (TREND AREA),68,0.0,0.0,0.0,0.0
31744057,DAVIS-LACY 31I,209H,SPRABERRY (TREND AREA),69,0.0,0.0,0.0,0.0
31744057,DAVIS-LACY 31I,209H,SPRABERRY (TREND AREA),70,0.0,0.0,0.0,0.0
31744057,DAVIS-LACY 31I,209H,SPRABERRY (TREND AREA),71,0.0,0.0,0.0,0.0
31744057,DAVIS-LACY 31I,209H,SPRABERRY (TREND AREA),72,0.0,0.0,0.0,0.0
31744057,DAVIS-LACY 31I,209H,SPRABERRY (TREND AREA),73,0.0,0.0,0.0,0.0
31744057,DAVIS-LACY 31I,209H,SPRABERRY (TREND AREA),74,0.0,0.0,0.0,0.0
31744057,DAVIS-LACY 31I,209H,SPRABERRY (TREND AREA),75,0.0,0.0,0.0,0.0
31744057,DAVIS-LACY 31I,209H,SPRABERRY (TREND AREA),76,0.0,0.0,0.0,0.0
31744057,DAVIS-LACY 31I,209H,SPRABERRY (TREND AREA),77,0.0,0.0,0.0,0.0
31744057,DAVIS-LACY 31I,209H,SPRABERRY (TREND AREA),78,0.0,0.0,0.0,0.0
31744057,DAVIS-LACY 31I,209H,SPRABERRY (TREND AREA),79,0.0,0.0,0.0,0.0
31744057,DAVIS-LACY 31I,209H,SPRABERRY (TREND AREA),80,0.0,0.0,0.0,0.0
31744057,DAVIS-LACY 31I,209H,SPRABERRY (TREND AREA),81,0.0,0.0,0.0,0.0
31744057,DAVIS-LACY 31I,209H,SPRABERRY (TREND AREA),82,0.0,0.0,0.0,0.0
31744057,DAVIS-LACY 31I,209H,SPRABERRY (TREND AREA),83,0.0,0.0,0.0,0.0
31744057,DAVIS-LACY 31I,209H,SPRABERRY (TREND AREA),84,0.0,0.0,0.0,0.0
31744057,DAVIS-LACY 31I,209H,SPRABERRY (TREND AREA),85,0.0,0.0,0.0,0.0
31744057,DAVIS-LACY 31I,209H,SPRABERRY (TREND AREA),86,0.0,0.0,0.0,0.0
31744057,DAVIS-LACY 31I,209H,SPRABERRY (TREND AREA),87,0.0,0.0,0.0,0.0
31744057,DAVIS-LACY 31I,209H,SPRABERRY (TREND AREA),88,0.0,0.0,0.0,0.0
31744057,DAVIS-LACY 31I,209H,SPRABERRY (TREND AREA),89,0.0,0.0,0.0,0.0
31744057,DAVIS-LACY 31I,209H,SPRABERRY (TREND AREA),90,0.0,0.0,0.0,0.0
31744057,DAVIS-LACY 31I,209H,SPRABERRY (TREND AREA),91,0.0,0.0,0.0,0.0
31744057,DAVIS-LACY 31I,209H,SPRABERRY (TREND AREA),92,0.0,0.0,0.0,0.0
31744057,DAVIS-LACY 31I,209H,SPRABERRY (TREND AREA),93,0.0,0.0,0.0,0.0
31744057,DAVIS-LACY 31I,209H,SPRABERRY (TREND AREA),94,0.0,0.0,0.0,0.0
31744057,DAVIS-LACY 31I,209H,SPRABERRY (TREND AREA),95,0.0,0.0,0.0,0.0
31744057,DAVIS-LACY 31I,209H,SPRABERRY (TREND AREA),96,0.0,0.0,0.0,0.0
31744057,DAVIS-LACY 31I,209H,SPRABERRY (TREND AREA),97,0.0,0.0,0.0,0.0
31744057,DAVIS-LACY 31I,209H,SPRABERRY (TREND AREA),98,0.0,0.0,0.0,0.0
31744057,DAVIS-LACY 31I,209H,SPRABERRY (TREND AREA),99,0.0,0.0,0.0,0.0
31744057,DAVIS-LACY 31I,209H,SPRABERRY (TREND AREA),100,0.0,0.0,0.0,0.0
31744057,DAVIS-LACY 31I,209H,SPRABERRY (TREND AREA),101,0.0,0.0,0.0,0.0
31744057,DAVIS-LACY 31I,209H,SPRABERRY (TREND AREA),102,0.0,0.0,0.0,0.0
31744057,DAVIS-LACY 31I,209H,SPRABERRY (TREND AREA),103,0.0,0.0,0.0,0.0
31744057,DAVIS-LACY 31I,209H,SPRABERRY (TREND AREA),104,0.0,0.0,0.0,0.0
31744057,DAVIS-LACY 31I,209H,SPRABERRY (TREND AREA),105,0.0,0.0,0.0,0.0
31744057,DAVIS-LACY 31I,209H,SPRABERRY (TREND AREA),106,0.0,0.0,0.0,0.0
31744057,DAVIS-LACY 31I,209H,SPRABERRY (TREND AREA),107,0.0,0.0,0.0,0.0
31744057,DAVIS-LACY 31I,209H,SPRABERRY (TREND AREA),108,0.0,0.0,0.0,0.0
31744057,DAVIS-LACY 31I,209H,SPRABERRY (TREND AREA),109,0.0,0.0,0.0,0.0
31744057,DAVIS-LACY 31I,209H,SPRABERRY (TREND AREA),110,0.0,0.0,0.0,0.0
31744057,DAVIS-LACY 31I,209H,SPRABERRY (TREND AREA),111,0.0,0.0,0.0,0.0
31744057,DAVIS-LACY 31I,209H,SPRABERRY (TREND AREA),112,0.0,0.0,0.0,0.0
31744057,DAVIS-LACY 31I,209H,SPRABERRY (TREND AREA),113,0.0,0.0,0.0,0.0
31744057,DAVIS-LACY 31I,209H,SPRABERRY (TREND AREA),114,0.0,0.0,0.0,0.0
31744057,DAVIS-LACY 31I,209H,SPRABERRY (TREND AREA),115,0.0,0.0,0.0,0.0
31744057,DAVIS-LACY 31I,209H,SPRABERRY (TREND AREA),116,0.0,0.0,0.0,0.0
31744057,DAVIS-LACY 31I,209H,SPRABERRY (TREND AREA),117,0.0,0.0,0.0,0.0
31744057,DAVIS-LACY 31I,209H,SPRABERRY (TREND AREA),118,0.0,0.0,0.0,0.0
31744057,DAVIS-LACY 31I,209H,SPRABERRY (TREND AREA),119,0.0,0.0,0.0,0.0
31744057,DAVIS-LACY 31I,209H,SPRABERRY (TREND AREA),120,0.0,0.0,0.0,0.0
31744058,DAVIS-LACY 31H,208H,SPRABERRY (TREND AREA),34,1884.3908734369177,1875.0,1680.0,1735.3333333333333
31744058,DAVIS-LACY 31H,208H,SPRABERRY (TREND AREA),35,1873.9487268446808,1884.3908734369177,1782.1302911456394,1752.398478906153
31744058,DAVIS-LACY 31H,208H,SPRABERRY (TREND AREA),36,1851.380558599925,1873.9487268446808,1877.779866760533,1763.3899333802665
31744058,DAVIS-LACY 31H,208H,SPRABERRY (TREND AREA),37,1820.2921590816102,1851.380558599925,1869.9067196271744,1774.9533598135874
31744058,DAVIS-LACY 31H,208H,SPRABERRY (TREND AREA),38,1790.8361608475268,1820.2921590816102,1848.5404815087386,1815.3353863271889
31744058,DAVIS-LACY 31H,208H,SPRABERRY (TREND AREA),39,1760.682329958818,1790.8361608475268,1820.8362928430206,1849.3080798017766
31744058,DAVIS-LACY 31H,208H,SPRABERRY (TREND AREA),40,1718.1829869985033,1760.682329958818,1790.6035499626516,1830.255134794913
31744058,DAVIS-LACY 31H,208H,SPRABERRY (TREND AREA),41,1667.046167262524,1718.1829869985033,1756.5671592682827,1802.5538203885108
31744058,DAVIS-LACY 31H,208H,SPRABERRY (TREND AREA),42,1609.6068086171751,1667.046167262524,1715.3038280732817,1768.0700604581514
31744058,DAVIS-LACY 31H,208H,SPRABERRY (TREND AREA),43,1547.2952465055116,1609.6068086171751,1664.945320959401,1727.774435461026
31744058,DAVIS-LACY 31H,208H,SPRABERRY (TREND AREA),44,1481.0662712218361,1547.2952465055116,1607.9827407950704,1682.2749500316766
31744058,DAVIS-LACY 31H,208H,SPRABERRY (TREND AREA),45,1411.2562288184447,1481.0662712218361,1545.989442114841,1630.6466350940616
31744058,DAVIS-LACY 31H,208H,SPRABERRY (TREND AREA),46,1337.956167713318,1411.2562288184447,1479.8725821819307,1572.4089515706657
31744058,DAVIS-LACY 31H,208H,SPRABERRY (TREND AREA),47,1261.5562021395501,1337.956167713318,1410.0928892511995,1509.0378150231352
31744058,DAVIS-LACY 31H,208H,SPRABERRY (TREND AREA),48,1182.4784660221687,1261.5562021395501,1336.922866223771,1441.4561541693058
31744058,DAVIS-LACY 31H,208H,SPRABERRY (TREND AREA),49,1101.09118331587,1182.4784660221687,1260.6636119583457,1370.2680970701383
31744058,DAVIS-LACY 31H,208H,SPRABERRY (TREND AREA),50,1017.695824745752,1101.09118331587,1181.7086171591964,1295.9007532051978
31744058,DAVIS-LACY 31H,208H,SPRABERRY (TREND AREA),51,932.5330065526952,1017.695824745752,1100.4218246945968,1218.672345459184
31744058,DAVIS-LACY 31H,208H,SPRABERRY (TREND AREA),52,845.805896475678,932.5330065526952,1017.1066715381057,1138.8851417482258
31744058,DAVIS-LACY 31H,208H,SPRABERRY (TREND AREA),53,757.7006548870278,845.805896475678,932.0115759247084,1056.8600965419525
31744058,DAVIS-LACY 31H,208H,SPRABERRY (TREND AREA),54,668.3858902454787,757.7006548870278,845.3465193051337,972.8841719998653
31744058,DAVIS-LACY 31H,208H,SPRABERRY (TREND AREA),55,578.0108102770965,668.3858902454787,757.2974805360615,887.2020760370837
31744058,DAVIS-LACY 31H,208H,SPRABERRY (TREND AREA),56,486.7056493039192,578.0108102770965,668.0324518032011,800.0220138639547
31744058,DAVIS-LACY 31H,208H,SPRABERRY (TREND AREA),57,394.5836735599243,486.7056493039192,577.7007832754981,711.5236512903158
31744058,DAVIS-LACY 31H,208H,SPRABERRY (TREND AREA),58,301.74390376327773,394.5836735599243,486.4333777136467,621.865429124854
31744058,DAVIS-LACY 31H,208H,SPRABERRY (TREND AREA),59,208.27347878608106,301.74390376327773,394.3444088757071,531.1884303394539
31744058,DAVIS-LACY 31H,208H,SPRABERRY (TREND AREA),60,114.24916320963136,208.27347878608106,301.53368536976103,439.6172343226295
31744058,DAVIS-LACY 31H,208H,SPRABERRY (TREND AREA),61,19.738469623037123,114.24916320963136,208.08884858633004,347.2611131499884
31744058,DAVIS-LACY 31H,208H,SPRABERRY (TREND AREA),62,0.0,19.738469623037123,114.08703720624986,254.21572304097847
31744058,DAVIS-LACY 31H,208H,SPRABERRY (TREND AREA),63,0.0,0.0,44.66254427755616,173.09811482365856
31744058,DAVIS-LACY 31H,208H,SPRABERRY (TREND AREA),64,0.0,0.0,6.5794898743457075,107.33416923033786
31744058,DAVIS-LACY 31H,208H,SPRABERRY (TREND AREA),65,0.0,0.0,0.0,57.04351860312493
31744058,DAVIS-LACY 31H,208H,SPRABERRY (TREND AREA),66,0.0,0.0,0.0,22.33127213877808
31744058,DAVIS-LACY 31H,208H,SPRABERRY (TREND AREA),67,0.0,0.0,0.0,3.2897449371728538
31744058,DAVIS-LACY 31H,208H,SPRABERRY (TREND AREA),68,0.0,0.0,0.0,0.0
31744058,DAVIS-LACY 31H,208H,SPRABERRY (TREND AREA),69,0.0,0.0,0.0,0.0
31744058,DAVIS-LACY 31H,208H,SPRABERRY (TREND AREA),70,0.0,0.0,0.0,0.0
31744058,DAVIS-LACY 31H,208H,SPRABERRY (TREND AREA),71,0.0,0.0,0.0,0.0
31744058,DAVIS-LACY 31H,208H,SPRABERRY (TREND AREA),72,0.0,0.0,0.0,0.0
31744058,DAVIS-LACY 31H,208H,SPRABERRY (TREND AREA),73,0.0,0.0,0.0,0.0
31744058,DAVIS-LACY 31H,208H,SPRABERRY (TREND AREA),74,0.0,0.0,0.0,0.0
31744058,DAVIS-LACY 31H,208H,SPRABERRY (TREND AREA),75,0.0,0.0,0.0,0.0
31744058,DAVIS-LACY 31H,208H,SPRABERRY (TREND AREA),76,0.0,0.0,0.0,0.0
31744058,DAVIS-LACY 31H,208H,SPRABERRY (TREND AREA),77,0.0,0.0,0.0,0.0
31744058,DAVIS-LACY 31H,208H,SPRABERRY (TREND AREA),78,0.0,0.0,0.0,0.0
31744058,DAVIS-LACY 31H,208H,SPRABERRY (TREND AREA),79,0.0,0.0,0.0,0.0
31744058,DAVIS-LACY 31H,208H,SPRABERRY (TREND AREA),80,0.0,0.0,0.0,0.0
31744058,DAVIS-LACY 31H,208H,SPRABERRY (TREND AREA),81,0.0,0.0,0.0,0.0
31744058,DAVIS-LACY 31H,208H,SPRABERRY (TREND AREA),82,0.0,0.0,0.0,0.0
31744058,DAVIS-LACY 31H,208H,SPRABERRY (TREND AREA),83,0.0,0.0,0.0,0.0
31744058,DAVIS-LACY 31H,208H,SPRABERRY (TREND AREA),84,0.0,0.0,0.0,0.0
31744058,DAVIS-LACY 31H,208H,SPRABERRY (TREND AREA),85,0.0,0.0,0.0,0.0
31744058,DAVIS-LACY 31H,208H,SPRABERRY (TREND AREA),86,0.0,0.0,0.0,0.0
31744058,DAVIS-LACY 31H,208H,SPRABERRY (TREND AREA),87,0.0,0.0,0.0,0.0
31744058,DAVIS-LACY 31H,208H,SPRABERRY (TREND AREA),88,0.0,0.0,0.0,0.0
31744058,DAVIS-LACY 31H,208H,SPRABERRY (TREND AREA),89,0.0,0.0,0.0,0.0
31744058,DAVIS-LACY 31H,208H,SPRABERRY (TREND AREA),90,0.0,0.0,0.0,0.0
31744058,DAVIS-LACY 31H,208H,SPRABERRY (TREND AREA),91,0.0,0.0,0.0,0.0
31744058,DAVIS-LACY 31H,208H,SPRABERRY (TREND AREA),92,0.0,0.0,0.0,0.0
31744058,DAVIS-LACY 31H,208H,SPRABERRY (TREND AREA),93,0.0,0.0,0.0,0.0
31744058,DAVIS-LACY 31H,208H,SPRABERRY (TREND AREA),94,0.0,0.0,0.0,0.0
31744058,DAVIS-LACY 31H,208H,SPRABERRY (TREND AREA),95,0.0,0.0,0.0,0.0
31744058,DAVIS-LACY 31H,208H,SPRABERRY (TREND AREA),96,0.0,0.0,0.0,0.0
31744058,DAVIS-LACY 31H,208H,SPRABERRY (TREND AREA),97,0.0,0.0,0.0,0.0
31744058,DAVIS-LACY 31H,208H,SPRABERRY (TREND AREA),98,0.0,0.0,0.0,0.0
31744058,DAVIS-LACY 31H,208H,SPRABERRY (TREND AREA),99,0.0,0.0,0.0,0.0
31744058,DAVIS-LACY 31H,208H,SPRABERRY (TREND AREA),100,0.0,0.0,0.0,0.0
31744058,DAVIS-LACY 31H,208H,SPRABERRY (TREND AREA),101,0.0,0.0,0.0,0.0
31744058,DAVIS-LACY 31H,208H,SPRABERRY (TREND AREA),102,0.0,0.0,0.0,0.0
31744058,DAVIS-LACY 31H,208H,SPRABERRY (TREND AREA),103,0.0,0.0,0.0,0.0
31744058,DAVIS-LACY 31H,208H,SPRABERRY (TREND AREA),104,0.0,0.0,0.0,0.0
31744058,DAVIS-LACY 31H,208H,SPRABERRY (TREND AREA),105,0.0,0.0,0.0,0.0
31744058,DAVIS-LACY 31H,208H,SPRABERRY (TREND AREA),106,0.0,0.0,0.0,0.0
31744058,DAVIS-LACY 31H,208H,SPRABERRY (TREND AREA),107,0.0,0.0,0.0,0.0
31744058,DAVIS-LACY 31H,208H,SPRABERRY (TREND AREA),108,0.0,0.0,0.0,0.0
31744058,DAVIS-LACY 31H,208H,SPRABERRY (TREND AREA),109,0.0,0.0,0.0,0.0
31744058,DAVIS-LACY 31H,208H,SPRABERRY (TREND AREA),110,0.0,0.0,0.0,0.0
31744058,DAVIS-LACY 31H,208H,SPRABERRY (TREND AREA),111,0.0,0.0,0.0,0.0
31744058,DAVIS-LACY 31H,208H,SPRABERRY (TREND AREA),112,0.0,0.0,0.0,0.0
31744058,DAVIS-LACY 31H,208H,SPRABERRY (TREND AREA),113,0.0,0.0,0.0,0.0
31744058,DAVIS-LACY 31H,208H,SPRABERRY (TREND AREA),114,0.0,0.0,0.0,0.0
31744058,DAVIS-LACY 31H,208H,SPRABERRY (TREND AREA),115,0.0,0.0,0.0,0.0
31744058,DAVIS-LACY 31H,208H,SPRABERRY (TREND AREA),116,0.0,0.0,0.0,0.0
31744058,DAVIS-LACY 31H,208H,SPRABERRY (TREND AREA),117,0.0,0.0,0.0,0.0
31744058,DAVIS-LACY 31H,208H,SPRABERRY (TREND AREA),118,0.0,0.0,0.0,0.0
31744058,DAVIS-LACY 31H,208H,SPRABERRY (TREND AREA),119,0.0,0.0,0.0,0.0
31744058,DAVIS-LACY 31H,208H,SPRABERRY (TREND AREA),120,0.0,0.0,0.0,0.0
31744059,DAVIS-LACY 31G,207H,SPRABERRY (TREND AREA),34,3082.2802752225234,3521.0,2949.3333333333335,3065.5
31744059,DAVIS-LACY 31G,207H,SPRABERRY (TREND AREA),35,2784.2871217120382,3082.2802752225234,3215.7600917408413,2856.2133792037544
31744059,DAVIS-LACY 31G,207H,SPRABERRY (TREND AREA),36,2568.328101636852,2784.2871217120382,3129.189132311521,2709.0945661557603
31744059,DAVIS-LACY 31G,207H,SPRABERRY (TREND AREA),37,2463.113198271384,2568.328101636852,2811.631832857138,2880.482583095236
31744059,DAVIS-LACY 31G,207H,SPRABERRY (TREND AREA),38,2387.7664106834845,2463.113198271384,2605.2428072067582,2910.5014494738
31744059,DAVIS-LACY 31G,207H,SPRABERRY (TREND AREA),39,2298.6327513167817,2387.7664106834845,2473.069236863907,2801.1291845877145
31744059,DAVIS-LACY 31G,207H,SPRABERRY (TREND AREA),40,2181.782007030508,2298.6327513167817,2383.170786757217,2597.4013098071773
31744059,DAVIS-LACY 31G,207H,SPRABERRY (TREND AREA),41,2062.0587253843887,2181.782007030508,2289.393723010258,2447.318265108508
31744059,DAVIS-LACY 31G,207H,SPRABERRY (TREND AREA),42,1947.167480095859,2062.0587253843887,2180.8244945772262,2326.9468657205666
31744059,DAVIS-LACY 31G,207H,SPRABERRY (TREND AREA),43,1838.4729732874803,1947.167480095859,2063.6694041702517,2223.420095463734
31744059,DAVIS-LACY 31G,207H,SPRABERRY (TREND AREA),44,1733.0246912010057,1838.4729732874803,1949.2330595892427,2119.3133912997505
31744059,DAVIS-LACY 31G,207H,SPRABERRY (TREND AREA),45,1628.2868738893521,1733.0246912010057,1839.5550481947819,2010.1897713860037
31744059,DAVIS-LACY 31G,207H,SPRABERRY (TREND AREA),46,1523.4154790672496,1628.2868738893521,1733.2615127926128,1898.4654584814323
31744059,DAVIS-LACY 31G,207H,SPRABERRY (TREND AREA),47,1418.9477923815525,1523.4154790672496,1628.2423480525358,1788.737703820889
31744059,DAVIS-LACY 31G,207H,SPRABERRY (TREND AREA),48,1315.2747214084052,1418.9477923815525,1523.5500484460515,1681.5525483204165
31744059,DAVIS-LACY 31G,207H,SPRABERRY (TREND AREA),49,1212.455033513067,1315.2747214084052,1419.2126642857359,1576.237088539174
31744059,DAVIS-LACY 31G,207H,SPRABERRY (TREND AREA),50,1110.3268743125454,1212.455033513067,1315.5591824343417,1471.9007652434386
31744059,DAVIS-LACY 31G,207H,SPRABERRY (TREND AREA),51,1008.7098132392316,1110.3268743125454,1212.6855430780058,1368.1177957620287
31744059,DAVIS-LACY 31G,207H,SPRABERRY (TREND AREA),52,907.4977464060598,1008.7098132392316,1110.497240354948,1264.854952320342
31744059,DAVIS-LACY 31G,207H,SPRABERRY (TREND AREA),53,806.6508955480181,907.4977464060598,1008.844811319279,1162.2019968768102
31744059,DAVIS-LACY 31G,207H,SPRABERRY (TREND AREA),54,706.1442453100917,806.6508955480181,907.6194850644365,1060.1525140712213
31744059,DAVIS-LACY 31G,207H,SPRABERRY (TREND AREA),55,605.9461850326529,706.1442453100917,806.7642957547232,958.6307680548356
31744059,DAVIS-LACY 31G,207H,SPRABERRY (TREND AREA),56,506.01870076732985,605.9461850326529,706.2471086302543,857.5459599747668
31744059,DAVIS-LACY 31G,207H,SPRABERRY (TREND AREA),57,406.32499952156013,506.01870076732985,606.0363770366915,756.8279310505641
31744059,DAVIS-LACY 31G,207H,SPRABERRY (TREND AREA),58,306.83424198000876,406.32499952156013,506.0966284405143,656.4304620976187
31744059,DAVIS-LACY 31G,207H,SPRABERRY (TREND AREA),59,207.52160366538735,306.83424198000876,406.39264742296626,556.3198780266102
31744059,DAVIS-LACY 31G,207H,SPRABERRY (TREND AREA),60,108.36613431725752,207.52160366538735,306.8936150556521,456.4649960461718
31744059,DAVIS-LACY 31G,207H,SPRABERRY (TREND AREA),61,9.349221456871849,108.36613431725752,207.57399332088457,356.8353108806994
31744059,DAVIS-LACY 31G,207H,SPRABERRY (TREND AREA),62,0.0,9.349221456871849,108.41231981317225,257.40248361806925
31744059,DAVIS-LACY 31G,207H,SPRABERRY (TREND AREA),63,0.0,0.0,39.238451924709786,173.06603349018096
31744059,DAVIS-LACY 31G,207H,SPRABERRY (TREND AREA),64,0.0,0.0,3.1164071522906163,105.34520023658759
31744059,DAVIS-LACY 31G,207H,SPRABERRY (TREND AREA),65,0.0,0.0,0.0,54.20615990658612
31744059,DAVIS-LACY 31G,207H,SPRABERRY (TREND AREA),66,0.0,0.0,0.0,19.619225962354893
31744059,DAVIS-LACY 31G,207H,SPRABERRY (TREND AREA),67,0.0,0.0,0.0,1.5582035761453081
31744059,DAVIS-LACY 31G,207H,SPRABERRY (TREND AREA),68,0.0,0.0,0.0,0.0
31744059,DAVIS-LACY 31G,207H,SPRABERRY (TREND AREA),69,0.0,0.0,0.0,0.0
31744059,DAVIS-LACY 31G,207H,SPRABERRY (TREND AREA),70,0.0,0.0,0.0,0.0
31744059,DAVIS-LACY 31G,207H,SPRABERRY (TREND AREA),71,0.0,0.0,0.0,0.0
31744059,DAVIS-LACY 31G,207H,SPRABERRY (TREND AREA),72,0.0,0.0,0.0,0.0
31744059,DAVIS-LACY 31G,207H,SPRABERRY (TREND AREA),73,0.0,0.0,0.0,0.0
31744059,DAVIS-LACY 31G,207H,SPRABERRY (TREND AREA),74,0.0,0.0,0.0,0.0
31744059,DAVIS-LACY 31G,207H,SPRABERRY (TREND AREA),75,0.0,0.0,0.0,0.0
31744059,DAVIS-LACY 31G,207H,SPRABERRY (TREND AREA),76,0.0,0.0,0.0,0.0
31744059,DAVIS-LACY 31G,207H,SPRABERRY (TREND AREA),77,0.0,0.0,0.0,0.0
31744059,DAVIS-LACY 31G,207H,SPRABERRY (TREND AREA),78,0.0,0.0,0.0,0.0
31744059,DAVIS-LACY 31G,207H,SPRABERRY (TREND AREA),79,0.0,0.0,0.0,0.0
31744059,DAVIS-LACY 31G,207H,SPRABERRY (TREND AREA),80,0.0,0.0,0.0,0.0
31744059,DAVIS-LACY 31G,207H,SPRABERRY (TREND AREA),81,0.0,0.0,0.0,0.0
31744059,DAVIS-LACY 31G,207H,SPRABERRY (TREND AREA),82,0.0,0.0,0.0,0.0
31744059,DAVIS-LACY 31G,207H,SPRABERRY (TREND AREA),83,0.0,0.0,0.0,0.0
31744059,DAVIS-LACY 31G,207H,SPRABERRY (TREND AREA),84,0.0,0.0,0.0,0.0
31744059,DAVIS-LACY 31G,207H,SPRABERRY (TREND AREA),85,0.0,0.0,0.0,0.0
31744059,DAVIS-LACY 31G,207H,SPRABERRY (TREND AREA),86,0.0,0.0,0.0,0.0
31744059,DAVIS-LACY 31G,207H,SPRABERRY (TREND AREA),87,0.0,0.0,0.0,0.0
31744059,DAVIS-LACY 31G,207H,SPRABERRY (TREND AREA),88,0.0,0.0,0.0,0.0
31744059,DAVIS-LACY 31G,207H,SPRABERRY (TREND AREA),89,0.0,0.0,0.0,0.0
31744059,DAVIS-LACY 31G,207H,SPRABERRY (TREND AREA),90,0.0,0.0,0.0,0.0
31744059,DAVIS-LACY 31G,207H,SPRABERRY (TREND AREA),91,0.0,0.0,0.0,0.0
31744059,DAVIS-LACY 31G,207H,SPRABERRY (TREND AREA),92,0.0,0.0,0.0,0.0
31744059,DAVIS-LACY 31G,207H,SPRABERRY (TREND AREA),93,0.0,0.0,0.0,0.0
31744059,DAVIS-LACY 31G,207H,SPRABERRY (TREND AREA),94,0.0,0.0,0.0,0.0
31744059,DAVIS-LACY 31G,207H,SPRABERRY (TREND AREA),95,0.0,0.0,0.0,0.0
31744059,DAVIS-LACY 31G,207H,SPRABERRY (TREND AREA),96,0.0,0.0,0.0,0.0
31744059,DAVIS-LACY 31G,207H,SPRABERRY (TREND AREA),97,0.0,0.0,0.0,0.0
31744059,DAVIS-LACY 31G,207H,SPRABERRY (TREND AREA),98,0.0,0.0,0.0,0.0
31744059,DAVIS-LACY 31G,207H,SPRABERRY (TREND AREA),99,0.0,0.0,0.0,0.0
31744059,DAVIS-LACY 31G,207H,SPRABERRY (TREND AREA),100,0.0,0.0,0.0,0.0
31744059,DAVIS-LACY 31G,207H,SPRABERRY (TREND AREA),101,0.0,0.0,0.0,0.0
31744059,DAVIS-LACY 31G,207H,SPRABERRY (TREND AREA),102,0.0,0.0,0.0,0.0
31744059,DAVIS-LACY 31G,207H,SPRABERRY (TREND AREA),103,0.0,0.0,0.0,0.0
31744059,DAVIS-LACY 31G,207H,SPRABERRY (TREND AREA),104,0.0,0.0,0.0,0.0
31744059,DAVIS-LACY 31G,207H,SPRABERRY (TREND AREA),105,0.0,0.0,0.0,0.0
31744059,DAVIS-LACY 31G,207H,SPRABERRY (TREND AREA),106,0.0,0.0,0.0,0.0
31744059,DAVIS-LACY 31G,207H,SPRABERRY (TREND AREA),107,0.0,0.0,0.0,0.0
31744059,DAVIS-LACY 31G,207H,SPRABERRY (TREND AREA),108,0.0,0.0,0.0,0.0
31744059,DAVIS-LACY 31G,207H,SPRABERRY (TREND AREA),109,0.0,0.0,0.0,0.0
31744059,DAVIS-LACY 31G,207H,SPRABERRY (TREND AREA),110,0.0,0.0,0.0,0.0
31744059,DAVIS-LACY 31G,207H,SPRABERRY (TREND AREA),111,0.0,0.0,0.0,0.0
31744059,DAVIS-LACY 31G,207H,SPRABERRY (TREND AREA),112,0.0,0.0,0.0,0.0
31744059,DAVIS-LACY 31G,207H,SPRABERRY (TREND AREA),113,0.0,0.0,0.0,0.0
31744059,DAVIS-LACY 31G,207H,SPRABERRY (TREND AREA),114,0.0,0.0,0.0,0.0
31744059,DAVIS-LACY 31G,207H,SPRABERRY (TREND AREA),115,0.0,0.0,0.0,0.0
31744059,DAVIS-LACY 31G,207H,SPRABERRY (TREND AREA),116,0.0,0.0,0.0,0.0
31744059,DAVIS-LACY 31G,207H,SPRABERRY (TREND AREA),117,0.0,0.0,0.0,0.0
31744059,DAVIS-LACY 31G,207H,SPRABERRY (TREND AREA),118,0.0,0.0,0.0,0.0
31744059,DAVIS-LACY 31G,207H,SPRABERRY (TREND AREA),119,0.0,0.0,0.0,0.0
31744059,DAVIS-LACY 31G,207H,SPRABERRY (TREND AREA),120,0.0,0.0,0.0,0.0
31744060,EPLEY-MARTIN 31G,107H,SPRABERRY (TREND AREA),34,2307.5065912153577,2357.0,2069.0,2275.3333333333335
31744060,EPLEY-MARTIN 31G,107H,SPRABERRY (TREND AREA),35,2246.889962643305,2307.5065912153577,2244.5021970717858,2202.751098535893
31744060,EPLEY-MARTIN 31G,107H,SPRABERRY (TREND AREA),36,2181.9210979725704,2246.889962643305,2303.7988512862207,2148.066092309777
31744060,EPLEY-MARTIN 31G,107H,SPRABERRY (TREND AREA),37,2126.5242270959025,2181.9210979725704,2245.4392172770777,2157.219608638539
31744060,EPLEY-MARTIN 31G,107H,SPRABERRY (TREND AREA),38,2087.1018288475643,2126.5242270959025,2185.1117625705924,2214.8069798211895
31744060,EPLEY-MARTIN 31G,107H,SPRABERRY (TREND AREA),39,2044.118735382458,2087.1018288475643,2131.8490513053457,2217.823951295783
31744060,EPLEY-MARTIN 31G,107H,SPRABERRY (TREND AREA),40,1986.9805538931969,2044.118735382458,2085.914930441975,2165.677073859526
31744060,EPLEY-MARTIN 31G,107H,SPRABERRY (TREND AREA),41,1921.9599464009116,1986.9805538931969,2039.4003727077397,2112.2560676391663
31744060,EPLEY-MARTIN 31G,107H,SPRABERRY (TREND AREA),42,1852.3737607408284,1921.9599464009116,1984.3530785588555,2058.101064932101
31744060,EPLEY-MARTIN 31G,107H,SPRABERRY (TREND AREA),43,1779.9841303543458,1852.3737607408284,1920.4380870116456,2003.1765087268104
31744060,EPLEY-MARTIN 31G,107H,SPRABERRY (TREND AREA),44,1705.3501978140353,1779.9841303543458,1851.439279165362,1945.419825936551
31744060,EPLEY-MARTIN 31G,107H,SPRABERRY (TREND AREA),45,1628.1280717109094,1705.3501978140353,1779.2360296364031,1881.7945540976295
31744060,EPLEY-MARTIN 31G,107H,SPRABERRY (TREND AREA),46,1548.183637705179,1628.1280717109094,1704.4874666264302,1812.4627768190378
31744060,EPLEY-MARTIN 31G,107H,SPRABERRY (TREND AREA),47,1465.8739114912587,1548.183637705179,1627.2206357433745,1739.3299574543682
31744060,EPLEY-MARTIN 31G,107H,SPRABERRY (TREND AREA),48,1381.5960249200944,1465.8739114912587,1547.3952069691156,1663.3156183027595
31744060,EPLEY-MARTIN 31G,107H,SPRABERRY (TREND AREA),49,1295.6643557975713,1381.5960249200944,1465.2178580388438,1584.852662332637
31744060,EPLEY-MARTIN 31G,107H,SPRABERRY (TREND AREA),50,1208.2978143244536,1295.6643557975713,1381.0447640696414,1504.132699906508
31744060,EPLEY-MARTIN 31G,107H,SPRABERRY (TREND AREA),51,1119.6504582595749,1208.2978143244536,1295.1860650140397,1421.2906359915778
31744060,EPLEY-MARTIN 31G,107H,SPRABERRY (TREND AREA),52,1029.858569444908,1119.6504582595749,1207.8708761271998,1336.5443670830218
31744060,EPLEY-MARTIN 31G,107H,SPRABERRY (TREND AREA),53,939.057801670443,1029.858569444908,1119.268947342979,1250.1568557063101
31744060,EPLEY-MARTIN 31G,107H,SPRABERRY (TREND AREA),54,847.3746024072102,939.057801670443,1029.5222764583086,1162.3541707361742
31744060,EPLEY-MARTIN 31G,107H,SPRABERRY (TREND AREA),55,754.9201545735145,847.3746024072102,938.7636578408537,1073.317266984027
31744060,EPLEY-MARTIN 31G,107H,SPRABERRY (TREND AREA),56,661.7896764515308,754.9201545735145,847.1175195503893,983.1932334466841
31744060,EPLEY-MARTIN 31G,107H,SPRABERRY (TREND AREA),57,568.0649187676318,661.7896764515308,754.6948111440852,892.1085438011969
31744060,EPLEY-MARTIN 31G,107H,SPRABERRY (TREND AREA),58,473.8173980859933,568.0649187676318,661.5915832642257,800.1776205525397
31744060,EPLEY-MARTIN 31G,107H,SPRABERRY (TREND AREA),59,379.1104465792473,473.8173980859933,567.8906644350519,707.5040919927205
31744060,EPLEY-MARTIN 31G,107H,SPRABERRY (TREND AREA),60,284.0000810726383,379.1104465792473,473.6642544776241,614.1795328108547
31744060,EPLEY-MARTIN 31G,107H,SPRABERRY (TREND AREA),61,188.5355821286357,284.0000810726383,378.97597524595966,520.2837792550927
31744060,EPLEY-MARTIN 31G,107H,SPRABERRY (TREND AREA),62,92.76014804138866,188.5355821286357,283.8820365935071,425.8863505142795
31744060,EPLEY-MARTIN 31G,107H,SPRABERRY (TREND AREA),63,0.0,92.76014804138866,188.43193708088756,331.04809577925585
31744060,EPLEY-MARTIN 31G,107H,SPRABERRY (TREND AREA),64,0.0,0.0,93.76524339000811,236.37060931798388
31744060,EPLEY-MARTIN 31G,107H,SPRABERRY (TREND AREA),65,0.0,0.0,30.920049347129552,157.40104297031834
31744060,EPLEY-MARTIN 31G,107H,SPRABERRY (TREND AREA),66,0.0,0.0,0.0,94.21596854044378
31744060,EPLEY-MARTIN 31G,107H,SPRABERRY (TREND AREA),67,0.0,0.0,0.0,46.882621695004055
31744060,EPLEY-MARTIN 31G,107H,SPRABERRY (TREND AREA),68,0.0,0.0,0.0,15.460024673564776
31744060,EPLEY-MARTIN 31G,107H,SPRABERRY (TREND AREA),69,0.0,0.0,0.0,0.0
31744060,EPLEY-MARTIN 31G,107H,SPRABERRY (TREND AREA),70,0.0,0.0,0.0,0.0
31744060,EPLEY-MARTIN 31G,107H,SPRABERRY (TREND AREA),71,0.0,0.0,0.0,0.0
31744060,EPLEY-MARTIN 31G,107H,SPRABERRY (TREND AREA),72,0.0,0.0,0.0,0.0
31744060,EPLEY-MARTIN 31G,107H,SPRABERRY (TREND AREA),73,0.0,0.0,0.0,0.0
31744060,EPLEY-MARTIN 31G,107H,SPRABERRY (TREND AREA),74,0.0,0.0,0.0,0.0
31744060,EPLEY-MARTIN 31G,107H,SPRABERRY (TREND AREA),75,0.0,0.0,0.0,0.0
31744060,EPLEY-MARTIN 31G,107H,SPRABERRY (TREND AREA),76,0.0,0.0,0.0,0.0
31744060,EPLEY-MARTIN 31G,107H,SPRABERRY (TREND AREA),77,0.0,0.0,0.0,0.0
31744060,EPLEY-MARTIN 31G,107H,SPRABERRY (TREND AREA),78,0.0,0.0,0.0,0.0
31744060,EPLEY-MARTIN 31G,107H,SPRABERRY (TREND AREA),79,0.0,0.0,0.0,0.0
31744060,EPLEY-MARTIN 31G,107H,SPRABERRY (TREND AREA),80,0.0,0.0,0.0,0.0
31744060,EPLEY-MARTIN 31G,107H,SPRABERRY (TREND AREA),81,0.0,0.0,0.0,0.0
31744060,EPLEY-MARTIN 31G,107H,SPRABERRY (TREND AREA),82,0.0,0.0,0.0,0.0
31744060,EPLEY-MARTIN 31G,107H,SPRABERRY (TREND AREA),83,0.0,0.0,0.0,0.0
31744060,EPLEY-MARTIN 31G,107H,SPRABERRY (TREND AREA),84,0.0,0.0,0.0,0.0
31744060,EPLEY-MARTIN 31G,107H,SPRABERRY (TREND AREA),85,0.0,0.0,0.0,0.0
31744060,EPLEY-MARTIN 31G,107H,SPRABERRY (TREND AREA),86,0.0,0.0,0.0,0.0
31744060,EPLEY-MARTIN 31G,107H,SPRABERRY (TREND AREA),87,0.0,0.0,0.0,0.0
31744060,EPLEY-MARTIN 31G,107H,SPRABERRY (TREND AREA),88,0.0,0.0,0.0,0.0
31744060,EPLEY-MARTIN 31G,107H,SPRABERRY (TREND AREA),89,0.0,0.0,0.0,0.0
31744060,EPLEY-MARTIN 31G,107H,SPRABERRY (TREND AREA),90,0.0,0.0,0.0,0.0
31744060,EPLEY-MARTIN 31G,107H,SPRABERRY (TREND AREA),91,0.0,0.0,0.0,0.0
31744060,EPLEY-MARTIN 31G,107H,SPRABERRY (TREND AREA),92,0.0,0.0,0.0,0.0
31744060,EPLEY-MARTIN 31G,107H,SPRABERRY (TREND AREA),93,0.0,0.0,0.0,0.0
31744060,EPLEY-MARTIN 31G,107H,SPRABERRY (TREND AREA),94,0.0,0.0,0.0,0.0
31744060,EPLEY-MARTIN 31G,107H,SPRABERRY (TREND AREA),95,0.0,0.0,0.0,0.0
31744060,EPLEY-MARTIN 31G,107H,SPRABERRY (TREND AREA),96,0.0,0.0,0.0,0.0
31744060,EPLEY-MARTIN 31G,107H,SPRABERRY (TREND AREA),97,0.0,0.0,0.0,0.0
31744060,EPLEY-MARTIN 31G,107H,SPRABERRY (TREND AREA),98,0.0,0.0,0.0,0.0
31744060,EPLEY-MARTIN 31G,107H,SPRABERRY (TREND AREA),99,0.0,0.0,0.0,0.0
31744060,EPLEY-MARTIN 31G,107H,SPRABERRY (TREND AREA),100,0.0,0.0,0.0,0.0
31744060,EPLEY-MARTIN 31G,107H,SPRABERRY (TREND AREA),101,0.0,0.0,0.0,0.0
31744060,EPLEY-MARTIN 31G,107H,SPRABERRY (TREND AREA),102,0.0,0.0,0.0,0.0
31744060,EPLEY-MARTIN 31G,107H,SPRABERRY (TREND AREA),103,0.0,0.0,0.0,0.0
31744060,EPLEY-MARTIN 31G,107H,SPRABERRY (TREND AREA),104,0.0,0.0,0.0,0.0
31744060,EPLEY-MARTIN 31G,107H,SPRABERRY (TREND AREA),105,0.0,0.0,0.0,0.0
31744060,EPLEY-MARTIN 31G,107H,SPRABERRY (TREND AREA),106,0.0,0.0,0.0,0.0
31744060,EPLEY-MARTIN 31G,107H,SPRABERRY (TREND AREA),107,0.0,0.0,0.0,0.0
31744060,EPLEY-MARTIN 31G,107H,SPRABERRY (TREND AREA),108,0.0,0.0,0.0,0.0
31744060,EPLEY-MARTIN 31G,107H,SPRABERRY (TREND AREA),109,0.0,0.0,0.0,0.0
31744060,EPLEY-MARTIN 31G,107H,SPRABERRY (TREND AREA),110,0.0,0.0,0.0,0.0
31744060,EPLEY-MARTIN 31G,107H,SPRABERRY (TREND AREA),111,0.0,0.0,0.0,0.0
31744060,EPLEY-MARTIN 31G,107H,SPRABERRY (TREND AREA),112,0.0,0.0,0.0,0.0
31744060,EPLEY-MARTIN 31G,107H,SPRABERRY (TREND AREA),113,0.0,0.0,0.0,0.0
31744060,EPLEY-MARTIN 31G,107H,SPRABERRY (TREND AREA),114,0.0,0.0,0.0,0.0
31744060,EPLEY-MARTIN 31G,107H,SPRABERRY (TREND AREA),115,0.0,0.0,0.0,0.0
31744060,EPLEY-MARTIN 31G,107H,SPRABERRY (TREND AREA),116,0.0,0.0,0.0,0.0
31744060,EPLEY-MARTIN 31G,107H,SPRABERRY (TREND AREA),117,0.0,0.0,0.0,0.0
31744060,EPLEY-MARTIN 31G,107H,SPRABERRY (TREND AREA),118,0.0,0.0,0.0,0.0
31744060,EPLEY-MARTIN 31G,107H,SPRABERRY (TREND AREA),119,0.0,0.0,0.0,0.0
31744060,EPLEY-MARTIN 31G,107H,SPRABERRY (TREND AREA),120,0.0,0.0,0.0,0.0
31744061,EPLEY-MARTIN 31C,103H,SPRABERRY (TREND AREA),34,3829.737197790089,4213.0,3947.6666666666665,4559.333333333333
31744061,EPLEY-MARTIN 31C,103H,SPRABERRY (TREND AREA),35,3523.6520676083924,3829.737197790089,3865.2457325966966,4214.122866298348
31744061,EPLEY-MARTIN 31C,103H,SPRABERRY (TREND AREA),36,3281.440550278708,3523.6520676083924,3855.4630884661606,3962.3982108997466
31744061,EPLEY-MARTIN 31C,103H,SPRABERRY (TREND AREA),37,3075.2086879494195,3281.440550278708,3544.9432718923963,3746.3049692795316
31744061,EPLEY-MARTIN 31C,103H,SPRABERRY (TREND AREA),38,2900.523508495114,3075.2086879494195,3293.433768612173,3579.339750604435
31744061,EPLEY-MARTIN 31C,103H,SPRABERRY (TREND AREA),39,2756.737242175103,2900.523508495114,3085.724248907747,3470.5936686869536
31744061,EPLEY-MARTIN 31C,103H,SPRABERRY (TREND AREA),40,2600.075460798302,2756.737242175103,2910.8231462065455,3227.8832090494707
31744061,EPLEY-MARTIN 31C,103H,SPRABERRY (TREND AREA),41,2445.3479632918793,2600.075460798302,2752.4454038228396,3022.9395862175065
31744061,EPLEY-MARTIN 31C,103H,SPRABERRY (TREND AREA),42,2297.4654432556804,2445.3479632918793,2600.7202220884283,2843.2222354980877
31744061,EPLEY-MARTIN 31C,103H,SPRABERRY (TREND AREA),43,2156.7557856070575,2297.4654432556804,2447.629622448621,2679.2263843275828
31744061,EPLEY-MARTIN 31C,103H,SPRABERRY (TREND AREA),44,2022.4543855556462,2156.7557856070575,2299.8563973848723,2526.150900603856
31744061,EPLEY-MARTIN 31C,103H,SPRABERRY (TREND AREA),45,1893.240820126924,2022.4543855556462,2158.8918714727947,2379.8060467806113
31744061,EPLEY-MARTIN 31C,103H,SPRABERRY (TREND AREA),46,1767.4284961924386,1893.240820126924,2024.150330429876,2235.8899764392486
31744061,EPLEY-MARTIN 31C,103H,SPRABERRY (TREND AREA),47,1644.697422684314,1767.4284961924386,1894.3745672916696,2097.115482338271
31744061,EPLEY-MARTIN 31C,103H,SPRABERRY (TREND AREA),48,1524.8960717843552,1644.697422684314,1768.4555796678924,1963.6737255703435
31744061,EPLEY-MARTIN 31C,103H,SPRABERRY (TREND AREA),49,1407.781626590498,1524.8960717843552,1645.6739968870359,1834.912163658456
31744061,EPLEY-MARTIN 31C,103H,SPRABERRY (TREND AREA),50,1293.0509834223826,1407.781626590498,1525.7917070197225,1710.083137155696
31744061,EPLEY-MARTIN 31C,103H,SPRABERRY (TREND AREA),51,1180.3861446987353,1293.0509834223826,1408.5762272657455,1588.5159034668188
31744061,EPLEY-MARTIN 31C,103H,SPRABERRY (TREND AREA),52,1069.4975336352472,1180.3861446987353,1293.739584903872,1469.706790895454
31744061,EPLEY-MARTIN 31C,103H,SPRABERRY (TREND AREA),53,960.1628133706371,1069.4975336352472,1180.9782205854551,1353.3849638025888
31744061,EPLEY-MARTIN 31C,103H,SPRABERRY (TREND AREA),54,852.1998906929183,960.1628133706371,1070.0154972348732,1239.2958622503095
31744061,EPLEY-MARTIN 31C,103H,SPRABERRY (TREND AREA),55,745.4480306073082,852.1998906929183,960.6200792329342,1127.1798320684031
31744061,EPLEY-MARTIN 31C,103H,SPRABERRY (TREND AREA),56,639.7619091604842,745.4480306073082,852.6035782236212,1016.7908994045382
31744061,EPLEY-MARTIN 31C,103H,SPRABERRY (TREND AREA),57,535.0109038400973,639.7619091604842,745.8032768202369,907.909387027555
31744061,EPLEY-MARTIN 31C,103H,SPRABERRY (TREND AREA),58,431.0796451395753,535.0109038400973,640.0736145359632,800.3468468844486
31744061,EPLEY-MARTIN 31C,103H,SPRABERRY (TREND AREA),59,327.86777646193775,431.0796451395753,535.2841527133855,693.9438654685033
31744061,EPLEY-MARTIN 31C,103H,SPRABERRY (TREND AREA),60,225.28786613097907,327.86777646193775,431.31944181387007,588.5613593170535
31744061,EPLEY-MARTIN 31C,103H,SPRABERRY (TREND AREA),61,123.2632529387596,225.28786613097907,328.07842924416406,484.07602189006366
31744061,EPLEY-MARTIN 31C,103H,SPRABERRY (TREND AREA),62,21.726464129534072,123.2632529387596,225.47296517722546,380.37855894530554
31744061,EPLEY-MARTIN 31C,103H,SPRABERRY (TREND AREA),63,0.0,21.726464129534072,123.42586106642425,277.3726514401472
31744061,EPLEY-MARTIN 31C,103H,SPRABERRY (TREND AREA),64,0.0,0.0,48.32990568943123,188.20416746679766
31744061,EPLEY-MARTIN 31C,103H,SPRABERRY (TREND AREA),65,0.0,0.0,7.242154709844691,116.35755994353508
31744061,EPLEY-MARTIN 31C,103H,SPRABERRY (TREND AREA),66,0.0,0.0,0.0,61.71293053321212
31744061,EPLEY-MARTIN 31C,103H,SPRABERRY (TREND AREA),67,0.0,0.0,0.0,24.164952844715614
31744061,EPLEY-MARTIN 31C,103H,SPRABERRY (TREND AREA),68,0.0,0.0,0.0,3.6210773549223454
31744061,EPLEY-MARTIN 31C,103H,SPRABERRY (TREND AREA),69,0.0,0.0,0.0,0.0
31744061,EPLEY-MARTIN 31C,103H,SPRABERRY (TREND AREA),70,0.0,0.0,0.0,0.0
31744061,EPLEY-MARTIN 31C,103H,SPRABERRY (TREND AREA),71,0.0,0.0,0.0,0.0
31744061,EPLEY-MARTIN 31C,103H,SPRABERRY (TREND AREA),72,0.0,0.0,0.0,0.0
31744061,EPLEY-MARTIN 31C,103H,SPRABERRY (TREND AREA),73,0.0,0.0,0.0,0.0
31744061,EPLEY-MARTIN 31C,103H,SPRABERRY (TREND AREA),74,0.0,0.0,0.0,0.0
31744061,EPLEY-MARTIN 31C,103H,SPRABERRY (TREND AREA),75,0.0,0.0,0.0,0.0
31744061,EPLEY-MARTIN 31C,103H,SPRABERRY (TREND AREA),76,0.0,0.0,0.0,0.0
31744061,EPLEY-MARTIN 31C,103H,SPRABERRY (TREND AREA),77,0.0,0.0,0.0,0.0
31744061,EPLEY-MARTIN 31C,103H,SPRABERRY (TREND AREA),78,0.0,0.0,0.0,0.0
31744061,EPLEY-MARTIN 31C,103H,SPRABERRY (TREND AREA),79,0.0,0.0,0.0,0.0
31744061,EPLEY-MARTIN 31C,103H,SPRABERRY (TREND AREA),80,0.0,0.0,0.0,0.0
31744061,EPLEY-MARTIN 31C,103H,SPRABERRY (TREND AREA),81,0.0,0.0,0.0,0.0
31744061,EPLEY-MARTIN 31C,103H,SPRABERRY (TREND AREA),82,0.0,0.0,0.0,0.0
31744061,EPLEY-MARTIN 31C,103H,SPRABERRY (TREND AREA),83,0.0,0.0,0.0,0.0
31744061,EPLEY-MARTIN 31C,103H,SPRABERRY (TREND AREA),84,0.0,0.0,0.0,0.0
31744061,EPLEY-MARTIN 31C,103H,SPRABERRY (TREND AREA),85,0.0,0.0,0.0,0.0
31744061,EPLEY-MARTIN 31C,103H,SPRABERRY (TREND AREA),86,0.0,0.0,0.0,0.0
31744061,EPLEY-MARTIN 31C,103H,SPRABERRY (TREND AREA),87,0.0,0.0,0.0,0.0
31744061,EPLEY-MARTIN 31C,103H,SPRABERRY (TREND AREA),88,0.0,0.0,0.0,0.0
31744061,EPLEY-MARTIN 31C,103H,SPRABERRY (TREND AREA),89,0.0,0.0,0.0,0.0
31744061,EPLEY-MARTIN 31C,103H,SPRABERRY (TREND AREA),90,0.0,0.0,0.0,0.0
31744061,EPLEY-MARTIN 31C,103H,SPRABERRY (TREND AREA),91,0.0,0.0,0.0,0.0
31744061,EPLEY-MARTIN 31C,103H,SPRABERRY (TREND AREA),92,0.0,0.0,0.0,0.0
31744061,EPLEY-MARTIN 31C,103H,SPRABERRY (TREND AREA),93,0.0,0.0,0.0,0.0
31744061,EPLEY-MARTIN 31C,103H,SPRABERRY (TREND AREA),94,0.0,0.0,0.0,0.0
31744061,EPLEY-MARTIN 31C,103H,SPRABERRY (TREND AREA),95,0.0,0.0,0.0,0.0
31744061,EPLEY-MARTIN 31C,103H,SPRABERRY (TREND AREA),96,0.0,0.0,0.0,0.0
31744061,EPLEY-MARTIN 31C,103H,SPRABERRY (TREND AREA),97,0.0,0.0,0.0,0.0
31744061,EPLEY-MARTIN 31C,103H,SPRABERRY (TREND AREA),98,0.0,0.0,0.0,0.0
31744061,EPLEY-MARTIN 31C,103H,SPRABERRY (TREND AREA),99,0.0,0.0,0.0,0.0
31744061,EPLEY-MARTIN 31C,103H,SPRABERRY (TREND AREA),100,0.0,0.0,0.0,0.0
31744061,EPLEY-MARTIN 31C,103H,SPRABERRY (TREND AREA),101,0.0,0.0,0.0,0.0
31744061,EPLEY-MARTIN 31C,103H,SPRABERRY (TREND AREA),102,0.0,0.0,0.0,0.0
31744061,EPLEY-MARTIN 31C,103H,SPRABERRY (TREND AREA),103,0.0,0.0,0.0,0.0
31744061,EPLEY-MARTIN 31C,103H,SPRABERRY (TREND AREA),104,0.0,0.0,0.0,0.0
31744061,EPLEY-MARTIN 31C,103H,SPRABERRY (TREND AREA),105,0.0,0.0,0.0,0.0
31744061,EPLEY-MARTIN 31C,103H,SPRABERRY (TREND AREA),106,0.0,0.0,0.0,0.0
31744061,EPLEY-MARTIN 31C,103H,SPRABERRY (TREND AREA),107,0.0,0.0,0.0,0.0
31744061,EPLEY-MARTIN 31C,103H,SPRABERRY (TREND AREA),108,0.0,0.0,0.0,0.0
31744061,EPLEY-MARTIN 31C,103H,SPRABERRY (TREND AREA),109,0.0,0.0,0.0,0.0
31744061,EPLEY-MARTIN 31C,103H,SPRABERRY (TREND AREA),110,0.0,0.0,0.0,0.0
31744061,EPLEY-MARTIN 31C,103H,SPRABERRY (TREND AREA),111,0.0,0.0,0.0,0.0
31744061,EPLEY-MARTIN 31C,103H,SPRABERRY (TREND AREA),112,0.0,0.0,0.0,0.0
31744061,EPLEY-MARTIN 31C,103H,SPRABERRY (TREND AREA),113,0.0,0.0,0.0,0.0
31744061,EPLEY-MARTIN 31C,103H,SPRABERRY (TREND AREA),114,0.0,0.0,0.0,0.0
31744061,EPLEY-MARTIN 31C,103H,SPRABERRY (TREND AREA),115,0.0,0.0,0.0,0.0
31744061,EPLEY-MARTIN 31C,103H,SPRABERRY (TREND AREA),116,0.0,0.0,0.0,0.0
31744061,EPLEY-MARTIN 31C,103H,SPRABERRY (TREND AREA),117,0.0,0.0,0.0,0.0
31744061,EPLEY-MARTIN 31C,103H,SPRABERRY (TREND AREA),118,0.0,0.0,0.0,0.0
31744061,EPLEY-MARTIN 31C,103H,SPRABERRY (TREND AREA),119,0.0,0.0,0.0,0.0
31744061,EPLEY-MARTIN 31C,103H,SPRABERRY (TREND AREA),120,0.0,0.0,0.0,0.0
31744063,EPLEY-MARTIN 31H,108H,SPRABERRY (TREND AREA),34,2895.330361419134,3128.0,2901.6666666666665,3184.3333333333335
31744063,EPLEY-MARTIN 31H,108H,SPRABERRY (TREND AREA),35,2760.881429242672,2895.330361419134,2835.7767871397114,3242.2217269031894
31744063,EPLEY-MARTIN 31H,108H,SPRABERRY (TREND AREA),36,2618.453440920402,2760.881429242672,2928.0705968872685,3015.8686317769675
31744063,EPLEY-MARTIN 31H,108H,SPRABERRY (TREND AREA),37,2475.388742594692,2618.453440920402,2758.2217438607363,2829.944205263701
31744063,EPLEY-MARTIN 31H,108H,SPRABERRY (TREND AREA),38,2351.2580540747717,2475.388742594692,2618.2412042525884,2727.00899569615
31744063,EPLEY-MARTIN 31H,108H,SPRABERRY (TREND AREA),39,2255.508024970772,2351.2580540747717,2481.700079196622,2704.8853380419455
31744063,EPLEY-MARTIN 31H,108H,SPRABERRY (TREND AREA),40,2147.57370078086,2255.508024970772,2360.7182738800784,2559.470008870407
31744063,EPLEY-MARTIN 31H,108H,SPRABERRY (TREND AREA),41,2038.0277277900364,2147.57370078086,2251.446593275468,2434.843898764028
31744063,EPLEY-MARTIN 31H,108H,SPRABERRY (TREND AREA),42,1928.6522756340523,2038.0277277900364,2147.0364845138897,2314.3682818552556
31744063,EPLEY-MARTIN 31H,108H,SPRABERRY (TREND AREA),43,1820.5120269398926,1928.6522756340523,2038.084568068316,2199.4014209741977
31744063,EPLEY-MARTIN 31H,108H,SPRABERRY (TREND AREA),44,1714.3405267041708,1820.5120269398926,1929.0640101213273,2090.2553016983975
31744063,EPLEY-MARTIN 31H,108H,SPRABERRY (TREND AREA),45,1609.9200266560242,1714.3405267041708,1821.1682764260386,1984.1023804699641
31744063,EPLEY-MARTIN 31H,108H,SPRABERRY (TREND AREA),46,1506.147180869149,1609.9200266560242,1714.9241934333625,1876.5043807508391
31744063,EPLEY-MARTIN 31H,108H,SPRABERRY (TREND AREA),47,1402.907497591545,1506.147180869149,1610.1359114097813,1769.5999607655542
31744063,EPLEY-MARTIN 31H,108H,SPRABERRY (TREND AREA),48,1300.2100390471865,1402.907497591545,1506.3249017055725,1663.7465890658057
31744063,EPLEY-MARTIN 31H,108H,SPRABERRY (TREND AREA),49,1198.0652100451075,1300.2100390471865,1403.0882391692933,1559.0062163013279
31744063,EPLEY-MARTIN 31H,108H,SPRABERRY (TREND AREA),50,1096.4523553807167,1198.0652100451075,1300.394248894613,1455.265080152197
31744063,EPLEY-MARTIN 31H,108H,SPRABERRY (TREND AREA),51,995.306574060321,1096.4523553807167,1198.2425348243369,1352.2837182649548
31744063,EPLEY-MARTIN 31H,108H,SPRABERRY (TREND AREA),52,894.5444728916177,995.306574060321,1096.6080464953818,1249.8481428323375
31744063,EPLEY-MARTIN 31H,108H,SPRABERRY (TREND AREA),53,794.1103117777889,894.5444728916177,995.4344674442185,1147.914358169416
31744063,EPLEY-MARTIN 31H,108H,SPRABERRY (TREND AREA),54,693.9651244177576,794.1103117777889,894.6537862432425,1046.4481605337896
31744063,EPLEY-MARTIN 31H,108H,SPRABERRY (TREND AREA),55,594.0773119158466,693.9651244177576,794.206636362388,945.4073414288849
31744063,EPLEY-MARTIN 31H,108H,SPRABERRY (TREND AREA),56,494.41800795292824,594.0773119158466,694.0509160371311,844.7426917406748
31744063,EPLEY-MARTIN 31H,108H,SPRABERRY (TREND AREA),57,394.9596888566229,494.41800795292824,594.1534814288442,744.4036338360434
31744063,EPLEY-MARTIN 31H,108H,SPRABERRY (TREND AREA),58,295.6770298752221,394.9596888566229,494.48500290846596,644.345819635427
31744063,EPLEY-MARTIN 31H,108H,SPRABERRY (TREND AREA),59,196.54810329205517,295.6770298752221,395.01824222825775,544.5345791326944
31744063,EPLEY-MARTIN 31H,108H,SPRABERRY (TREND AREA),60,97.55411624084033,196.54810329205517,295.7282740079667,444.9408777184055
31744063,EPLEY-MARTIN 31H,108H,SPRABERRY (TREND AREA),61,0.0,97.55411624084033,196.5930831360392,345.5390430222526
31744063,EPLEY-MARTIN 31H,108H,SPRABERRY (TREND AREA),62,0.0,0.0,98.03407317763184,246.5261577029448
31744063,EPLEY-MARTIN 31H,108H,SPRABERRY (TREND AREA),63,0.0,0.0,32.51803874694678,164.12315637745675
31744063,EPLEY-MARTIN 31H,108H,SPRABERRY (TREND AREA),64,0.0,0.0,0.0,98.2965415680196
31744063,EPLEY-MARTIN 31H,108H,SPRABERRY (TREND AREA),65,0.0,0.0,0.0,49.01703658881592
31744063,EPLEY-MARTIN 31H,108H,SPRABERRY (TREND AREA),66,0.0,0.0,0.0,16.25901937347339
31744063,EPLEY-MARTIN 31H,108H,SPRABERRY (TREND AREA),67,0.0,0.0,0.0,0.0
31744063,EPLEY-MARTIN 31H,108H,SPRABERRY (TREND AREA),68,0.0,0.0,0.0,0.0
31744063,EPLEY-MARTIN 31H,108H,SPRABERRY (TREND AREA),69,0.0,0.0,0.0,0.0
31744063,EPLEY-MARTIN 31H,108H,SPRABERRY (TREND AREA),70,0.0,0.0,0.0,0.0
31744063,EPLEY-MARTIN 31H,108H,SPRABERRY (TREND AREA),71,0.0,0.0,0.0,0.0
31744063,EPLEY-MARTIN 31H,108H,SPRABERRY (TREND AREA),72,0.0,0.0,0.0,0.0
31744063,EPLEY-MARTIN 31H,108H,SPRABERRY (TREND AREA),73,0.0,0.0,0.0,0.0
31744063,EPLEY-MARTIN 31H,108H,SPRABERRY (TREND AREA),74,0.0,0.0,0.0,0.0
31744063,EPLEY-MARTIN 31H,108H,SPRABERRY (TREND AREA),75,0.0,0.0,0.0,0.0
31744063,EPLEY-MARTIN 31H,108H,SPRABERRY (TREND AREA),76,0.0,0.0,0.0,0.0
31744063,EPLEY-MARTIN 31H,108H,SPRABERRY (TREND AREA),77,0.0,0.0,0.0,0.0
31744063,EPLEY-MARTIN 31H,108H,SPRABERRY (TREND AREA),78,0.0,0.0,0.0,0.0
31744063,EPLEY-MARTIN 31H,108H,SPRABERRY (TREND AREA),79,0.0,0.0,0.0,0.0
31744063,EPLEY-MARTIN 31H,108H,SPRABERRY (TREND AREA),80,0.0,0.0,0.0,0.0
31744063,EPLEY-MARTIN 31H,108H,SPRABERRY (TREND AREA),81,0.0,0.0,0.0,0.0
31744063,EPLEY-MARTIN 31H,108H,SPRABERRY (TREND AREA),82,0.0,0.0,0.0,0.0
31744063,EPLEY-MARTIN 31H,108H,SPRABERRY (TREND AREA),83,0.0,0.0,0.0,0.0
31744063,EPLEY-MARTIN 31H,108H,SPRABERRY (TREND AREA),84,0.0,0.0,0.0,0.0
31744063,EPLEY-MARTIN 31H,108H,SPRABERRY (TREND AREA),85,0.0,0.0,0.0,0.0
31744063,EPLEY-MARTIN 31H,108H,SPRABERRY (TREND AREA),86,0.0,0.0,0.0,0.0
31744063,EPLEY-MARTIN 31H,108H,SPRABERRY (TREND AREA),87,0.0,0.0,0.0,0.0
31744063,EPLEY-MARTIN 31H,108H,SPRABERRY (TREND AREA),88,0.0,0.0,0.0,0.0
31744063,EPLEY-MARTIN 31H,108H,SPRABERRY (TREND AREA),89,0.0,0.0,0.0,0.0
31744063,EPLEY-MARTIN 31H,108H,SPRABERRY (TREND AREA),90,0.0,0.0,0.0,0.0
31744063,EPLEY-MARTIN 31H,108H,SPRABERRY (TREND AREA),91,0.0,0.0,0.0,0.0
31744063,EPLEY-MARTIN 31H,108H,SPRABERRY (TREND AREA),92,0.0,0.0,0.0,0.0
31744063,EPLEY-MARTIN 31H,108H,SPRABERRY (TREND AREA),93,0.0,0.0,0.0,0.0
31744063,EPLEY-MARTIN 31H,108H,SPRABERRY (TREND AREA),94,0.0,0.0,0.0,0.0
31744063,EPLEY-MARTIN 31H,108H,SPRABERRY (TREND AREA),95,0.0,0.0,0.0,0.0
31744063,EPLEY-MARTIN 31H,108H,SPRABERRY (TREND AREA),96,0.0,0.0,0.0,0.0
31744063,EPLEY-MARTIN 31H,108H,SPRABERRY (TREND AREA),97,0.0,0.0,0.0,0.0
31744063,EPLEY-MARTIN 31H,108H,SPRABERRY (TREND AREA),98,0.0,0.0,0.0,0.0
31744063,EPLEY-MARTIN 31H,108H,SPRABERRY (TREND AREA),99,0.0,0.0,0.0,0.0
31744063,EPLEY-MARTIN 31H,108H,SPRABERRY (TREND AREA),100,0.0,0.0,0.0,0.0
31744063,EPLEY-MARTIN 31H,108H,SPRABERRY (TREND AREA),101,0.0,0.0,0.0,0.0
31744063,EPLEY-MARTIN 31H,108H,SPRABERRY (TREND AREA),102,0.0,0.0,0.0,0.0
31744063,EPLEY-MARTIN 31H,108H,SPRABERRY (TREND AREA),103,0.0,0.0,0.0,0.0
31744063,EPLEY-MARTIN 31H,108H,SPRABERRY (TREND AREA),104,0.0,0.0,0.0,0.0
31744063,EPLEY-MARTIN 31H,108H,SPRABERRY (TREND AREA),105,0.0,0.0,0.0,0.0
31744063,EPLEY-MARTIN 31H,108H,SPRABERRY (TREND AREA),106,0.0,0.0,0.0,0.0
31744063,EPLEY-MARTIN 31H,108H,SPRABERRY (TREND AREA),107,0.0,0.0,0.0,0.0
31744063,EPLEY-MARTIN 31H,108H,SPRABERRY (TREND AREA),108,0.0,0.0,0.0,0.0
31744063,EPLEY-MARTIN 31H,108H,SPRABERRY (TREND AREA),109,0.0,0.0,0.0,0.0
31744063,EPLEY-MARTIN 31H,108H,SPRABERRY (TREND AREA),110,0.0,0.0,0.0,0.0
31744063,EPLEY-MARTIN 31H,108H,SPRABERRY (TREND AREA),111,0.0,0.0,0.0,0.0
31744063,EPLEY-MARTIN 31H,108H,SPRABERRY (TREND AREA),112,0.0,0.0,0.0,0.0
31744063,EPLEY-MARTIN 31H,108H,SPRABERRY (TREND AREA),113,0.0,0.0,0.0,0.0
31744063,EPLEY-MARTIN 31H,108H,SPRABERRY (TREND AREA),114,0.0,0.0,0.0,0.0
31744063,EPLEY-MARTIN 31H,108H,SPRABERRY (TREND AREA),115,0.0,0.0,0.0,0.0
31744063,EPLEY-MARTIN 31H,108H,SPRABERRY (TREND AREA),116,0.0,0.0,0.0,0.0
31744063,EPLEY-MARTIN 31H,108H,SPRABERRY (TREND AREA),117,0.0,0.0,0.0,0.0
31744063,EPLEY-MARTIN 31H,108H,SPRABERRY (TREND AREA),118,0.0,0.0,0.0,0.0
31744063,EPLEY-MARTIN 31H,108H,SPRABERRY (TREND AREA),119,0.0,0.0,0.0,0.0
31744063,EPLEY-MARTIN 31H,108H,SPRABERRY (TREND AREA),120,0.0,0.0,0.0,0.0
31744064,EPLEY-MARTIN 31I,109H,SPRABERRY (TREND AREA),34,2797.5107850709496,2652.0,2884.3333333333335,3885.3333333333335
31744064,EPLEY-MARTIN 31I,109H,SPRABERRY (TREND AREA),35,2741.2615152566364,2797.5107850709496,2626.836928356983,3407.418464178492
31744064,EPLEY-MARTIN 31I,109H,SPRABERRY (TREND AREA),36,2614.415171044086,2741.2615152566364,2730.2574334425285,3062.9620500545975
31744064,EPLEY-MARTIN 31I,109H,SPRABERRY (TREND AREA),37,2465.8843635659073,2614.415171044086,2717.7291571238907,2801.031245228612
31744064,EPLEY-MARTIN 31I,109H,SPRABERRY (TREND AREA),38,2321.210986732541,2465.8843635659073,2607.18701662221,2617.0119724895962
31744064,EPLEY-MARTIN 31I,109H,SPRABERRY (TREND AREA),39,2215.2423094462433,2321.210986732541,2467.170173780845,2598.7138036116867
31744064,EPLEY-MARTIN 31I,109H,SPRABERRY (TREND AREA),40,2117.9060609790445,2215.2423094462433,2334.1125532482306,2525.9208551860606
31744064,EPLEY-MARTIN 31I,109H,SPRABERRY (TREND AREA),41,2016.4517647521584,2117.9060609790445,2218.1197857192765,2412.653401170743
31744064,EPLEY-MARTIN 31I,109H,SPRABERRY (TREND AREA),42,1911.39705958085,2016.4517647521584,2116.533378392482,2291.8517760866634
31744064,EPLEY-MARTIN 31I,109H,SPRABERRY (TREND AREA),43,1805.2360582277329,1911.39705958085,2015.2516284373512,2174.682090842791
31744064,EPLEY-MARTIN 31I,109H,SPRABERRY (TREND AREA),44,1700.0084912329912,1805.2360582277329,1911.0282941869136,2064.574039953095
31744064,EPLEY-MARTIN 31I,109H,SPRABERRY (TREND AREA),45,1596.7326581017865,1700.0084912329912,1805.547203013858,1961.04029070317
31744064,EPLEY-MARTIN 31I,109H,SPRABERRY (TREND AREA),46,1494.6157265879515,1596.7326581017865,1700.6590691875035,1857.9553488124272
31744064,EPLEY-MARTIN 31I,109H,SPRABERRY (TREND AREA),47,1392.9686292646943,1494.6157265879515,1597.1189586409098,1754.0736264139116
31744064,EPLEY-MARTIN 31I,109H,SPRABERRY (TREND AREA),48,1291.5908445558448,1392.9686292646943,1494.772337984811,1650.1597704993346
31744064,EPLEY-MARTIN 31I,109H,SPRABERRY (TREND AREA),49,1190.5082522809535,1291.5908445558448,1393.0584001361633,1546.8587346618335
31744064,EPLEY-MARTIN 31I,109H,SPRABERRY (TREND AREA),50,1089.7812377781438,1190.5082522809535,1291.6892420338309,1444.4041003373704
31744064,EPLEY-MARTIN 31I,109H,SPRABERRY (TREND AREA),51,989.4197140221108,1089.7812377781438,1190.6267782049806,1342.6995580948958
31744064,EPLEY-MARTIN 31I,109H,SPRABERRY (TREND AREA),52,889.3702328008535,989.4197140221108,1089.9030680270694,1241.4807340816162
31744064,EPLEY-MARTIN 31I,109H,SPRABERRY (TREND AREA),53,789.5725485082253,889.3702328008535,989.5237282003694,1140.6064851171002
31744064,EPLEY-MARTIN 31I,109H,SPRABERRY (TREND AREA),54,689.9854954809898,789.5725485082253,889.4541651103965,1040.0404716576886
31744064,EPLEY-MARTIN 31I,109H,SPRABERRY (TREND AREA),55,590.5837466958642,689.9854954809898,789.6427589300229,939.772913478546
31744064,EPLEY-MARTIN 31I,109H,SPRABERRY (TREND AREA),56,491.3487375809936,590.5837466958642,690.0472635616931,839.7854958810312
31744064,EPLEY-MARTIN 31I,109H,SPRABERRY (TREND AREA),57,392.2628578211324,491.3487375809936,590.6393265859492,740.0467458481729
31744064,EPLEY-MARTIN 31I,109H,SPRABERRY (TREND AREA),58,293.3081404757749,392.2628578211324,491.3984473659968,640.5206031480099
31744064,EPLEY-MARTIN 31I,109H,SPRABERRY (TREND AREA),59,194.4678077746398,293.3081404757749,392.30657862596695,541.1769210938301
31744064,EPLEY-MARTIN 31I,109H,SPRABERRY (TREND AREA),60,95.72735990299267,194.4678077746398,293.3462686905157,441.9927976382325
31744064,EPLEY-MARTIN 31I,109H,SPRABERRY (TREND AREA),61,0.0,95.72735990299267,194.50110271780247,342.9497750418996
31744064,EPLEY-MARTIN 31I,109H,SPRABERRY (TREND AREA),62,0.0,0.0,96.73172255921082,244.5191505925889
31744064,EPLEY-MARTIN 31I,109H,SPRABERRY (TREND AREA),63,0.0,0.0,31.909119967664225,162.62769432908996
31744064,EPLEY-MARTIN 31I,109H,SPRABERRY (TREND AREA),64,0.0,0.0,0.0,97.25055135890123
31744064,EPLEY-MARTIN 31I,109H,SPRABERRY (TREND AREA),65,0.0,0.0,0.0,48.36586127960541
31744064,EPLEY-MARTIN 31I,109H,SPRABERRY (TREND AREA),66,0.0,0.0,0.0,15.954559983832112
31744064,EPLEY-MARTIN 31I,109H,SPRABERRY (TREND AREA),67,0.0,0.0,0.0,0.0
31744064,EPLEY-MARTIN 31I,109H,SPRABERRY (TREND AREA),68,0.0,0.0,0.0,0.0
31744064,EPLEY-MARTIN 31I,109H,SPRABERRY (TREND AREA),69,0.0,0.0,0.0,0.0
31744064,EPLEY-MARTIN 31I,109H,SPRABERRY (TREND AREA),70,0.0,0.0,0.0,0.0
31744064,EPLEY-MARTIN 31I,109H,SPRABERRY (TREND AREA),71,0.0,0.0,0.0,0.0
31744064,EPLEY-MARTIN 31I,109H,SPRABERRY (TREND AREA),72,0.0,0.0,0.0,0.0
31744064,EPLEY-MARTIN 31I,109H,SPRABERRY (TREND AREA),73,0.0,0.0,0.0,0.0
31744064,EPLEY-MARTIN 31I,109H,SPRABERRY (TREND AREA),74,0.0,0.0,0.0,0.0
31744064,EPLEY-MARTIN 31I,109H,SPRABERRY (TREND AREA),75,0.0,0.0,0.0,0.0
31744064,EPLEY-MARTIN 31I,109H,SPRABERRY (TREND AREA),76,0.0,0.0,0.0,0.0
31744064,EPLEY-MARTIN 31I,109H,SPRABERRY (TREND AREA),77,0.0,0.0,0.0,0.0
31744064,EPLEY-MARTIN 31I,109H,SPRABERRY (TREND AREA),78,0.0,0.0,0.0,0.0
31744064,EPLEY-MARTIN 31I,109H,SPRABERRY (TREND AREA),79,0.0,0.0,0.0,0.0
31744064,EPLEY-MARTIN 31I,109H,SPRABERRY (TREND AREA),80,0.0,0.0,0.0,0.0
31744064,EPLEY-MARTIN 31I,109H,SPRABERRY (TREND AREA),81,0.0,0.0,0.0,0.0
31744064,EPLEY-MARTIN 31I,109H,SPRABERRY (TREND AREA),82,0.0,0.0,0.0,0.0
31744064,EPLEY-MARTIN 31I,109H,SPRABERRY (TREND AREA),83,0.0,0.0,0.0,0.0
31744064,EPLEY-MARTIN 31I,109H,SPRABERRY (TREND AREA),84,0.0,0.0,0.0,0.0
31744064,EPLEY-MARTIN 31I,109H,SPRABERRY (TREND AREA),85,0.0,0.0,0.0,0.0
31744064,EPLEY-MARTIN 31I,109H,SPRABERRY (TREND AREA),86,0.0,0.0,0.0,0.0
31744064,EPLEY-MARTIN 31I,109H,SPRABERRY (TREND AREA),87,0.0,0.0,0.0,0.0
31744064,EPLEY-MARTIN 31I,109H,SPRABERRY (TREND AREA),88,0.0,0.0,0.0,0.0
31744064,EPLEY-MARTIN 31I,109H,SPRABERRY (TREND AREA),89,0.0,0.0,0.0,0.0
31744064,EPLEY-MARTIN 31I,109H,SPRABERRY (TREND AREA),90,0.0,0.0,0.0,0.0
31744064,EPLEY-MARTIN 31I,109H,SPRABERRY (TREND AREA),91,0.0,0.0,0.0,0.0
31744064,EPLEY-MARTIN 31I,109H,SPRABERRY (TREND AREA),92,0.0,0.0,0.0,0.0
31744064,EPLEY-MARTIN 31I,109H,SPRABERRY (TREND AREA),93,0.0,0.0,0.0,0.0
31744064,EPLEY-MARTIN 31I,109H,SPRABERRY (TREND AREA),94,0.0,0.0,0.0,0.0
31744064,EPLEY-MARTIN 31I,109H,SPRABERRY (TREND AREA),95,0.0,0.0,0.0,0.0
31744064,EPLEY-MARTIN 31I,109H,SPRABERRY (TREND AREA),96,0.0,0.0,0.0,0.0
31744064,EPLEY-MARTIN 31I,109H,SPRABERRY (TREND AREA),97,0.0,0.0,0.0,0.0
31744064,EPLEY-MARTIN 31I,109H,SPRABERRY (TREND AREA),98,0.0,0.0,0.0,0.0
31744064,EPLEY-MARTIN 31I,109H,SPRABERRY (TREND AREA),99,0.0,0.0,0.0,0.0
31744064,EPLEY-MARTIN 31I,109H,SPRABERRY (TREND AREA),100,0.0,0.0,0.0,0.0
31744064,EPLEY-MARTIN 31I,109H,SPRABERRY (TREND AREA),101,0.0,0.0,0.0,0.0
31744064,EPLEY-MARTIN 31I,109H,SPRABERRY (TREND AREA),102,0.0,0.0,0.0,0.0
31744064,EPLEY-MARTIN 31I,109H,SPRABERRY (TREND AREA),103,0.0,0.0,0.0,0.0
31744064,EPLEY-MARTIN 31I,109H,SPRABERRY (TREND AREA),104,0.0,0.0,0.0,0.0
31744064,EPLEY-MARTIN 31I,109H,SPRABERRY (TREND AREA),105,0.0,0.0,0.0,0.0
31744064,EPLEY-MARTIN 31I,109H,SPRABERRY (TREND AREA),106,0.0,0.0,0.0,0.0
31744064,EPLEY-MARTIN 31I,109H,SPRABERRY (TREND AREA),107,0.0,0.0,0.0,0.0
31744064,EPLEY-MARTIN 31I,109H,SPRABERRY (TREND AREA),108,0.0,0.0,0.0,0.0
31744064,EPLEY-MARTIN 31I,109H,SPRABERRY (TREND AREA),109,0.0,0.0,0.0,0.0
31744064,EPLEY-MARTIN 31I,109H,SPRABERRY (TREND AREA),110,0.0,0.0,0.0,0.0
31744064,EPLEY-MARTIN 31I,109H,SPRABERRY (TREND AREA),111,0.0,0.0,0.0,0.0
31744064,EPLEY-MARTIN 31I,109H,SPRABERRY (TREND AREA),112,0.0,0.0,0.0,0.0
31744064,EPLEY-MARTIN 31I,109H,SPRABERRY (TREND AREA),113,0.0,0.0,0.0,0.0
31744064,EPLEY-MARTIN 31I,109H,SPRABERRY (TREND AREA),114,0.0,0.0,0.0,0.0
31744064,EPLEY-MARTIN 31I,109H,SPRABERRY (TREND AREA),115,0.0,0.0,0.0,0.0
31744064,EPLEY-MARTIN 31I,109H,SPRABERRY (TREND AREA),116,0.0,0.0,0.0,0.0
31744064,EPLEY-MARTIN 31I,109H,SPRABERRY (TREND AREA),117,0.0,0.0,0.0,0.0
31744064,EPLEY-MARTIN 31I,109H,SPRABERRY (TREND AREA),118,0.0,0.0,0.0,0.0
31744064,EPLEY-MARTIN 31I,109H,SPRABERRY (TREND AREA),119,0.0,0.0,0.0,0.0
31744064,EPLEY-MARTIN 31I,109H,SPRABERRY (TREND AREA),120,0.0,0.0,0.0,0.0
31744066,EPLEY-MARTIN 31K,111H,SPRABERRY (TREND AREA),34,3207.8702033104564,3372.0,3187.0,3758.1666666666665
31744066,EPLEY-MARTIN 31K,111H,SPRABERRY (TREND AREA),35,3042.499917480319,3207.8702033104564,3192.956734436819,3508.4783672184094
31744066,EPLEY-MARTIN 31K,111H,SPRABERRY (TREND AREA),36,2881.124312666564,3042.499917480319,3207.456706930259,3278.728353465129
31744066,EPLEY-MARTIN 31K,111H,SPRABERRY (TREND AREA),37,2733.1199688384777,2881.124312666564,3043.831477819113,3115.4157389095567
31744066,EPLEY-MARTIN 31K,111H,SPRABERRY (TREND AREA),38,2611.984469319119,2733.1199688384777,2885.581399661787,3039.269067049303
31744066,EPLEY-MARTIN 31K,111H,SPRABERRY (TREND AREA),39,2508.1685203413736,2611.984469319119,2742.07625027472,2974.7664786024893
31744066,EPLEY-MARTIN 31K,111H,SPRABERRY (TREND AREA),40,2396.1677534761866,2508.1685203413736,2617.75765283299,2830.7945653260517
31744066,EPLEY-MARTIN 31K,111H,SPRABERRY (TREND AREA),41,2281.9841485035204,2396.1677534761866,2505.440247712226,2695.510823687007
31744066,EPLEY-MARTIN 31K,111H,SPRABERRY (TREND AREA),42,2168.596818837418,2281.9841485035204,2395.4401407736937,2568.758195524207
31744066,EPLEY-MARTIN 31K,111H,SPRABERRY (TREND AREA),43,2057.3675889656297,2168.596818837418,2282.2495736057085,2450.003613219349
31744066,EPLEY-MARTIN 31K,111H,SPRABERRY (TREND AREA),44,1948.6776784409594,2057.3675889656297,2169.3161854355226,2337.3782165738744
31744066,EPLEY-MARTIN 31K,111H,SPRABERRY (TREND AREA),45,1841.8525936638935,1948.6776784409594,2058.2140287480024,2226.827084760848
31744066,EPLEY-MARTIN 31K,111H,SPRABERRY (TREND AREA),46,1735.9593771746095,1841.8525936638935,1949.2992870234941,2115.7744303146014
31744066,EPLEY-MARTIN 31K,111H,SPRABERRY (TREND AREA),47,1630.8312161096896,1735.9593771746095,1842.1632164264875,2005.7397009310052
31744066,EPLEY-MARTIN 31K,111H,SPRABERRY (TREND AREA),48,1526.4768795850973,1630.8312161096896,1736.2143956493976,1897.2142121987
31744066,EPLEY-MARTIN 31K,111H,SPRABERRY (TREND AREA),49,1422.8926651366496,1526.4768795850973,1631.0891576231322,1790.1942223233134
31744066,EPLEY-MARTIN 31K,111H,SPRABERRY (TREND AREA),50,1320.023470194828,1422.8926651366496,1526.733586943812,1684.44840168515
31744066,EPLEY-MARTIN 31K,111H,SPRABERRY (TREND AREA),51,1217.7710812459527,1320.023470194828,1423.1310049721917,1579.6727003107947
31744066,EPLEY-MARTIN 31K,111H,SPRABERRY (TREND AREA),52,1116.0350349632981,1217.7710812459527,1320.2290721924767,1475.6591149078042
31744066,EPLEY-MARTIN 31K,111H,SPRABERRY (TREND AREA),53,1014.7441800695342,1116.0350349632981,1217.9431954680263,1372.3383912059192
31744066,EPLEY-MARTIN 31K,111H,SPRABERRY (TREND AREA),54,913.8465425803224,1014.7441800695342,1116.1834320929283,1269.6572185325601
31744066,EPLEY-MARTIN 31K,111H,SPRABERRY (TREND AREA),55,813.298468019445,913.8465425803224,1014.8752525377182,1167.5521623650975
31744066,EPLEY-MARTIN 31K,111H,SPRABERRY (TREND AREA),56,713.0596562108649,813.298468019445,913.9630635564339,1065.9531295122301
31744066,EPLEY-MARTIN 31K,111H,SPRABERRY (TREND AREA),57,613.0923724496606,713.0596562108649,813.4015556035441,964.7924938482362
31744066,EPLEY-MARTIN 31K,111H,SPRABERRY (TREND AREA),58,513.3626209465338,613.0923724496606,713.1501655599901,864.0127090488542
31744066,EPLEY-MARTIN 31K,111H,SPRABERRY (TREND AREA),59,413.8409661493324,513.3626209465338,613.1715498690197,763.5673067127268
31744066,EPLEY-MARTIN 31K,111H,SPRABERRY (TREND AREA),60,314.5020538611848,413.8409661493324,513.4319865151756,663.4167710593598
31744066,EPLEY-MARTIN 31K,111H,SPRABERRY (TREND AREA),61,215.32379962813363,314.5020538611848,413.901880319017,563.5260229395036
31744066,EPLEY-MARTIN 31K,111H,SPRABERRY (TREND AREA),62,116.28676146493943,215.32379962813363,314.55560654621695,463.86357820761833
31744066,EPLEY-MARTIN 31K,111H,SPRABERRY (TREND AREA),63,17.37376382041564,116.28676146493943,215.3708716514193,364.40142908329744
31744066,EPLEY-MARTIN 31K,111H,SPRABERRY (TREND AREA),64,0.0,17.37376382041564,116.32810830449624,265.1149943117566
31744066,EPLEY-MARTIN 31K,111H,SPRABERRY (TREND AREA),65,0.0,0.0,44.55350842845169,179.55455748733434
31744066,EPLEY-MARTIN 31K,111H,SPRABERRY (TREND AREA),66,0.0,0.0,5.7912546068052135,110.58106312911225
31744066,EPLEY-MARTIN 31K,111H,SPRABERRY (TREND AREA),67,0.0,0.0,0.0,58.16405415224812
31744066,EPLEY-MARTIN 31K,111H,SPRABERRY (TREND AREA),68,0.0,0.0,0.0,22.276754214225846
31744066,EPLEY-MARTIN 31K,111H,SPRABERRY (TREND AREA),69,0.0,0.0,0.0,2.8956273034026068
31744066,EPLEY-MARTIN 31K,111H,SPRABERRY (TREND AREA),70,0.0,0.0,0.0,0.0
31744066,EPLEY-MARTIN 31K,111H,SPRABERRY (TREND AREA),71,0.0,0.0,0.0,0.0
31744066,EPLEY-MARTIN 31K,111H,SPRABERRY (TREND AREA),72,0.0,0.0,0.0,0.0
31744066,EPLEY-MARTIN 31K,111H,SPRABERRY (TREND AREA),73,0.0,0.0,0.0,0.0
31744066,EPLEY-MARTIN 31K,111H,SPRABERRY (TREND AREA),74,0.0,0.0,0.0,0.0
31744066,EPLEY-MARTIN 31K,111H,SPRABERRY (TREND AREA),75,0.0,0.0,0.0,0.0
31744066,EPLEY-MARTIN 31K,111H,SPRABERRY (TREND AREA),76,0.0,0.0,0.0,0.0
31744066,EPLEY-MARTIN 31K,111H,SPRABERRY (TREND AREA),77,0.0,0.0,0.0,0.0
31744066,EPLEY-MARTIN 31K,111H,SPRABERRY (TREND AREA),78,0.0,0.0,0.0,0.0
31744066,EPLEY-MARTIN 31K,111H,SPRABERRY (TREND AREA),79,0.0,0.0,0.0,0.0
31744066,EPLEY-MARTIN 31K,111H,SPRABERRY (TREND AREA),80,0.0,0.0,0.0,0.0
31744066,EPLEY-MARTIN 31K,111H,SPRABERRY (TREND AREA),81,0.0,0.0,0.0,0.0
31744066,EPLEY-MARTIN 31K,111H,SPRABERRY (TREND AREA),82,0.0,0.0,0.0,0.0
31744066,EPLEY-MARTIN 31K,111H,SPRABERRY (TREND AREA),83,0.0,0.0,0.0,0.0
31744066,EPLEY-MARTIN 31K,111H,SPRABERRY (TREND AREA),84,0.0,0.0,0.0,0.0
31744066,EPLEY-MARTIN 31K,111H,SPRABERRY (TREND AREA),85,0.0,0.0,0.0,0.0
31744066,EPLEY-MARTIN 31K,111H,SPRABERRY (TREND AREA),86,0.0,0.0,0.0,0.0
31744066,EPLEY-MARTIN 31K,111H,SPRABERRY (TREND AREA),87,0.0,0.0,0.0,0.0
31744066,EPLEY-MARTIN 31K,111H,SPRABERRY (TREND AREA),88,0.0,0.0,0.0,0.0
31744066,EPLEY-MARTIN 31K,111H,SPRABERRY (TREND AREA),89,0.0,0.0,0.0,0.0
31744066,EPLEY-MARTIN 31K,111H,SPRABERRY (TREND AREA),90,0.0,0.0,0.0,0.0
31744066,EPLEY-MARTIN 31K,111H,SPRABERRY (TREND AREA),91,0.0,0.0,0.0,0.0
31744066,EPLEY-MARTIN 31K,111H,SPRABERRY (TREND AREA),92,0.0,0.0,0.0,0.0
31744066,EPLEY-MARTIN 31K,111H,SPRABERRY (TREND AREA),93,0.0,0.0,0.0,0.0
31744066,EPLEY-MARTIN 31K,111H,SPRABERRY (TREND AREA),94,0.0,0.0,0.0,0.0
31744066,EPLEY-MARTIN 31K,111H,SPRABERRY (TREND AREA),95,0.0,0.0,0.0,0.0
31744066,EPLEY-MARTIN 31K,111H,SPRABERRY (TREND AREA),96,0.0,0.0,0.0,0.0
31744066,EPLEY-MARTIN 31K,111H,SPRABERRY (TREND AREA),97,0.0,0.0,0.0,0.0
31744066,EPLEY-MARTIN 31K,111H,SPRABERRY (TREND AREA),98,0.0,0.0,0.0,0.0
31744066,EPLEY-MARTIN 31K,111H,SPRABERRY (TREND AREA),99,0.0,0.0,0.0,0.0
31744066,EPLEY-MARTIN 31K,111H,SPRABERRY (TREND AREA),100,0.0,0.0,0.0,0.0
31744066,EPLEY-MARTIN 31K,111H,SPRABERRY (TREND AREA),101,0.0,0.0,0.0,0.0
31744066,EPLEY-MARTIN 31K,111H,SPRABERRY (TREND AREA),102,0.0,0.0,0.0,0.0
31744066,EPLEY-MARTIN 31K,111H,SPRABERRY (TREND AREA),103,0.0,0.0,0.0,0.0
31744066,EPLEY-MARTIN 31K,111H,SPRABERRY (TREND AREA),104,0.0,0.0,0.0,0.0
31744066,EPLEY-MARTIN 31K,111H,SPRABERRY (TREND AREA),105,0.0,0.0,0.0,0.0
31744066,EPLEY-MARTIN 31K,111H,SPRABERRY (TREND AREA),106,0.0,0.0,0.0,0.0
31744066,EPLEY-MARTIN 31K,111H,SPRABERRY (TREND AREA),107,0.0,0.0,0.0,0.0
31744066,EPLEY-MARTIN 31K,111H,SPRABERRY (TREND AREA),108,0.0,0.0,0.0,0.0
31744066,EPLEY-MARTIN 31K,111H,SPRABERRY (TREND AREA),109,0.0,0.0,0.0,0.0
31744066,EPLEY-MARTIN 31K,111H,SPRABERRY (TREND AREA),110,0.0,0.0,0.0,0.0
31744066,EPLEY-MARTIN 31K,111H,SPRABERRY (TREND AREA),111,0.0,0.0,0.0,0.0
31744066,EPLEY-MARTIN 31K,111H,SPRABERRY (TREND AREA),112,0.0,0.0,0.0,0.0
31744066,EPLEY-MARTIN 31K,111H,SPRABERRY (TREND AREA),113,0.0,0.0,0.0,0.0
31744066,EPLEY-MARTIN 31K,111H,SPRABERRY (TREND AREA),114,0.0,0.0,0.0,0.0
31744066,EPLEY-MARTIN 31K,111H,SPRABERRY (TREND AREA),115,0.0,0.0,0.0,0.0
31744066,EPLEY-MARTIN 31K,111H,SPRABERRY (TREND AREA),116,0.0,0.0,0.0,0.0
31744066,EPLEY-MARTIN 31K,111H,SPRABERRY (TREND AREA),117,0.0,0.0,0.0,0.0
31744066,EPLEY-MARTIN 31K,111H,SPRABERRY (TREND AREA),118,0.0,0.0,0.0,0.0
31744066,EPLEY-MARTIN 31K,111H,SPRABERRY (TREND AREA),119,0.0,0.0,0.0,0.0
31744066,EPLEY-MARTIN 31K,111H,SPRABERRY (TREND AREA),120,0.0,0.0,0.0,0.0
31744067,DAVIS-LACY 31F,206H,SPRABERRY (TREND AREA),34,3717.802176867944,4169.0,4317.0,4106.0
31744067,DAVIS-LACY 31F,206H,SPRABERRY (TREND AREA),35,3452.5408393423036,3717.802176867944,4061.9340589559815,4120.300362811324
31744067,DAVIS-LACY 31F,206H,SPRABERRY (TREND AREA),36,3286.1022481722152,3452.5408393423036,3779.781005403416,4133.557169368374
31744067,DAVIS-LACY 31F,206H,SPRABERRY (TREND AREA),37,3117.1583091876496,3286.1022481722152,3485.4817547941543,3901.2408773970765
31744067,DAVIS-LACY 31F,206H,SPRABERRY (TREND AREA),38,2949.8789037107795,3117.1583091876496,3285.267132234056,3673.6005955950186
31744067,DAVIS-LACY 31F,206H,SPRABERRY (TREND AREA),39,2784.796651377647,2949.8789037107795,3117.7131536902148,3448.7470795468157
31744067,DAVIS-LACY 31F,206H,SPRABERRY (TREND AREA),40,2619.5866858875975,2784.796651377647,2950.611288092025,3218.0465214430897
31744067,DAVIS-LACY 31F,206H,SPRABERRY (TREND AREA),41,2465.0481946695977,2619.5866858875975,2784.7540803253414,3035.0106062796985
31744067,DAVIS-LACY 31F,206H,SPRABERRY (TREND AREA),42,2320.4635456861774,2465.0481946695977,2623.143843978281,2870.428498834248
31744067,DAVIS-LACY 31F,206H,SPRABERRY (TREND AREA),43,2182.1726800341926,2320.4635456861774,2468.366142081124,2709.4887150865748
31744067,DAVIS-LACY 31F,206H,SPRABERRY (TREND AREA),44,2048.58876353576,2182.1726800341926,2322.5614734633223,2553.657776894332
31744067,DAVIS-LACY 31F,206H,SPRABERRY (TREND AREA),45,1918.9342576708855,2048.58876353576,2183.741663085377,2403.4427535318287
31744067,DAVIS-LACY 31F,206H,SPRABERRY (TREND AREA),46,1792.815727607132,1918.9342576708855,2049.8985670802795,2259.1323545807018
31744067,DAVIS-LACY 31F,206H,SPRABERRY (TREND AREA),47,1670.140524670158,1792.815727607132,1920.1129162712593,2121.3371948672907
31744067,DAVIS-LACY 31F,206H,SPRABERRY (TREND AREA),48,1550.579464416228,1670.140524670158,1793.9635033160584,1988.8525832007178
31744067,DAVIS-LACY 31F,206H,SPRABERRY (TREND AREA),49,1433.694291308252,1550.579464416228,1671.1785722311724,1860.538569655726
31744067,DAVIS-LACY 31F,206H,SPRABERRY (TREND AREA),50,1319.1087006585062,1433.694291308252,1551.4714267982126,1735.7921715347359
31744067,DAVIS-LACY 31F,206H,SPRABERRY (TREND AREA),51,1206.522964434997,1319.1087006585062,1434.4608187943286,1614.2121610551933
31744067,DAVIS-LACY 31F,206H,SPRABERRY (TREND AREA),52,1095.6964870001093,1206.522964434997,1319.7753188005852,1495.4769455158787
31744067,DAVIS-LACY 31F,206H,SPRABERRY (TREND AREA),53,986.4274499158033,1095.6964870001093,1207.1093840312042,1379.2904054147082
31744067,DAVIS-LACY 31F,206H,SPRABERRY (TREND AREA),54,878.5319298372793,986.4274499158033,1096.2156337836366,1265.3382262889825
31744067,DAVIS-LACY 31F,206H,SPRABERRY (TREND AREA),55,771.8418355615955,878.5319298372793,986.8852889177306,1153.330303859158
31744067,DAVIS-LACY 31F,206H,SPRABERRY (TREND AREA),56,666.2081819923002,771.8418355615955,878.9337384382261,1043.0215612347154
31744067,DAVIS-LACY 31F,206H,SPRABERRY (TREND AREA),57,561.5011028471023,666.2081819923002,772.1939824637251,934.2048081236809
31744067,DAVIS-LACY 31F,206H,SPRABERRY (TREND AREA),58,457.60771338971796,561.5011028471023,666.517040133666,826.7011645256983
31744067,DAVIS-LACY 31F,206H,SPRABERRY (TREND AREA),59,354.42939418970997,457.60771338971796,561.7723327430401,720.3530355906331
31744067,DAVIS-LACY 31F,206H,SPRABERRY (TREND AREA),60,251.87938398805096,354.42939418970997,457.84607014217676,615.0200263029509
31744067,DAVIS-LACY 31F,206H,SPRABERRY (TREND AREA),61,149.88121353887715,251.87938398805096,354.638830522493,510.5779353280795
31744067,DAVIS-LACY 31F,206H,SPRABERRY (TREND AREA),62,48.367612595207056,149.88121353887715,252.06333057221272,406.91783165762644
31744067,DAVIS-LACY 31F,206H,SPRABERRY (TREND AREA),63,0.0,48.367612595207056,150.0427367073784,303.94440342477753
31744067,DAVIS-LACY 31F,206H,SPRABERRY (TREND AREA),64,0.0,0.0,66.08294204469473,210.36088628359383
31744067,DAVIS-LACY 31F,206H,SPRABERRY (TREND AREA),65,0.0,0.0,16.122537531735684,134.0929340519742
31744067,DAVIS-LACY 31F,206H,SPRABERRY (TREND AREA),66,0.0,0.0,0.0,75.0213683536892
31744067,DAVIS-LACY 31F,206H,SPRABERRY (TREND AREA),67,0.0,0.0,0.0,33.041471022347366
31744067,DAVIS-LACY 31F,206H,SPRABERRY (TREND AREA),68,0.0,0.0,0.0,8.061268765867842
31744067,DAVIS-LACY 31F,206H,SPRABERRY (TREND AREA),69,0.0,0.0,0.0,0.0
31744067,DAVIS-LACY 31F,206H,SPRABERRY (TREND AREA),70,0.0,0.0,0.0,0.0
31744067,DAVIS-LACY 31F,206H,SPRABERRY (TREND AREA),71,0.0,0.0,0.0,0.0
31744067,DAVIS-LACY 31F,206H,SPRABERRY (TREND AREA),72,0.0,0.0,0.0,0.0
31744067,DAVIS-LACY 31F,206H,SPRABERRY (TREND AREA),73,0.0,0.0,0.0,0.0
31744067,DAVIS-LACY 31F,206H,SPRABERRY (TREND AREA),74,0.0,0.0,0.0,0.0
31744067,DAVIS-LACY 31F,206H,SPRABERRY (TREND AREA),75,0.0,0.0,0.0,0.0
31744067,DAVIS-LACY 31F,206H,SPRABERRY (TREND AREA),76,0.0,0.0,0.0,0.0
31744067,DAVIS-LACY 31F,206H,SPRABERRY (TREND AREA),77,0.0,0.0,0.0,0.0
31744067,DAVIS-LACY 31F,206H,SPRABERRY (TREND AREA),78,0.0,0.0,0.0,0.0
31744067,DAVIS-LACY 31F,206H,SPRABERRY (TREND AREA),79,0.0,0.0,0.0,0.0
31744067,DAVIS-LACY 31F,206H,SPRABERRY (TREND AREA),80,0.0,0.0,0.0,0.0
31744067,DAVIS-LACY 31F,206H,SPRABERRY (TREND AREA),81,0.0,0.0,0.0,0.0
31744067,DAVIS-LACY 31F,206H,SPRABERRY (TREND AREA),82,0.0,0.0,0.0,0.0
31744067,DAVIS-LACY 31F,206H,SPRABERRY (TREND AREA),83,0.0,0.0,0.0,0.0
31744067,DAVIS-LACY 31F,206H,SPRABERRY (TREND AREA),84,0.0,0.0,0.0,0.0
31744067,DAVIS-LACY 31F,206H,SPRABERRY (TREND AREA),85,0.0,0.0,0.0,0.0
31744067,DAVIS-LACY 31F,206H,SPRABERRY (TREND AREA),86,0.0,0.0,0.0,0.0
31744067,DAVIS-LACY 31F,206H,SPRABERRY (TREND AREA),87,0.0,0.0,0.0,0.0
31744067,DAVIS-LACY 31F,206H,SPRABERRY (TREND AREA),88,0.0,0.0,0.0,0.0
31744067,DAVIS-LACY 31F,206H,SPRABERRY (TREND AREA),89,0.0,0.0,0.0,0.0
31744067,DAVIS-LACY 31F,206H,SPRABERRY (TREND AREA),90,0.0,0.0,0.0,0.0
31744067,DAVIS-LACY 31F,206H,SPRABERRY (TREND AREA),91,0.0,0.0,0.0,0.0
31744067,DAVIS-LACY 31F,206H,SPRABERRY (TREND AREA),92,0.0,0.0,0.0,0.0
31744067,DAVIS-LACY 31F,206H,SPRABERRY (TREND AREA),93,0.0,0.0,0.0,0.0
31744067,DAVIS-LACY 31F,206H,SPRABERRY (TREND AREA),94,0.0,0.0,0.0,0.0
31744067,DAVIS-LACY 31F,206H,SPRABERRY (TREND AREA),95,0.0,0.0,0.0,0.0
31744067,DAVIS-LACY 31F,206H,SPRABERRY (TREND AREA),96,0.0,0.0,0.0,0.0
31744067,DAVIS-LACY 31F,206H,SPRABERRY (TREND AREA),97,0.0,0.0,0.0,0.0
31744067,DAVIS-LACY 31F,206H,SPRABERRY (TREND AREA),98,0.0,0.0,0.0,0.0
31744067,DAVIS-LACY 31F,206H,SPRABERRY (TREND AREA),99,0.0,0.0,0.0,0.0
31744067,DAVIS-LACY 31F,206H,SPRABERRY (TREND AREA),100,0.0,0.0,0.0,0.0
31744067,DAVIS-LACY 31F,206H,SPRABERRY (TREND AREA),101,0.0,0.0,0.0,0.0
31744067,DAVIS-LACY 31F,206H,SPRABERRY (TREND AREA),102,0.0,0.0,0.0,0.0
31744067,DAVIS-LACY 31F,206H,SPRABERRY (TREND AREA),103,0.0,0.0,0.0,0.0
31744067,DAVIS-LACY 31F,206H,SPRABERRY (TREND AREA),104,0.0,0.0,0.0,0.0
31744067,DAVIS-LACY 31F,206H,SPRABERRY (TREND AREA),105,0.0,0.0,0.0,0.0
31744067,DAVIS-LACY 31F,206H,SPRABERRY (TREND AREA),106,0.0,0.0,0.0,0.0
31744067,DAVIS-LACY 31F,206H,SPRABERRY (TREND AREA),107,0.0,0.0,0.0,0.0
31744067,DAVIS-LACY 31F,206H,SPRABERRY (TREND AREA),108,0.0,0.0,0.0,0.0
31744067,DAVIS-LACY 31F,206H,SPRABERRY (TREND AREA),109,0.0,0.0,0.0,0.0
31744067,DAVIS-LACY 31F,206H,SPRABERRY (TREND AREA),110,0.0,0.0,0.0,0.0
31744067,DAVIS-LACY 31F,206H,SPRABERRY (TREND AREA),111,0.0,0.0,0.0,0.0
31744067,DAVIS-LACY 31F,206H,SPRABERRY (TREND AREA),112,0.0,0.0,0.0,0.0
31744067,DAVIS-LACY 31F,206H,SPRABERRY (TREND AREA),113,0.0,0.0,0.0,0.0
31744067,DAVIS-LACY 31F,206H,SPRABERRY (TREND AREA),114,0.0,0.0,0.0,0.0
31744067,DAVIS-LACY 31F,206H,SPRABERRY (TREND AREA),115,0.0,0.0,0.0,0.0
31744067,DAVIS-LACY 31F,206H,SPRABERRY (TREND AREA),116,0.0,0.0,0.0,0.0
31744067,DAVIS-LACY 31F,206H,SPRABERRY (TREND AREA),117,0.0,0.0,0.0,0.0
31744067,DAVIS-LACY 31F,206H,SPRABERRY (TREND AREA),118,0.0,0.0,0.0,0.0
31744067,DAVIS-LACY 31F,206H,SPRABERRY (TREND AREA),119,0.0,0.0,0.0,0.0
31744067,DAVIS-LACY 31F,206H,SPRABERRY (TREND AREA),120,0.0,0.0,0.0,0.0
31744068,DAVIS-LACY 31E,205H,SPRABERRY (TREND AREA),34,2242.63536696263,2046.0,2294.0,2976.3333333333335
31744068,DAVIS-LACY 31E,205H,SPRABERRY (TREND AREA),35,2254.776019211235,2242.63536696263,2146.87845565421,2670.6058944937718
31744068,DAVIS-LACY 31E,205H,SPRABERRY (TREND AREA),36,2183.9825190928827,2254.776019211235,2181.1371287246216,2418.901897695644
31744068,DAVIS-LACY 31E,205H,SPRABERRY (TREND AREA),37,2089.985946206462,2183.9825190928827,2227.1313017555826,2260.565650877791
31744068,DAVIS-LACY 31E,205H,SPRABERRY (TREND AREA),38,1994.880927859317,2089.985946206462,2176.2481615035267,2161.563308578868
31744068,DAVIS-LACY 31E,205H,SPRABERRY (TREND AREA),39,1914.8064071507904,1994.880927859317,2089.6164643862207,2135.3767965554207
31744068,DAVIS-LACY 31E,205H,SPRABERRY (TREND AREA),40,1843.6918154733373,1914.8064071507904,1999.8910937388564,2113.5111977472193
31744068,DAVIS-LACY 31E,205H,SPRABERRY (TREND AREA),41,1767.5055180172992,1843.6918154733373,1917.7930501611481,2047.0206058323374
31744068,DAVIS-LACY 31E,205H,SPRABERRY (TREND AREA),42,1685.423997949874,1767.5055180172992,1842.0012468804755,1965.808855633348
31744068,DAVIS-LACY 31E,205H,SPRABERRY (TREND AREA),43,1599.7471642601624,1685.423997949874,1765.5404438135035,1882.71576877618
31744068,DAVIS-LACY 31E,205H,SPRABERRY (TREND AREA),44,1512.3548271044185,1599.7471642601624,1684.2255600757787,1801.0093051184633
31744068,DAVIS-LACY 31E,205H,SPRABERRY (TREND AREA),45,1424.2546576045686,1512.3548271044185,1599.175329771485,1720.5882883259803
31744068,DAVIS-LACY 31E,205H,SPRABERRY (TREND AREA),46,1335.4328776456798,1424.2546576045686,1512.1188829897164,1638.8296634016099
31744068,DAVIS-LACY 31E,205H,SPRABERRY (TREND AREA),47,1245.5393157839364,1335.4328776456798,1424.014120784889,1554.1198404303339
31744068,DAVIS-LACY 31E,205H,SPRABERRY (TREND AREA),48,1154.540668875073,1245.5393157839364,1335.0756170113948,1467.12547339144
31744068,DAVIS-LACY 31E,205H,SPRABERRY (TREND AREA),49,1062.5957952613392,1154.540668875073,1245.1709541015632,1378.6449185456397
31744068,DAVIS-LACY 31E,205H,SPRABERRY (TREND AREA),50,969.8874944391944,1062.5957952613392,1154.2252599734495,1289.119690379169
31744068,DAVIS-LACY 31E,205H,SPRABERRY (TREND AREA),51,876.5515105389511,969.8874944391944,1062.3413195252022,1198.7084682682985
31744068,DAVIS-LACY 31E,205H,SPRABERRY (TREND AREA),52,782.6668826877683,876.5515105389511,969.678266746495,1107.424610424029
31744068,DAVIS-LACY 31E,205H,SPRABERRY (TREND AREA),53,688.2851929655878,782.6668826877683,876.3686292219712,1015.2969445977105
31744068,DAVIS-LACY 31E,205H,SPRABERRY (TREND AREA),54,593.4574543751444,688.2851929655878,782.5011953974357,922.421257461319
31744068,DAVIS-LACY 31E,205H,SPRABERRY (TREND AREA),55,498.23694666398546,593.4574543751444,688.1365100095003,828.9073883779976
31744068,DAVIS-LACY 31E,205H,SPRABERRY (TREND AREA),56,402.6740302439878,498.23694666398546,593.3265313349059,734.8475802784386
31744068,DAVIS-LACY 31E,205H,SPRABERRY (TREND AREA),57,306.8125313557873,402.6740302439878,498.1228104277059,640.3120029125707
31744068,DAVIS-LACY 31E,205H,SPRABERRY (TREND AREA),58,210.68928204684175,306.8125313557873,402.57450275458683,545.3555063820436
31744068,DAVIS-LACY 31E,205H,SPRABERRY (TREND AREA),59,114.33567185957895,210.68928204684175,306.7252812155389,450.0259062752225
31744068,DAVIS-LACY 31E,205H,SPRABERRY (TREND AREA),60,17.779286441695827,114.33567185957895,210.61249508740266,354.36765275755425
31744068,DAVIS-LACY 31E,205H,SPRABERRY (TREND AREA),61,0.0,17.779286441695827,114.26808011603885,258.42129143531287
31744068,DAVIS-LACY 31E,205H,SPRABERRY (TREND AREA),62,0.0,0.0,44.03831943375826,175.3818003246486
31744068,DAVIS-LACY 31E,205H,SPRABERRY (TREND AREA),63,0.0,0.0,5.926428813898609,108.26946195065064
31744068,DAVIS-LACY 31E,205H,SPRABERRY (TREND AREA),64,0.0,0.0,0.0,57.13404005801942
31744068,DAVIS-LACY 31E,205H,SPRABERRY (TREND AREA),65,0.0,0.0,0.0,22.01915971687913
31744068,DAVIS-LACY 31E,205H,SPRABERRY (TREND AREA),66,0.0,0.0,0.0,2.9632144069493047
31744068,DAVIS-LACY 31E,205H,SPRABERRY (TREND AREA),67,0.0,0.0,0.0,0.0
31744068,DAVIS-LACY 31E,205H,SPRABERRY (TREND AREA),68,0.0,0.0,0.0,0.0
31744068,DAVIS-LACY 31E,205H,SPRABERRY (TREND AREA),69,0.0,0.0,0.0,0.0
31744068,DAVIS-LACY 31E,205H,SPRABERRY (TREND AREA),70,0.0,0.0,0.0,0.0
31744068,DAVIS-LACY 31E,205H,SPRABERRY (TREND AREA),71,0.0,0.0,0.0,0.0
31744068,DAVIS-LACY 31E,205H,SPRABERRY (TREND AREA),72,0.0,0.0,0.0,0.0
31744068,DAVIS-LACY 31E,205H,SPRABERRY (TREND AREA),73,0.0,0.0,0.0,0.0
31744068,DAVIS-LACY 31E,205H,SPRABERRY (TREND AREA),74,0.0,0.0,0.0,0.0
31744068,DAVIS-LACY 31E,205H,SPRABERRY (TREND AREA),75,0.0,0.0,0.0,0.0
31744068,DAVIS-LACY 31E,205H,SPRABERRY (TREND AREA),76,0.0,0.0,0.0,0.0
31744068,DAVIS-LACY 31E,205H,SPRABERRY (TREND AREA),77,0.0,0.0,0.0,0.0
31744068,DAVIS-LACY 31E,205H,SPRABERRY (TREND AREA),78,0.0,0.0,0.0,0.0
31744068,DAVIS-LACY 31E,205H,SPRABERRY (TREND AREA),79,0.0,0.0,0.0,0.0
31744068,DAVIS-LACY 31E,205H,SPRABERRY (TREND AREA),80,0.0,0.0,0.0,0.0
31744068,DAVIS-LACY 31E,205H,SPRABERRY (TREND AREA),81,0.0,0.0,0.0,0.0
31744068,DAVIS-LACY 31E,205H,SPRABERRY (TREND AREA),82,0.0,0.0,0.0,0.0
31744068,DAVIS-LACY 31E,205H,SPRABERRY (TREND AREA),83,0.0,0.0,0.0,0.0
31744068,DAVIS-LACY 31E,205H,SPRABERRY (TREND AREA),84,0.0,0.0,0.0,0.0
31744068,DAVIS-LACY 31E,205H,SPRABERRY (TREND AREA),85,0.0,0.0,0.0,0.0
31744068,DAVIS-LACY 31E,205H,SPRABERRY (TREND AREA),86,0.0,0.0,0.0,0.0
31744068,DAVIS-LACY 31E,205H,SPRABERRY (TREND AREA),87,0.0,0.0,0.0,0.0
31744068,DAVIS-LACY 31E,205H,SPRABERRY (TREND AREA),88,0.0,0.0,0.0,0.0
31744068,DAVIS-LACY 31E,205H,SPRABERRY (TREND AREA),89,0.0,0.0,0.0,0.0
31744068,DAVIS-LACY 31E,205H,SPRABERRY (TREND AREA),90,0.0,0.0,0.0,0.0
31744068,DAVIS-LACY 31E,205H,SPRABERRY (TREND AREA),91,0.0,0.0,0.0,0.0
31744068,DAVIS-LACY 31E,205H,SPRABERRY (TREND AREA),92,0.0,0.0,0.0,0.0
31744068,DAVIS-LACY 31E,205H,SPRABERRY (TREND AREA),93,0.0,0.0,0.0,0.0
31744068,DAVIS-LACY 31E,205H,SPRABERRY (TREND AREA),94,0.0,0.0,0.0,0.0
31744068,DAVIS-LACY 31E,205H,SPRABERRY (TREND AREA),95,0.0,0.0,0.0,0.0
31744068,DAVIS-LACY 31E,205H,SPRABERRY (TREND AREA),96,0.0,0.0,0.0,0.0
31744068,DAVIS-LACY 31E,205H,SPRABERRY (TREND AREA),97,0.0,0.0,0.0,0.0
31744068,DAVIS-LACY 31E,205H,SPRABERRY (TREND AREA),98,0.0,0.0,0.0,0.0
31744068,DAVIS-LACY 31E,205H,SPRABERRY (TREND AREA),99,0.0,0.0,0.0,0.0
31744068,DAVIS-LACY 31E,205H,SPRABERRY (TREND AREA),100,0.0,0.0,0.0,0.0
31744068,DAVIS-LACY 31E,205H,SPRABERRY (TREND AREA),101,0.0,0.0,0.0,0.0
31744068,DAVIS-LACY 31E,205H,SPRABERRY (TREND AREA),102,0.0,0.0,0.0,0.0
31744068,DAVIS-LACY 31E,205H,SPRABERRY (TREND AREA),103,0.0,0.0,0.0,0.0
31744068,DAVIS-LACY 31E,205H,SPRABERRY (TREND AREA),104,0.0,0.0,0.0,0.0
31744068,DAVIS-LACY 31E,205H,SPRABERRY (TREND AREA),105,0.0,0.0,0.0,0.0
31744068,DAVIS-LACY 31E,205H,SPRABERRY (TREND AREA),106,0.0,0.0,0.0,0.0
31744068,DAVIS-LACY 31E,205H,SPRABERRY (TREND AREA),107,0.0,0.0,0.0,0.0
31744068,DAVIS-LACY 31E,205H,SPRABERRY (TREND AREA),108,0.0,0.0,0.0,0.0
31744068,DAVIS-LACY 31E,205H,SPRABERRY (TREND AREA),109,0.0,0.0,0.0,0.0
31744068,DAVIS-LACY 31E,205H,SPRABERRY (TREND AREA),110,0.0,0.0,0.0,0.0
31744068,DAVIS-LACY 31E,205H,SPRABERRY (TREND AREA),111,0.0,0.0,0.0,0.0
31744068,DAVIS-LACY 31E,205H,SPRABERRY (TREND AREA),112,0.0,0.0,0.0,0.0
31744068,DAVIS-LACY 31E,205H,SPRABERRY (TREND AREA),113,0.0,0.0,0.0,0.0
31744068,DAVIS-LACY 31E,205H,SPRABERRY (TREND AREA),114,0.0,0.0,0.0,0.0
31744068,DAVIS-LACY 31E,205H,SPRABERRY (TREND AREA),115,0.0,0.0,0.0,0.0
31744068,DAVIS-LACY 31E,205H,SPRABERRY (TREND AREA),116,0.0,0.0,0.0,0.0
31744068,DAVIS-LACY 31E,205H,SPRABERRY (TREND AREA),117,0.0,0.0,0.0,0.0
31744068,DAVIS-LACY 31E,205H,SPRABERRY (TREND AREA),118,0.0,0.0,0.0,0.0
31744068,DAVIS-LACY 31E,205H,SPRABERRY (TREND AREA),119,0.0,0.0,0.0,0.0
31744068,DAVIS-LACY 31E,205H,SPRABERRY (TREND AREA),120,0.0,0.0,0.0,0.0
31744069,DAVIS-LACY 31D,204H,SPRABERRY (TREND AREA),34,740.0411533993419,102.0,81.0,967.1666666666666
31744069,DAVIS-LACY 31D,204H,SPRABERRY (TREND AREA),35,1020.9856588842412,740.0411533993419,294.34705113311395,771.8401922332237
31744069,DAVIS-LACY 31D,204H,SPRABERRY (TREND AREA),36,1110.4121354735953,1020.9856588842412,621.008937427861,565.1711353805972
31744069,DAVIS-LACY 31D,204H,SPRABERRY (TREND AREA),37,1133.5177985381883,1110.4121354735953,957.1463159190595,519.0731579595298
31744069,DAVIS-LACY 31D,204H,SPRABERRY (TREND AREA),38,1165.9101556181663,1133.5177985381883,1088.3051976320082,691.3261243825613
31744069,DAVIS-LACY 31D,204H,SPRABERRY (TREND AREA),39,1204.979710480523,1165.9101556181663,1136.6133632099834,878.8111503189224
31744069,DAVIS-LACY 31D,204H,SPRABERRY (TREND AREA),40,1246.456236488018,1204.979710480523,1168.1358882122925,1062.641102065676
31744069,DAVIS-LACY 31D,204H,SPRABERRY (TREND AREA),41,1267.000421111928,1246.456236488018,1205.7820341955692,1147.0436159137887
31744069,DAVIS-LACY 31D,204H,SPRABERRY (TREND AREA),42,1266.492018140586,1267.000421111928,1239.4787893601563,1188.0460762850698
31744069,DAVIS-LACY 31D,204H,SPRABERRY (TREND AREA),43,1251.0606444605387,1266.492018140586,1259.9828919135107,1214.0593900629017
31744069,DAVIS-LACY 31D,204H,SPRABERRY (TREND AREA),44,1225.795851983372,1251.0606444605387,1261.5176945710175,1233.6498643832936
31744069,DAVIS-LACY 31D,204H,SPRABERRY (TREND AREA),45,1192.785107283381,1225.795851983372,1247.7828381948323,1243.6308137774943
31744069,DAVIS-LACY 31D,204H,SPRABERRY (TREND AREA),46,1152.6986912468496,1192.785107283381,1223.2138679090972,1241.598379911304
31744069,DAVIS-LACY 31D,204H,SPRABERRY (TREND AREA),47,1105.5948490532523,1152.6986912468496,1190.426550171201,1225.9721223711092
31744069,DAVIS-LACY 31D,204H,SPRABERRY (TREND AREA),48,1052.0455970005505,1105.5948490532523,1150.3595491944943,1199.071193694663
31744069,DAVIS-LACY 31D,204H,SPRABERRY (TREND AREA),49,992.9136514961909,1052.0455970005505,1103.4463791002174,1163.3301235046572
31744069,DAVIS-LACY 31D,204H,SPRABERRY (TREND AREA),50,929.0214975539606,992.9136514961909,1050.1846991833313,1120.305624677266
31744069,DAVIS-LACY 31D,204H,SPRABERRY (TREND AREA),51,861.0155025822509,929.0214975539606,991.3269153502341,1070.843232272364
31744069,DAVIS-LACY 31D,204H,SPRABERRY (TREND AREA),52,789.3942012967899,861.0155025822509,927.6502172108007,1015.5482981555091
31744069,DAVIS-LACY 31D,204H,SPRABERRY (TREND AREA),53,714.5679655204002,789.3942012967899,859.810400477667,954.9975498304992
31744069,DAVIS-LACY 31D,204H,SPRABERRY (TREND AREA),54,636.9102676960746,714.5679655204002,788.3258897998136,889.826402575024
31744069,DAVIS-LACY 31D,204H,SPRABERRY (TREND AREA),55,556.7654814360338,636.9102676960746,713.6241448377549,820.6371810242778
31744069,DAVIS-LACY 31D,204H,SPRABERRY (TREND AREA),56,474.4419028935089,556.7654814360338,636.0812382175028,747.9458193475849
31744069,DAVIS-LACY 31D,204H,SPRABERRY (TREND AREA),57,390.20852830395495,474.4419028935089,556.0392173418724,672.1825535708431
31744069,DAVIS-LACY 31D,204H,SPRABERRY (TREND AREA),58,304.2984364655284,390.20852830395495,473.80530421116583,593.7147245244604
31744069,DAVIS-LACY 31D,204H,SPRABERRY (TREND AREA),59,216.9147464516285,304.2984364655284,389.64962255433073,512.8654303859169
31744069,DAVIS-LACY 31D,204H,SPRABERRY (TREND AREA),60,128.2360324815594,216.9147464516285,303.80723707370396,429.9232272077882
31744069,DAVIS-LACY 31D,204H,SPRABERRY (TREND AREA),61,38.41979016042968,128.2360324815594,216.48307179957212,345.144188005369
31744069,DAVIS-LACY 31D,204H,SPRABERRY (TREND AREA),62,0.0,38.41979016042968,127.85685636453918,258.753239459435
31744069,DAVIS-LACY 31D,204H,SPRABERRY (TREND AREA),63,0.0,0.0,55.55194088066302,179.6795889771835
31744069,DAVIS-LACY 31D,204H,SPRABERRY (TREND AREA),64,0.0,0.0,12.806596720143226,114.64483425985766
31744069,DAVIS-LACY 31D,204H,SPRABERRY (TREND AREA),65,0.0,0.0,0.0,63.92842818226959
31744069,DAVIS-LACY 31D,204H,SPRABERRY (TREND AREA),66,0.0,0.0,0.0,27.77597044033151
31744069,DAVIS-LACY 31D,204H,SPRABERRY (TREND AREA),67,0.0,0.0,0.0,6.403298360071613
31744069,DAVIS-LACY 31D,204H,SPRABERRY (TREND AREA),68,0.0,0.0,0.0,0.0
31744069,DAVIS-LACY 31D,204H,SPRABERRY (TREND AREA),69,0.0,0.0,0.0,0.0
31744069,DAVIS-LACY 31D,204H,SPRABERRY (TREND AREA),70,0.0,0.0,0.0,0.0
31744069,DAVIS-LACY 31D,204H,SPRABERRY (TREND AREA),71,0.0,0.0,0.0,0.0
31744069,DAVIS-LACY 31D,204H,SPRABERRY (TREND AREA),72,0.0,0.0,0.0,0.0
31744069,DAVIS-LACY 31D,204H,SPRABERRY (TREND AREA),73,0.0,0.0,0.0,0.0
31744069,DAVIS-LACY 31D,204H,SPRABERRY (TREND AREA),74,0.0,0.0,0.0,0.0
31744069,DAVIS-LACY 31D,204H,SPRABERRY (TREND AREA),75,0.0,0.0,0.0,0.0
31744069,DAVIS-LACY 31D,204H,SPRABERRY (TREND AREA),76,0.0,0.0,0.0,0.0
31744069,DAVIS-LACY 31D,204H,SPRABERRY (TREND AREA),77,0.0,0.0,0.0,0.0
31744069,DAVIS-LACY 31D,204H,SPRABERRY (TREND AREA),78,0.0,0.0,0.0,0.0
31744069,DAVIS-LACY 31D,204H,SPRABERRY (TREND AREA),79,0.0,0.0,0.0,0.0
31744069,DAVIS-LACY 31D,204H,SPRABERRY (TREND AREA),80,0.0,0.0,0.0,0.0
31744069,DAVIS-LACY 31D,204H,SPRABERRY (TREND AREA),81,0.0,0.0,0.0,0.0
31744069,DAVIS-LACY 31D,204H,SPRABERRY (TREND AREA),82,0.0,0.0,0.0,0.0
31744069,DAVIS-LACY 31D,204H,SPRABERRY (TREND AREA),83,0.0,0.0,0.0,0.0
31744069,DAVIS-LACY 31D,204H,SPRABERRY (TREND AREA),84,0.0,0.0,0.0,0.0
31744069,DAVIS-LACY 31D,204H,SPRABERRY (TREND AREA),85,0.0,0.0,0.0,0.0
31744069,DAVIS-LACY 31D,204H,SPRABERRY (TREND AREA),86,0.0,0.0,0.0,0.0
31744069,DAVIS-LACY 31D,204H,SPRABERRY (TREND AREA),87,0.0,0.0,0.0,0.0
31744069,DAVIS-LACY 31D,204H,SPRABERRY (TREND AREA),88,0.0,0.0,0.0,0.0
31744069,DAVIS-LACY 31D,204H,SPRABERRY (TREND AREA),89,0.0,0.0,0.0,0.0
31744069,DAVIS-LACY 31D,204H,SPRABERRY (TREND AREA),90,0.0,0.0,0.0,0.0
31744069,DAVIS-LACY 31D,204H,SPRABERRY (TREND AREA),91,0.0,0.0,0.0,0.0
31744069,DAVIS-LACY 31D,204H,SPRABERRY (TREND AREA),92,0.0,0.0,0.0,0.0
31744069,DAVIS-LACY 31D,204H,SPRABERRY (TREND AREA),93,0.0,0.0,0.0,0.0
31744069,DAVIS-LACY 31D,204H,SPRABERRY (TREND AREA),94,0.0,0.0,0.0,0.0
31744069,DAVIS-LACY 31D,204H,SPRABERRY (TREND AREA),95,0.0,0.0,0.0,0.0
31744069,DAVIS-LACY 31D,204H,SPRABERRY (TREND AREA),96,0.0,0.0,0.0,0.0
31744069,DAVIS-LACY 31D,204H,SPRABERRY (TREND AREA),97,0.0,0.0,0.0,0.0
31744069,DAVIS-LACY 31D,204H,SPRABERRY (TREND AREA),98,0.0,0.0,0.0,0.0
31744069,DAVIS-LACY 31D,204H,SPRABERRY (TREND AREA),99,0.0,0.0,0.0,0.0
31744069,DAVIS-LACY 31D,204H,SPRABERRY (TREND AREA),100,0.0,0.0,0.0,0.0
31744069,DAVIS-LACY 31D,204H,SPRABERRY (TREND AREA),101,0.0,0.0,0.0,0.0
31744069,DAVIS-LACY 31D,204H,SPRABERRY (TREND AREA),102,0.0,0.0,0.0,0.0
31744069,DAVIS-LACY 31D,204H,SPRABERRY (TREND AREA),103,0.0,0.0,0.0,0.0
31744069,DAVIS-LACY 31D,204H,SPRABERRY (TREND AREA),104,0.0,0.0,0.0,0.0
31744069,DAVIS-LACY 31D,204H,SPRABERRY (TREND AREA),105,0.0,0.0,0.0,0.0
31744069,DAVIS-LACY 31D,204H,SPRABERRY (TREND AREA),106,0.0,0.0,0.0,0.0
31744069,DAVIS-LACY 31D,204H,SPRABERRY (TREND AREA),107,0.0,0.0,0.0,0.0
31744069,DAVIS-LACY 31D,204H,SPRABERRY (TREND AREA),108,0.0,0.0,0.0,0.0
31744069,DAVIS-LACY 31D,204H,SPRABERRY (TREND AREA),109,0.0,0.0,0.0,0.0
31744069,DAVIS-LACY 31D,204H,SPRABERRY (TREND AREA),110,0.0,0.0,0.0,0.0
31744069,DAVIS-LACY 31D,204H,SPRABERRY (TREND AREA),111,0.0,0.0,0.0,0.0
31744069,DAVIS-LACY 31D,204H,SPRABERRY (TREND AREA),112,0.0,0.0,0.0,0.0
31744069,DAVIS-LACY 31D,204H,SPRABERRY (TREND AREA),113,0.0,0.0,0.0,0.0
31744069,DAVIS-LACY 31D,204H,SPRABERRY (TREND AREA),114,0.0,0.0,0.0,0.0
31744069,DAVIS-LACY 31D,204H,SPRABERRY (TREND AREA),115,0.0,0.0,0.0,0.0
31744069,DAVIS-LACY 31D,204H,SPRABERRY (TREND AREA),116,0.0,0.0,0.0,0.0
31744069,DAVIS-LACY 31D,204H,SPRABERRY (TREND AREA),117,0.0,0.0,0.0,0.0
31744069,DAVIS-LACY 31D,204H,SPRABERRY (TREND AREA),118,0.0,0.0,0.0,0.0
31744069,DAVIS-LACY 31D,204H,SPRABERRY (TREND AREA),119,0.0,0.0,0.0,0.0
31744069,DAVIS-LACY 31D,204H,SPRABERRY (TREND AREA),120,0.0,0.0,0.0,0.0
31744070,DAVIS-LACY 31C,203H,SPRABERRY (TREND AREA),34,1815.0506356569815,1554.0,2039.0,2261.0
31744070,DAVIS-LACY 31C,203H,SPRABERRY (TREND AREA),35,1893.6437049202007,1815.0506356569815,1823.6835452189937,2103.67510594283
31744070,DAVIS-LACY 31C,203H,SPRABERRY (TREND AREA),36,1896.341200177949,1893.6437049202007,1754.2314468590605,2030.1157234295306
31744070,DAVIS-LACY 31C,203H,SPRABERRY (TREND AREA),37,1861.5432743354443,1896.341200177949,1868.3451802517104,1953.672590125855
31744070,DAVIS-LACY 31C,203H,SPRABERRY (TREND AREA),38,1799.3314733925265,1861.5432743354443,1883.8427264778647,1853.7631358484293
31744070,DAVIS-LACY 31C,203H,SPRABERRY (TREND AREA),39,1732.574953931912,1799.3314733925265,1852.40531596864,1803.3183814138504
31744070,DAVIS-LACY 31C,203H,SPRABERRY (TREND AREA),40,1680.9311584080644,1732.574953931912,1797.816567219961,1833.0808737358357
31744070,DAVIS-LACY 31C,203H,SPRABERRY (TREND AREA),41,1625.5531359589606,1680.9311584080644,1737.6125285775008,1810.7276275276827
31744070,DAVIS-LACY 31C,203H,SPRABERRY (TREND AREA),42,1563.2027659283697,1625.5531359589606,1679.6864160996456,1766.0458660341428
31744070,DAVIS-LACY 31C,203H,SPRABERRY (TREND AREA),43,1494.7104044837595,1563.2027659283697,1623.229020098465,1710.522793659213
31744070,DAVIS-LACY 31C,203H,SPRABERRY (TREND AREA),44,1421.5482610611373,1494.7104044837595,1561.1554354570299,1649.3839820172655
31744070,DAVIS-LACY 31C,203H,SPRABERRY (TREND AREA),45,1345.3506952287055,1421.5482610611373,1493.1538104910887,1586.4201132953674
31744070,DAVIS-LACY 31C,203H,SPRABERRY (TREND AREA),46,1267.077180810755,1345.3506952287055,1420.5364535912006,1521.8827368448328
31744070,DAVIS-LACY 31C,203H,SPRABERRY (TREND AREA),47,1186.6260122666133,1267.077180810755,1344.658712366866,1452.907073911948
31744070,DAVIS-LACY 31C,203H,SPRABERRY (TREND AREA),48,1104.0182806370028,1186.6260122666133,1266.3512961020244,1379.7525532965565
31744070,DAVIS-LACY 31C,203H,SPRABERRY (TREND AREA),49,1019.4517905284868,1104.0182806370028,1185.9071579047904,1303.2218057479956
31744070,DAVIS-LACY 31C,203H,SPRABERRY (TREND AREA),50,933.1900503970544,1019.4517905284868,1103.3653611440343,1224.0120367554503
31744070,DAVIS-LACY 31C,203H,SPRABERRY (TREND AREA),51,845.4890200474081,933.1900503970544,1018.8867071875147,1142.6190016447697
31744070,DAVIS-LACY 31C,203H,SPRABERRY (TREND AREA),52,756.5506030297818,845.4890200474081,932.7102869909831,1059.3087224478868
31744070,DAVIS-LACY 31C,203H,SPRABERRY (TREND AREA),53,666.5193882057531,756.5506030297818,845.076557824748,974.2209594843913
31744070,DAVIS-LACY 31C,203H,SPRABERRY (TREND AREA),54,575.5176595526384,666.5193882057531,756.1863370943144,887.5365221409146
31744070,DAVIS-LACY 31C,203H,SPRABERRY (TREND AREA),55,483.6586153751216,575.5176595526384,666.1958835960578,799.4530852935204
31744070,DAVIS-LACY 31C,203H,SPRABERRY (TREND AREA),56,391.04680181519575,483.6586153751216,575.231887711171,710.1542227679594
31744070,DAVIS-LACY 31C,203H,SPRABERRY (TREND AREA),57,297.77589668890664,391.04680181519575,483.40769224765194,619.7970146709831
31744070,DAVIS-LACY 31C,203H,SPRABERRY (TREND AREA),58,203.927476997839,297.77589668890664,390.827104626408,528.5114941112329
31744070,DAVIS-LACY 31C,203H,SPRABERRY (TREND AREA),59,109.5719094845565,203.927476997839,297.58339183398044,436.40763977257575
31744070,DAVIS-LACY 31C,203H,SPRABERRY (TREND AREA),60,14.770537266397925,109.5719094845565,203.75842772376737,343.58305998570967
31744070,DAVIS-LACY 31C,203H,SPRABERRY (TREND AREA),61,0.0,14.770537266397925,109.42330791626448,250.12520627133622
31744070,DAVIS-LACY 31C,203H,SPRABERRY (TREND AREA),62,0.0,0.0,41.44748225031814,169.5154370421493
31744070,DAVIS-LACY 31C,203H,SPRABERRY (TREND AREA),63,0.0,0.0,4.923512422132641,104.34097007295001
31744070,DAVIS-LACY 31C,203H,SPRABERRY (TREND AREA),64,0.0,0.0,0.0,54.71165395813224
31744070,DAVIS-LACY 31C,203H,SPRABERRY (TREND AREA),65,0.0,0.0,0.0,20.72374112515907
31744070,DAVIS-LACY 31C,203H,SPRABERRY (TREND AREA),66,0.0,0.0,0.0,2.4617562110663207
31744070,DAVIS-LACY 31C,203H,SPRABERRY (TREND AREA),67,0.0,0.0,0.0,0.0
31744070,DAVIS-LACY 31C,203H,SPRABERRY (TREND AREA),68,0.0,0.0,0.0,0.0
31744070,DAVIS-LACY 31C,203H,SPRABERRY (TREND AREA),69,0.0,0.0,0.0,0.0
31744070,DAVIS-LACY 31C,203H,SPRABERRY (TREND AREA),70,0.0,0.0,0.0,0.0
31744070,DAVIS-LACY 31C,203H,SPRABERRY (TREND AREA),71,0.0,0.0,0.0,0.0
31744070,DAVIS-LACY 31C,203H,SPRABERRY (TREND AREA),72,0.0,0.0,0.0,0.0
31744070,DAVIS-LACY 31C,203H,SPRABERRY (TREND AREA),73,0.0,0.0,0.0,0.0
31744070,DAVIS-LACY 31C,203H,SPRABERRY (TREND AREA),74,0.0,0.0,0.0,0.0
31744070,DAVIS-LACY 31C,203H,SPRABERRY (TREND AREA),75,0.0,0.0,0.0,0.0
31744070,DAVIS-LACY 31C,203H,SPRABERRY (TREND AREA),76,0.0,0.0,0.0,0.0
31744070,DAVIS-LACY 31C,203H,SPRABERRY (TREND AREA),77,0.0,0.0,0.0,0.0
31744070,DAVIS-LACY 31C,203H,SPRABERRY (TREND AREA),78,0.0,0.0,0.0,0.0
31744070,DAVIS-LACY 31C,203H,SPRABERRY (TREND AREA),79,0.0,0.0,0.0,0.0
31744070,DAVIS-LACY 31C,203H,SPRABERRY (TREND AREA),80,0.0,0.0,0.0,0.0
31744070,DAVIS-LACY 31C,203H,SPRABERRY (TREND AREA),81,0.0,0.0,0.0,0.0
31744070,DAVIS-LACY 31C,203H,SPRABERRY (TREND AREA),82,0.0,0.0,0.0,0.0
31744070,DAVIS-LACY 31C,203H,SPRABERRY (TREND AREA),83,0.0,0.0,0.0,0.0
31744070,DAVIS-LACY 31C,203H,SPRABERRY (TREND AREA),84,0.0,0.0,0.0,0.0
31744070,DAVIS-LACY 31C,203H,SPRABERRY (TREND AREA),85,0.0,0.0,0.0,0.0
31744070,DAVIS-LACY 31C,203H,SPRABERRY (TREND AREA),86,0.0,0.0,0.0,0.0
31744070,DAVIS-LACY 31C,203H,SPRABERRY (TREND AREA),87,0.0,0.0,0.0,0.0
31744070,DAVIS-LACY 31C,203H,SPRABERRY (TREND AREA),88,0.0,0.0,0.0,0.0
31744070,DAVIS-LACY 31C,203H,SPRABERRY (TREND AREA),89,0.0,0.0,0.0,0.0
31744070,DAVIS-LACY 31C,203H,SPRABERRY (TREND AREA),90,0.0,0.0,0.0,0.0
31744070,DAVIS-LACY 31C,203H,SPRABERRY (TREND AREA),91,0.0,0.0,0.0,0.0
31744070,DAVIS-LACY 31C,203H,SPRABERRY (TREND AREA),92,0.0,0.0,0.0,0.0
31744070,DAVIS-LACY 31C,203H,SPRABERRY (TREND AREA),93,0.0,0.0,0.0,0.0
31744070,DAVIS-LACY 31C,203H,SPRABERRY (TREND AREA),94,0.0,0.0,0.0,0.0
31744070,DAVIS-LACY 31C,203H,SPRABERRY (TREND AREA),95,0.0,0.0,0.0,0.0
31744070,DAVIS-LACY 31C,203H,SPRABERRY (TREND AREA),96,0.0,0.0,0.0,0.0
31744070,DAVIS-LACY 31C,203H,SPRABERRY (TREND AREA),97,0.0,0.0,0.0,0.0
31744070,DAVIS-LACY 31C,203H,SPRABERRY (TREND AREA),98,0.0,0.0,0.0,0.0
31744070,DAVIS-LACY 31C,203H,SPRABERRY (TREND AREA),99,0.0,0.0,0.0,0.0
31744070,DAVIS-LACY 31C,203H,SPRABERRY (TREND AREA),100,0.0,0.0,0.0,0.0
31744070,DAVIS-LACY 31C,203H,SPRABERRY (TREND AREA),101,0.0,0.0,0.0,0.0
31744070,DAVIS-LACY 31C,203H,SPRABERRY (TREND AREA),102,0.0,0.0,0.0,0.0
31744070,DAVIS-LACY 31C,203H,SPRABERRY (TREND AREA),103,0.0,0.0,0.0,0.0
31744070,DAVIS-LACY 31C,203H,SPRABERRY (TREND AREA),104,0.0,0.0,0.0,0.0
31744070,DAVIS-LACY 31C,203H,SPRABERRY (TREND AREA),105,0.0,0.0,0.0,0.0
31744070,DAVIS-LACY 31C,203H,SPRABERRY (TREND AREA),106,0.0,0.0,0.0,0.0
31744070,DAVIS-LACY 31C,203H,SPRABERRY (TREND AREA),107,0.0,0.0,0.0,0.0
31744070,DAVIS-LACY 31C,203H,SPRABERRY (TREND AREA),108,0.0,0.0,0.0,0.0
31744070,DAVIS-LACY 31C,203H,SPRABERRY (TREND AREA),109,0.0,0.0,0.0,0.0
31744070,DAVIS-LACY 31C,203H,SPRABERRY (TREND AREA),110,0.0,0.0,0.0,0.0
31744070,DAVIS-LACY 31C,203H,SPRABERRY (TREND AREA),111,0.0,0.0,0.0,0.0
31744070,DAVIS-LACY 31C,203H,SPRABERRY (TREND AREA),112,0.0,0.0,0.0,0.0
31744070,DAVIS-LACY 31C,203H,SPRABERRY (TREND AREA),113,0.0,0.0,0.0,0.0
31744070,DAVIS-LACY 31C,203H,SPRABERRY (TREND AREA),114,0.0,0.0,0.0,0.0
31744070,DAVIS-LACY 31C,203H,SPRABERRY (TREND AREA),115,0.0,0.0,0.0,0.0
31744070,DAVIS-LACY 31C,203H,SPRABERRY (TREND AREA),116,0.0,0.0,0.0,0.0
31744070,DAVIS-LACY 31C,203H,SPRABERRY (TREND AREA),117,0.0,0.0,0.0,0.0
31744070,DAVIS-LACY 31C,203H,SPRABERRY (TREND AREA),118,0.0,0.0,0.0,0.0
31744070,DAVIS-LACY 31C,203H,SPRABERRY (TREND AREA),119,0.0,0.0,0.0,0.0
31744070,DAVIS-LACY 31C,203H,SPRABERRY (TREND AREA),120,0.0,0.0,0.0,0.0
31744071,DAVIS-LACY 31B,202H,SPRABERRY (TREND AREA),34,1879.2932167185813,1768.0,966.0,1959.6666666666667
31744071,DAVIS-LACY 31B,202H,SPRABERRY (TREND AREA),35,1865.5231638907449,1879.2932167185813,1592.4310722395269,1670.5488694530968
31744071,DAVIS-LACY 31B,202H,SPRABERRY (TREND AREA),36,1793.8013012106244,1865.5231638907449,1837.6054602031088,1456.9693967682208
31744071,DAVIS-LACY 31B,202H,SPRABERRY (TREND AREA),37,1722.6870068368858,1793.8013012106244,1846.2058939399838,1406.1029469699915
31744071,DAVIS-LACY 31B,202H,SPRABERRY (TREND AREA),38,1726.6054449024018,1722.6870068368858,1794.0038239794183,1693.2174481094726
31744071,DAVIS-LACY 31B,202H,SPRABERRY (TREND AREA),39,1728.660573090613,1726.6054449024018,1747.6979176499706,1792.6516889265397
31744071,DAVIS-LACY 31B,202H,SPRABERRY (TREND AREA),40,1706.4040485034752,1728.660573090613,1725.9843416099668,1786.095117774975
31744071,DAVIS-LACY 31B,202H,SPRABERRY (TREND AREA),41,1666.4572508719602,1706.4040485034752,1720.5566888321634,1757.2802564057904
31744071,DAVIS-LACY 31B,202H,SPRABERRY (TREND AREA),42,1615.74780957122,1666.4572508719602,1700.507290822016,1724.1026042359936
31744071,DAVIS-LACY 31B,202H,SPRABERRY (TREND AREA),43,1559.693578843683,1615.74780957122,1662.8697029822185,1694.427022296093
31744071,DAVIS-LACY 31B,202H,SPRABERRY (TREND AREA),44,1501.1057463136385,1559.693578843683,1613.966213095621,1667.2614509638922
31744071,DAVIS-LACY 31B,202H,SPRABERRY (TREND AREA),45,1438.689617470381,1501.1057463136385,1558.849044909514,1629.678167865765
31744071,DAVIS-LACY 31B,202H,SPRABERRY (TREND AREA),46,1371.7259596775293,1438.689617470381,1499.8296475425675,1581.349675262393
31744071,DAVIS-LACY 31B,202H,SPRABERRY (TREND AREA),47,1300.5753771292893,1371.7259596775293,1437.1737744871832,1525.569993791402
31744071,DAVIS-LACY 31B,202H,SPRABERRY (TREND AREA),48,1225.9254959341897,1300.5753771292893,1370.3303180924001,1464.589681500957
31744071,DAVIS-LACY 31B,202H,SPRABERRY (TREND AREA),49,1148.4191179250793,1225.9254959341897,1299.4089442470029,1399.619295894785
31744071,DAVIS-LACY 31B,202H,SPRABERRY (TREND AREA),50,1068.505577984231,1148.4191179250793,1224.9733303295195,1331.0735524083514
31744071,DAVIS-LACY 31B,202H,SPRABERRY (TREND AREA),51,986.4426881724622,1068.505577984231,1147.6167306145,1258.9735243534499
31744071,DAVIS-LACY 31B,202H,SPRABERRY (TREND AREA),52,902.4408308073763,986.4426881724622,1067.7891280272574,1183.59903613713
31744071,DAVIS-LACY 31B,202H,SPRABERRY (TREND AREA),53,816.7168065564498,902.4408308073763,985.7963656546898,1105.3848479921046
31744071,DAVIS-LACY 31B,202H,SPRABERRY (TREND AREA),54,729.4838562880578,816.7168065564498,901.8667751787629,1024.7417528966314
31744071,DAVIS-LACY 31B,202H,SPRABERRY (TREND AREA),55,640.9352327753019,729.4838562880578,816.2138312172947,942.0014796222762
31744071,DAVIS-LACY 31B,202H,SPRABERRY (TREND AREA),56,551.2365193919055,640.9352327753019,729.0452985399365,857.4208320973131
31744071,DAVIS-LACY 31B,202H,SPRABERRY (TREND AREA),57,460.5274897632849,551.2365193919055,640.5518694850884,771.2093223319256
31744071,DAVIS-LACY 31B,202H,SPRABERRY (TREND AREA),58,368.9291580970967,460.5274897632849,550.8997473101641,683.5567892637295
31744071,DAVIS-LACY 31B,202H,SPRABERRY (TREND AREA),59,276.5486391805658,368.9291580970967,460.2310557507624,594.6381771453495
31744071,DAVIS-LACY 31B,202H,SPRABERRY (TREND AREA),60,183.48108649707143,276.5486391805658,368.66842901364913,504.61014924936876
31744071,DAVIS-LACY 31B,202H,SPRABERRY (TREND AREA),61,89.81051183332654,183.48108649707143,276.31962792491134,413.6096876175377
31744071,DAVIS-LACY 31B,202H,SPRABERRY (TREND AREA),62,0.0,89.81051183332654,183.28007917032127,321.7555674605418
31744071,DAVIS-LACY 31B,202H,SPRABERRY (TREND AREA),63,0.0,0.0,91.09719944346598,229.88281422855755
31744071,DAVIS-LACY 31B,202H,SPRABERRY (TREND AREA),64,0.0,0.0,29.936837277775513,153.12823260134343
31744071,DAVIS-LACY 31B,202H,SPRABERRY (TREND AREA),65,0.0,0.0,0.0,91.64003958516064
31744071,DAVIS-LACY 31B,202H,SPRABERRY (TREND AREA),66,0.0,0.0,0.0,45.54859972173299
31744071,DAVIS-LACY 31B,202H,SPRABERRY (TREND AREA),67,0.0,0.0,0.0,14.968418638887757
31744071,DAVIS-LACY 31B,202H,SPRABERRY (TREND AREA),68,0.0,0.0,0.0,0.0
31744071,DAVIS-LACY 31B,202H,SPRABERRY (TREND AREA),69,0.0,0.0,0.0,0.0
31744071,DAVIS-LACY 31B,202H,SPRABERRY (TREND AREA),70,0.0,0.0,0.0,0.0
31744071,DAVIS-LACY 31B,202H,SPRABERRY (TREND AREA),71,0.0,0.0,0.0,0.0
31744071,DAVIS-LACY 31B,202H,SPRABERRY (TREND AREA),72,0.0,0.0,0.0,0.0
31744071,DAVIS-LACY 31B,202H,SPRABERRY (TREND AREA),73,0.0,0.0,0.0,0.0
31744071,DAVIS-LACY 31B,202H,SPRABERRY (TREND AREA),74,0.0,0.0,0.0,0.0
31744071,DAVIS-LACY 31B,202H,SPRABERRY (TREND AREA),75,0.0,0.0,0.0,0.0
31744071,DAVIS-LACY 31B,202H,SPRABERRY (TREND AREA),76,0.0,0.0,0.0,0.0
31744071,DAVIS-LACY 31B,202H,SPRABERRY (TREND AREA),77,0.0,0.0,0.0,0.0
31744071,DAVIS-LACY 31B,202H,SPRABERRY (TREND AREA),78,0.0,0.0,0.0,0.0
31744071,DAVIS-LACY 31B,202H,SPRABERRY (TREND AREA),79,0.0,0.0,0.0,0.0
31744071,DAVIS-LACY 31B,202H,SPRABERRY (TREND AREA),80,0.0,0.0,0.0,0.0
31744071,DAVIS-LACY 31B,202H,SPRABERRY (TREND AREA),81,0.0,0.0,0.0,0.0
31744071,DAVIS-LACY 31B,202H,SPRABERRY (TREND AREA),82,0.0,0.0,0.0,0.0
31744071,DAVIS-LACY 31B,202H,SPRABERRY (TREND AREA),83,0.0,0.0,0.0,0.0
31744071,DAVIS-LACY 31B,202H,SPRABERRY (TREND AREA),84,0.0,0.0,0.0,0.0
31744071,DAVIS-LACY 31B,202H,SPRABERRY (TREND AREA),85,0.0,0.0,0.0,0.0
31744071,DAVIS-LACY 31B,202H,SPRABERRY (TREND AREA),86,0.0,0.0,0.0,0.0
31744071,DAVIS-LACY 31B,202H,SPRABERRY (TREND AREA),87,0.0,0.0,0.0,0.0
31744071,DAVIS-LACY 31B,202H,SPRABERRY (TREND AREA),88,0.0,0.0,0.0,0.0
31744071,DAVIS-LACY 31B,202H,SPRABERRY (TREND AREA),89,0.0,0.0,0.0,0.0
31744071,DAVIS-LACY 31B,202H,SPRABERRY (TREND AREA),90,0.0,0.0,0.0,0.0
31744071,DAVIS-LACY 31B,202H,SPRABERRY (TREND AREA),91,0.0,0.0,0.0,0.0
31744071,DAVIS-LACY 31B,202H,SPRABERRY (TREND AREA),92,0.0,0.0,0.0,0.0
31744071,DAVIS-LACY 31B,202H,SPRABERRY (TREND AREA),93,0.0,0.0,0.0,0.0
31744071,DAVIS-LACY 31B,202H,SPRABERRY (TREND AREA),94,0.0,0.0,0.0,0.0
31744071,DAVIS-LACY 31B,202H,SPRABERRY (TREND AREA),95,0.0,0.0,0.0,0.0
31744071,DAVIS-LACY 31B,202H,SPRABERRY (TREND AREA),96,0.0,0.0,0.0,0.0
31744071,DAVIS-LACY 31B,202H,SPRABERRY (TREND AREA),97,0.0,0.0,0.0,0.0
31744071,DAVIS-LACY 31B,202H,SPRABERRY (TREND AREA),98,0.0,0.0,0.0,0.0
31744071,DAVIS-LACY 31B,202H,SPRABERRY (TREND AREA),99,0.0,0.0,0.0,0.0
31744071,DAVIS-LACY 31B,202H,SPRABERRY (TREND AREA),100,0.0,0.0,0.0,0.0
31744071,DAVIS-LACY 31B,202H,SPRABERRY (TREND AREA),101,0.0,0.0,0.0,0.0
31744071,DAVIS-LACY 31B,202H,SPRABERRY (TREND AREA),102,0.0,0.0,0.0,0.0
31744071,DAVIS-LACY 31B,202H,SPRABERRY (TREND AREA),103,0.0,0.0,0.0,0.0
31744071,DAVIS-LACY 31B,202H,SPRABERRY (TREND AREA),104,0.0,0.0,0.0,0.0
31744071,DAVIS-LACY 31B,202H,SPRABERRY (TREND AREA),105,0.0,0.0,0.0,0.0
31744071,DAVIS-LACY 31B,202H,SPRABERRY (TREND AREA),106,0.0,0.0,0.0,0.0
31744071,DAVIS-LACY 31B,202H,SPRABERRY (TREND AREA),107,0.0,0.0,0.0,0.0
31744071,DAVIS-LACY 31B,202H,SPRABERRY (TREND AREA),108,0.0,0.0,0.0,0.0
31744071,DAVIS-LACY 31B,202H,SPRABERRY (TREND AREA),109,0.0,0.0,0.0,0.0
31744071,DAVIS-LACY 31B,202H,SPRABERRY (TREND AREA),110,0.0,0.0,0.0,0.0
31744071,DAVIS-LACY 31B,202H,SPRABERRY (TREND AREA),111,0.0,0.0,0.0,0.0
31744071,DAVIS-LACY 31B,202H,SPRABERRY (TREND AREA),112,0.0,0.0,0.0,0.0
31744071,DAVIS-LACY 31B,202H,SPRABERRY (TREND AREA),113,0.0,0.0,0.0,0.0
31744071,DAVIS-LACY 31B,202H,SPRABERRY (TREND AREA),114,0.0,0.0,0.0,0.0
31744071,DAVIS-LACY 31B,202H,SPRABERRY (TREND AREA),115,0.0,0.0,0.0,0.0
31744071,DAVIS-LACY 31B,202H,SPRABERRY (TREND AREA),116,0.0,0.0,0.0,0.0
31744071,DAVIS-LACY 31B,202H,SPRABERRY (TREND AREA),117,0.0,0.0,0.0,0.0
31744071,DAVIS-LACY 31B,202H,SPRABERRY (TREND AREA),118,0.0,0.0,0.0,0.0
31744071,DAVIS-LACY 31B,202H,SPRABERRY (TREND AREA),119,0.0,0.0,0.0,0.0
31744071,DAVIS-LACY 31B,202H,SPRABERRY (TREND AREA),120,0.0,0.0,0.0,0.0
31744072,DAVIS-LACY 31A,201H,SPRABERRY (TREND AREA),34,3461.1270563474163,3854.0,3882.3333333333335,3970.0
31744072,DAVIS-LACY 31A,201H,SPRABERRY (TREND AREA),35,3193.844125583032,3461.1270563474163,3779.7090187824724,3822.1878427245697
31744072,DAVIS-LACY 31A,201H,SPRABERRY (TREND AREA),36,2993.216863159788,3193.844125583032,3502.990393976816,3687.661863655075
31744072,DAVIS-LACY 31A,201H,SPRABERRY (TREND AREA),37,2827.204763155377,2993.216863159788,3216.062681696745,3549.19800751504
31744072,DAVIS-LACY 31A,201H,SPRABERRY (TREND AREA),38,2677.1517246818066,2827.204763155377,3004.7552506327324,3392.2321347076027
31744072,DAVIS-LACY 31A,201H,SPRABERRY (TREND AREA),39,2521.286882161926,2677.1517246818066,2832.5244503323242,3167.7574221545697
31744072,DAVIS-LACY 31A,201H,SPRABERRY (TREND AREA),40,2363.1479245185155,2521.286882161926,2675.2144566663696,2945.6385691815576
31744072,DAVIS-LACY 31A,201H,SPRABERRY (TREND AREA),41,2212.6389951355486,2363.1479245185155,2520.528843787416,2762.6420472100745
31744072,DAVIS-LACY 31A,201H,SPRABERRY (TREND AREA),42,2070.5896265238025,2212.6389951355486,2365.691267271997,2599.1078588021605
31744072,DAVIS-LACY 31A,201H,SPRABERRY (TREND AREA),43,1935.3629368119882,2070.5896265238025,2215.4588487259557,2445.3366526961627
31744072,DAVIS-LACY 31A,201H,SPRABERRY (TREND AREA),44,1805.1037600040208,1935.3629368119882,2072.86385282378,2296.6963483055983
31744072,DAVIS-LACY 31A,201H,SPRABERRY (TREND AREA),45,1678.387914188971,1805.1037600040208,1937.0187744466039,2151.3550208593006
31744072,DAVIS-LACY 31A,201H,SPRABERRY (TREND AREA),46,1554.7687646680579,1678.387914188971,1806.2848703349935,2010.8718595304745
31744072,DAVIS-LACY 31A,201H,SPRABERRY (TREND AREA),47,1434.1824052464926,1554.7687646680579,1679.4201462870167,1876.1419995553981
31744072,DAVIS-LACY 31A,201H,SPRABERRY (TREND AREA),48,1316.4089632192295,1434.1824052464926,1555.7796947011739,1746.3992345738889
31744072,DAVIS-LACY 31A,201H,SPRABERRY (TREND AREA),49,1201.1140333964263,1316.4089632192295,1435.1200443779264,1620.7024573564602
31744072,DAVIS-LACY 31A,201H,SPRABERRY (TREND AREA),50,1087.95141940836,1201.1140333964263,1317.2351339540494,1498.327640120533
31744072,DAVIS-LACY 31A,201H,SPRABERRY (TREND AREA),51,976.623182293702,1087.95141940836,1201.8248053413386,1378.8022500212564
31744072,DAVIS-LACY 31A,201H,SPRABERRY (TREND AREA),52,866.8988900334316,976.623182293702,1088.5628783661627,1261.841461372045
31744072,DAVIS-LACY 31A,201H,SPRABERRY (TREND AREA),53,758.5930993277789,866.8988900334316,977.1578305784979,1147.1964822662737
31744072,DAVIS-LACY 31A,201H,SPRABERRY (TREND AREA),54,651.5410314767805,758.5930993277789,867.3717238849708,1034.5982646131547
31744072,DAVIS-LACY 31A,201H,SPRABERRY (TREND AREA),55,545.5919660674772,651.5410314767805,759.011006945997,923.7869426560798
31744072,DAVIS-LACY 31A,201H,SPRABERRY (TREND AREA),56,440.61014854017645,545.5919660674772,651.9086989573456,814.5332647679217
31744072,DAVIS-LACY 31A,201H,SPRABERRY (TREND AREA),57,336.47607081389793,440.61014854017645,545.9143820281447,706.6430529565578
31744072,DAVIS-LACY 31A,201H,SPRABERRY (TREND AREA),58,233.08592756903687,336.47607081389793,440.89272847385047,599.9518677099237
31744072,DAVIS-LACY 31A,201H,SPRABERRY (TREND AREA),59,130.3493955796094,233.08592756903687,336.7240489743704,494.31637396585796
31744072,DAVIS-LACY 31A,201H,SPRABERRY (TREND AREA),60,28.1872533109477,130.3493955796094,233.30379798751474,389.6090900078297
31744072,DAVIS-LACY 31A,201H,SPRABERRY (TREND AREA),61,0.0,28.1872533109477,130.54085881986467,285.7167936468575
31744072,DAVIS-LACY 31A,201H,SPRABERRY (TREND AREA),62,0.0,0.0,52.8455496301857,194.78479930227806
31744072,DAVIS-LACY 31A,201H,SPRABERRY (TREND AREA),63,0.0,0.0,9.395751103649234,121.34977454558198
31744072,DAVIS-LACY 31A,201H,SPRABERRY (TREND AREA),64,0.0,0.0,0.0,65.27042940993233
31744072,DAVIS-LACY 31A,201H,SPRABERRY (TREND AREA),65,0.0,0.0,0.0,26.42277481509285
31744072,DAVIS-LACY 31A,201H,SPRABERRY (TREND AREA),66,0.0,0.0,0.0,4.697875551824617
31744072,DAVIS-LACY 31A,201H,SPRABERRY (TREND AREA),67,0.0,0.0,0.0,0.0
31744072,DAVIS-LACY 31A,201H,SPRABERRY (TREND AREA),68,0.0,0.0,0.0,0.0
31744072,DAVIS-LACY 31A,201H,SPRABERRY (TREND AREA),69,0.0,0.0,0.0,0.0
31744072,DAVIS-LACY 31A,201H,SPRABERRY (TREND AREA),70,0.0,0.0,0.0,0.0
31744072,DAVIS-LACY 31A,201H,SPRABERRY (TREND AREA),71,0.0,0.0,0.0,0.0
31744072,DAVIS-LACY 31A,201H,SPRABERRY (TREND AREA),72,0.0,0.0,0.0,0.0
31744072,DAVIS-LACY 31A,201H,SPRABERRY (TREND AREA),73,0.0,0.0,0.0,0.0
31744072,DAVIS-LACY 31A,201H,SPRABERRY (TREND AREA),74,0.0,0.0,0.0,0.0
31744072,DAVIS-LACY 31A,201H,SPRABERRY (TREND AREA),75,0.0,0.0,0.0,0.0
31744072,DAVIS-LACY 31A,201H,SPRABERRY (TREND AREA),76,0.0,0.0,0.0,0.0
31744072,DAVIS-LACY 31A,201H,SPRABERRY (TREND AREA),77,0.0,0.0,0.0,0.0
31744072,DAVIS-LACY 31A,201H,SPRABERRY (TREND AREA),78,0.0,0.0,0.0,0.0
31744072,DAVIS-LACY 31A,201H,SPRABERRY (TREND AREA),79,0.0,0.0,0.0,0.0
31744072,DAVIS-LACY 31A,201H,SPRABERRY (TREND AREA),80,0.0,0.0,0.0,0.0
31744072,DAVIS-LACY 31A,201H,SPRABERRY (TREND AREA),81,0.0,0.0,0.0,0.0
31744072,DAVIS-LACY 31A,201H,SPRABERRY (TREND AREA),82,0.0,0.0,0.0,0.0
31744072,DAVIS-LACY 31A,201H,SPRABERRY (TREND AREA),83,0.0,0.0,0.0,0.0
31744072,DAVIS-LACY 31A,201H,SPRABERRY (TREND AREA),84,0.0,0.0,0.0,0.0
31744072,DAVIS-LACY 31A,201H,SPRABERRY (TREND AREA),85,0.0,0.0,0.0,0.0
31744072,DAVIS-LACY 31A,201H,SPRABERRY (TREND AREA),86,0.0,0.0,0.0,0.0
31744072,DAVIS-LACY 31A,201H,SPRABERRY (TREND AREA),87,0.0,0.0,0.0,0.0
31744072,DAVIS-LACY 31A,201H,SPRABERRY (TREND AREA),88,0.0,0.0,0.0,0.0
31744072,DAVIS-LACY 31A,201H,SPRABERRY (TREND AREA),89,0.0,0.0,0.0,0.0
31744072,DAVIS-LACY 31A,201H,SPRABERRY (TREND AREA),90,0.0,0.0,0.0,0.0
31744072,DAVIS-LACY 31A,201H,SPRABERRY (TREND AREA),91,0.0,0.0,0.0,0.0
31744072,DAVIS-LACY 31A,201H,SPRABERRY (TREND AREA),92,0.0,0.0,0.0,0.0
31744072,DAVIS-LACY 31A,201H,SPRABERRY (TREND AREA),93,0.0,0.0,0.0,0.0
31744072,DAVIS-LACY 31A,201H,SPRABERRY (TREND AREA),94,0.0,0.0,0.0,0.0
31744072,DAVIS-LACY 31A,201H,SPRABERRY (TREND AREA),95,0.0,0.0,0.0,0.0
31744072,DAVIS-LACY 31A,201H,SPRABERRY (TREND AREA),96,0.0,0.0,0.0,0.0
31744072,DAVIS-LACY 31A,201H,SPRABERRY (TREND AREA),97,0.0,0.0,0.0,0.0
31744072,DAVIS-LACY 31A,201H,SPRABERRY (TREND AREA),98,0.0,0.0,0.0,0.0
31744072,DAVIS-LACY 31A,201H,SPRABERRY (TREND AREA),99,0.0,0.0,0.0,0.0
31744072,DAVIS-LACY 31A,201H,SPRABERRY (TREND AREA),100,0.0,0.0,0.0,0.0
31744072,DAVIS-LACY 31A,201H,SPRABERRY (TREND AREA),101,0.0,0.0,0.0,0.0
31744072,DAVIS-LACY 31A,201H,SPRABERRY (TREND AREA),102,0.0,0.0,0.0,0.0
31744072,DAVIS-LACY 31A,201H,SPRABERRY (TREND AREA),103,0.0,0.0,0.0,0.0
31744072,DAVIS-LACY 31A,201H,SPRABERRY (TREND AREA),104,0.0,0.0,0.0,0.0
31744072,DAVIS-LACY 31A,201H,SPRABERRY (TREND AREA),105,0.0,0.0,0.0,0.0
31744072,DAVIS-LACY 31A,201H,SPRABERRY (TREND AREA),106,0.0,0.0,0.0,0.0
31744072,DAVIS-LACY 31A,201H,SPRABERRY (TREND AREA),107,0.0,0.0,0.0,0.0
31744072,DAVIS-LACY 31A,201H,SPRABERRY (TREND AREA),108,0.0,0.0,0.0,0.0
31744072,DAVIS-LACY 31A,201H,SPRABERRY (TREND AREA),109,0.0,0.0,0.0,0.0
31744072,DAVIS-LACY 31A,201H,SPRABERRY (TREND AREA),110,0.0,0.0,0.0,0.0
31744072,DAVIS-LACY 31A,201H,SPRABERRY (TREND AREA),111,0.0,0.0,0.0,0.0
31744072,DAVIS-LACY 31A,201H,SPRABERRY (TREND AREA),112,0.0,0.0,0.0,0.0
31744072,DAVIS-LACY 31A,201H,SPRABERRY (TREND AREA),113,0.0,0.0,0.0,0.0
31744072,DAVIS-LACY 31A,201H,SPRABERRY (TREND AREA),114,0.0,0.0,0.0,0.0
31744072,DAVIS-LACY 31A,201H,SPRABERRY (TREND AREA),115,0.0,0.0,0.0,0.0
31744072,DAVIS-LACY 31A,201H,SPRABERRY (TREND AREA),116,0.0,0.0,0.0,0.0
31744072,DAVIS-LACY 31A,201H,SPRABERRY (TREND AREA),117,0.0,0.0,0.0,0.0
31744072,DAVIS-LACY 31A,201H,SPRABERRY (TREND AREA),118,0.0,0.0,0.0,0.0
31744072,DAVIS-LACY 31A,201H,SPRABERRY (TREND AREA),119,0.0,0.0,0.0,0.0
31744072,DAVIS-LACY 31A,201H,SPRABERRY (TREND AREA),120,0.0,0.0,0.0,0.0
31744407,DAVIS-LACY 31L,212H,SPRABERRY (TREND AREA),34,4291.51968847267,5445.0,4560.0,3809.3333333333335
31744407,DAVIS-LACY 31L,212H,SPRABERRY (TREND AREA),35,3703.0557394376146,4291.51968847267,4713.506562824224,4021.919948078778
31744407,DAVIS-LACY 31L,212H,SPRABERRY (TREND AREA),36,3332.3369428587303,3703.0557394376146,4479.858475970094,3892.2625713183807
31744407,DAVIS-LACY 31L,212H,SPRABERRY (TREND AREA),37,3159.582534441013,3332.3369428587303,3775.637456923005,4167.818728461502
31744407,DAVIS-LACY 31L,212H,SPRABERRY (TREND AREA),38,3012.5955470429753,3159.582534441013,3398.3250722457865,4055.9158175350044
31744407,DAVIS-LACY 31L,212H,SPRABERRY (TREND AREA),39,2855.5001475583676,3012.5955470429753,3168.1716747809064,3824.0150753755006
31744407,DAVIS-LACY 31L,212H,SPRABERRY (TREND AREA),40,2649.584605119002,2855.5001475583676,3009.226076347452,3392.4317666352285
31744407,DAVIS-LACY 31L,212H,SPRABERRY (TREND AREA),41,2452.781433908688,2649.584605119002,2839.2267665734485,3118.7759194096175
31744407,DAVIS-LACY 31L,212H,SPRABERRY (TREND AREA),42,2275.188149352416,2452.781433908688,2652.6220621953526,2910.3968684881293
31744407,DAVIS-LACY 31L,212H,SPRABERRY (TREND AREA),43,2114.980141081377,2275.188149352416,2459.184729460035,2734.205402903744
31744407,DAVIS-LACY 31L,212H,SPRABERRY (TREND AREA),44,1964.8734952633986,2114.980141081377,2280.9832414474936,2560.105004010471
31744407,DAVIS-LACY 31L,212H,SPRABERRY (TREND AREA),45,1820.3856143840476,1964.8734952633986,2118.347261899064,2385.484662047208
31744407,DAVIS-LACY 31L,212H,SPRABERRY (TREND AREA),46,1679.609844684005,1820.3856143840476,1966.7464169096077,2212.9655731848216
31744407,DAVIS-LACY 31L,212H,SPRABERRY (TREND AREA),47,1543.397930654578,1679.609844684005,1821.6229847771504,2051.303113112322
31744407,DAVIS-LACY 31L,212H,SPRABERRY (TREND AREA),48,1411.9974448456492,1543.397930654578,1681.1311299075435,1899.7391959033037
31744407,DAVIS-LACY 31L,212H,SPRABERRY (TREND AREA),49,1284.996024007523,1411.9974448456492,1545.0017400614106,1755.874078485509
31744407,DAVIS-LACY 31L,212H,SPRABERRY (TREND AREA),50,1161.6909882856776,1284.996024007523,1413.4637998359167,1617.5433923065336
31744407,DAVIS-LACY 31L,212H,SPRABERRY (TREND AREA),51,1041.4598964849492,1161.6909882856776,1286.2281523796166,1483.67964114358
31744407,DAVIS-LACY 31L,212H,SPRABERRY (TREND AREA),52,923.8618828641484,1041.4598964849492,1162.7156362593832,1353.8586881603972
31744407,DAVIS-LACY 31L,212H,SPRABERRY (TREND AREA),53,808.6080811756183,923.8618828641484,1042.3375892115916,1227.900694523754
31744407,DAVIS-LACY 31L,212H,SPRABERRY (TREND AREA),54,695.4511993241181,808.6080811756183,924.6432868415719,1105.435719610594
31744407,DAVIS-LACY 31L,212H,SPRABERRY (TREND AREA),55,584.1502798915008,695.4511993241181,809.3070544546282,986.0113453570057
31744407,DAVIS-LACY 31L,212H,SPRABERRY (TREND AREA),56,474.4755660326783,584.1502798915008,696.0698534637457,869.2037213376688
31744407,DAVIS-LACY 31L,212H,SPRABERRY (TREND AREA),57,366.22142870141994,474.4755660326783,584.692348416099,754.6678176288356
31744407,DAVIS-LACY 31L,212H,SPRABERRY (TREND AREA),58,259.21106977171945,366.22142870141994,474.94909154186627,642.1280729982473
31744407,DAVIS-LACY 31L,212H,SPRABERRY (TREND AREA),59,153.29347543586124,259.21106977171945,366.63602150193924,531.3529374828424
31744407,DAVIS-LACY 31L,212H,SPRABERRY (TREND AREA),60,48.337156532134536,153.29347543586124,259.57532463633356,422.13383652621627
31744407,DAVIS-LACY 31L,212H,SPRABERRY (TREND AREA),61,0.0,48.337156532134536,153.61390057990508,314.2814960608857
31744407,DAVIS-LACY 31L,212H,SPRABERRY (TREND AREA),62,0.0,0.0,67.2102106559986,216.9231160789689
31744407,DAVIS-LACY 31L,212H,SPRABERRY (TREND AREA),63,0.0,0.0,16.112385510711512,137.84385507352252
31744407,DAVIS-LACY 31L,212H,SPRABERRY (TREND AREA),64,0.0,0.0,0.0,76.80695028995254
31744407,DAVIS-LACY 31L,212H,SPRABERRY (TREND AREA),65,0.0,0.0,0.0,33.6051053279993
31744407,DAVIS-LACY 31L,212H,SPRABERRY (TREND AREA),66,0.0,0.0,0.0,8.056192755355756
31744407,DAVIS-LACY 31L,212H,SPRABERRY (TREND AREA),67,0.0,0.0,0.0,0.0
31744407,DAVIS-LACY 31L,212H,SPRABERRY (TREND AREA),68,0.0,0.0,0.0,0.0
31744407,DAVIS-LACY 31L,212H,SPRABERRY (TREND AREA),69,0.0,0.0,0.0,0.0
31744407,DAVIS-LACY 31L,212H,SPRABERRY (TREND AREA),70,0.0,0.0,0.0,0.0
31744407,DAVIS-LACY 31L,212H,SPRABERRY (TREND AREA),71,0.0,0.0,0.0,0.0
31744407,DAVIS-LACY 31L,212H,SPRABERRY (TREND AREA),72,0.0,0.0,0.0,0.0
31744407,DAVIS-LACY 31L,212H,SPRABERRY (TREND AREA),73,0.0,0.0,0.0,0.0
31744407,DAVIS-LACY 31L,212H,SPRABERRY (TREND AREA),74,0.0,0.0,0.0,0.0
31744407,DAVIS-LACY 31L,212H,SPRABERRY (TREND AREA),75,0.0,0.0,0.0,0.0
31744407,DAVIS-LACY 31L,212H,SPRABERRY (TREND AREA),76,0.0,0.0,0.0,0.0
31744407,DAVIS-LACY 31L,212H,SPRABERRY (TREND AREA),77,0.0,0.0,0.0,0.0
31744407,DAVIS-LACY 31L,212H,SPRABERRY (TREND AREA),78,0.0,0.0,0.0,0.0
31744407,DAVIS-LACY 31L,212H,SPRABERRY (TREND AREA),79,0.0,0.0,0.0,0.0
31744407,DAVIS-LACY 31L,212H,SPRABERRY (TREND AREA),80,0.0,0.0,0.0,0.0
31744407,DAVIS-LACY 31L,212H,SPRABERRY (TREND AREA),81,0.0,0.0,0.0,0.0
31744407,DAVIS-LACY 31L,212H,SPRABERRY (TREND AREA),82,0.0,0.0,0.0,0.0
31744407,DAVIS-LACY 31L,212H,SPRABERRY (TREND AREA),83,0.0,0.0,0.0,0.0
31744407,DAVIS-LACY 31L,212H,SPRABERRY (TREND AREA),84,0.0,0.0,0.0,0.0
31744407,DAVIS-LACY 31L,212H,SPRABERRY (TREND AREA),85,0.0,0.0,0.0,0.0
31744407,DAVIS-LACY 31L,212H,SPRABERRY (TREND AREA),86,0.0,0.0,0.0,0.0
31744407,DAVIS-LACY 31L,212H,SPRABERRY (TREND AREA),87,0.0,0.0,0.0,0.0
31744407,DAVIS-LACY 31L,212H,SPRABERRY (TREND AREA),88,0.0,0.0,0.0,0.0
31744407,DAVIS-LACY 31L,212H,SPRABERRY (TREND AREA),89,0.0,0.0,0.0,0.0
31744407,DAVIS-LACY 31L,212H,SPRABERRY (TREND AREA),90,0.0,0.0,0.0,0.0
31744407,DAVIS-LACY 31L,212H,SPRABERRY (TREND AREA),91,0.0,0.0,0.0,0.0
31744407,DAVIS-LACY 31L,212H,SPRABERRY (TREND AREA),92,0.0,0.0,0.0,0.0
31744407,DAVIS-LACY 31L,212H,SPRABERRY (TREND AREA),93,0.0,0.0,0.0,0.0
31744407,DAVIS-LACY 31L,212H,SPRABERRY (TREND AREA),94,0.0,0.0,0.0,0.0
31744407,DAVIS-LACY 31L,212H,SPRABERRY (TREND AREA),95,0.0,0.0,0.0,0.0
31744407,DAVIS-LACY 31L,212H,SPRABERRY (TREND AREA),96,0.0,0.0,0.0,0.0
31744407,DAVIS-LACY 31L,212H,SPRABERRY (TREND AREA),97,0.0,0.0,0.0,0.0
31744407,DAVIS-LACY 31L,212H,SPRABERRY (TREND AREA),98,0.0,0.0,0.0,0.0
31744407,DAVIS-LACY 31L,212H,SPRABERRY (TREND AREA),99,0.0,0.0,0.0,0.0
31744407,DAVIS-LACY 31L,212H,SPRABERRY (TREND AREA),100,0.0,0.0,0.0,0.0
31744407,DAVIS-LACY 31L,212H,SPRABERRY (TREND AREA),101,0.0,0.0,0.0,0.0
31744407,DAVIS-LACY 31L,212H,SPRABERRY (TREND AREA),102,0.0,0.0,0.0,0.0
31744407,DAVIS-LACY 31L,212H,SPRABERRY (TREND AREA),103,0.0,0.0,0.0,0.0
31744407,DAVIS-LACY 31L,212H,SPRABERRY (TREND AREA),104,0.0,0.0,0.0,0.0
31744407,DAVIS-LACY 31L,212H,SPRABERRY (TREND AREA),105,0.0,0.0,0.0,0.0
31744407,DAVIS-LACY 31L,212H,SPRABERRY (TREND AREA),106,0.0,0.0,0.0,0.0
31744407,DAVIS-LACY 31L,212H,SPRABERRY (TREND AREA),107,0.0,0.0,0.0,0.0
31744407,DAVIS-LACY 31L,212H,SPRABERRY (TREND AREA),108,0.0,0.0,0.0,0.0
31744407,DAVIS-LACY 31L,212H,SPRABERRY (TREND AREA),109,0.0,0.0,0.0,0.0
31744407,DAVIS-LACY 31L,212H,SPRABERRY (TREND AREA),110,0.0,0.0,0.0,0.0
31744407,DAVIS-LACY 31L,212H,SPRABERRY (TREND AREA),111,0.0,0.0,0.0,0.0
31744407,DAVIS-LACY 31L,212H,SPRABERRY (TREND AREA),112,0.0,0.0,0.0,0.0
31744407,DAVIS-LACY 31L,212H,SPRABERRY (TREND AREA),113,0.0,0.0,0.0,0.0
31744407,DAVIS-LACY 31L,212H,SPRABERRY (TREND AREA),114,0.0,0.0,0.0,0.0
31744407,DAVIS-LACY 31L,212H,SPRABERRY (TREND AREA),115,0.0,0.0,0.0,0.0
31744407,DAVIS-LACY 31L,212H,SPRABERRY (TREND AREA),116,0.0,0.0,0.0,0.0
31744407,DAVIS-LACY 31L,212H,SPRABERRY (TREND AREA),117,0.0,0.0,0.0,0.0
31744407,DAVIS-LACY 31L,212H,SPRABERRY (TREND AREA),118,0.0,0.0,0.0,0.0
31744407,DAVIS-LACY 31L,212H,SPRABERRY (TREND AREA),119,0.0,0.0,0.0,0.0
31744407,DAVIS-LACY 31L,212H,SPRABERRY (TREND AREA),120,0.0,0.0,0.0,0.0
31744782,FORTUNE-ASHLEY 31M,213H,SPRABERRY (TREND AREA),34,3512.1760472776245,4008.0,3836.6666666666665,3795.6666666666665
31744782,FORTUNE-ASHLEY 31M,213H,SPRABERRY (TREND AREA),35,3196.851072448839,3512.1760472776245,3762.7253490925414,3676.862674546271
31744782,FORTUNE-ASHLEY 31M,213H,SPRABERRY (TREND AREA),36,3020.531595401559,3196.851072448839,3572.3423732421543,3757.004519954411
31744782,FORTUNE-ASHLEY 31M,213H,SPRABERRY (TREND AREA),37,2848.9943667562106,3020.531595401559,3243.1862383760076,3539.926452521337
31744782,FORTUNE-ASHLEY 31M,213H,SPRABERRY (TREND AREA),38,2697.905874563879,2848.9943667562106,3022.125678202203,3392.4255136473726
31744782,FORTUNE-ASHLEY 31M,213H,SPRABERRY (TREND AREA),39,2551.9773351371373,2697.905874563879,2855.8106122405497,3214.0764927413516
31744782,FORTUNE-ASHLEY 31M,213H,SPRABERRY (TREND AREA),40,2394.5658321448323,2551.9773351371373,2699.625858819076,2971.406048597542
31744782,FORTUNE-ASHLEY 31M,213H,SPRABERRY (TREND AREA),41,2243.7779277807463,2394.5658321448323,2548.1496806152827,2785.1376794087428
31744782,FORTUNE-ASHLEY 31M,213H,SPRABERRY (TREND AREA),42,2102.7049631470986,2243.7779277807463,2396.7736983542386,2626.292155297394
31744782,FORTUNE-ASHLEY 31M,213H,SPRABERRY (TREND AREA),43,1968.191126959787,2102.7049631470986,2247.016241024226,2473.3210499216507
31744782,FORTUNE-ASHLEY 31M,213H,SPRABERRY (TREND AREA),44,1838.7371932999215,1968.191126959787,2104.891339295877,2326.52050995558
31744782,FORTUNE-ASHLEY 31M,213H,SPRABERRY (TREND AREA),45,1712.9525619230137,1838.7371932999215,1969.8777611356024,2183.3257297449204
31744782,FORTUNE-ASHLEY 31M,213H,SPRABERRY (TREND AREA),46,1589.9944465210008,1712.9525619230137,1839.9602940609075,2043.4882675425667
31744782,FORTUNE-ASHLEY 31M,213H,SPRABERRY (TREND AREA),47,1469.9215175833472,1589.9944465210008,1713.8947339146453,1909.3930366052612
31744782,FORTUNE-ASHLEY 31M,213H,SPRABERRY (TREND AREA),48,1352.6100875516183,1469.9215175833472,1590.956175342454,1780.4169682390282
31744782,FORTUNE-ASHLEY 31M,213H,SPRABERRY (TREND AREA),49,1237.7270989718525,1352.6100875516183,1470.8420172186554,1655.4011556397816
31744782,FORTUNE-ASHLEY 31M,213H,SPRABERRY (TREND AREA),50,1124.9366003613284,1237.7270989718525,1353.419568035606,1533.6571509751257
31744782,FORTUNE-ASHLEY 31M,213H,SPRABERRY (TREND AREA),51,1013.9419353137557,1124.9366003613284,1238.4245956282664,1414.6903854853601
31744782,FORTUNE-ASHLEY 31M,213H,SPRABERRY (TREND AREA),52,904.5072849392984,1013.9419353137557,1125.5352115489789,1298.1886143838171
31744782,FORTUNE-ASHLEY 31M,213H,SPRABERRY (TREND AREA),53,796.452838387863,904.5072849392984,1014.4619402047941,1183.9407541202002
31744782,FORTUNE-ASHLEY 31M,213H,SPRABERRY (TREND AREA),54,689.6209402332636,796.452838387863,904.9673528803056,1071.695974254286
31744782,FORTUNE-ASHLEY 31M,213H,SPRABERRY (TREND AREA),55,583.8654960109372,689.6209402332636,796.8603545201416,961.1977830345603
31744782,FORTUNE-ASHLEY 31M,213H,SPRABERRY (TREND AREA),56,479.0542312938994,583.8654960109372,689.9797582106879,852.220849207741
31744782,FORTUNE-ASHLEY 31M,213H,SPRABERRY (TREND AREA),57,375.070235889699,479.0542312938994,584.1802225127001,744.5737876965028
31744782,FORTUNE-ASHLEY 31M,213H,SPRABERRY (TREND AREA),58,271.8118476013517,375.070235889699,479.3299877315119,638.0951711258267
31744782,FORTUNE-ASHLEY 31M,213H,SPRABERRY (TREND AREA),59,169.19090756667833,271.8118476013517,375.3121049283167,532.6459315695023
31744782,FORTUNE-ASHLEY 31M,213H,SPRABERRY (TREND AREA),60,67.1302309525588,169.19090756667833,272.0243303525763,428.10227643263823
31744782,FORTUNE-ASHLEY 31M,213H,SPRABERRY (TREND AREA),61,0.0,67.1302309525588,169.37766204019627,324.35382488585407
31744782,FORTUNE-ASHLEY 31M,213H,SPRABERRY (TREND AREA),62,0.0,0.0,78.77371283974571,227.04290888403122
31744782,FORTUNE-ASHLEY 31M,213H,SPRABERRY (TREND AREA),63,0.0,0.0,22.376743650852934,147.20053700171465
31744782,FORTUNE-ASHLEY 31M,213H,SPRABERRY (TREND AREA),64,0.0,0.0,0.0,84.68883102009814
31744782,FORTUNE-ASHLEY 31M,213H,SPRABERRY (TREND AREA),65,0.0,0.0,0.0,39.386856419872856
31744782,FORTUNE-ASHLEY 31M,213H,SPRABERRY (TREND AREA),66,0.0,0.0,0.0,11.188371825426467
31744782,FORTUNE-ASHLEY 31M,213H,SPRABERRY (TREND AREA),67,0.0,0.0,0.0,0.0
31744782,FORTUNE-ASHLEY 31M,213H,SPRABERRY (TREND AREA),68,0.0,0.0,0.0,0.0
31744782,FORTUNE-ASHLEY 31M,213H,SPRABERRY (TREND AREA),69,0.0,0.0,0.0,0.0
31744782,FORTUNE-ASHLEY 31M,213H,SPRABERRY (TREND AREA),70,0.0,0.0,0.0,0.0
31744782,FORTUNE-ASHLEY 31M,213H,SPRABERRY (TREND AREA),71,0.0,0.0,0.0,0.0
31744782,FORTUNE-ASHLEY 31M,213H,SPRABERRY (TREND AREA),72,0.0,0.0,0.0,0.0
31744782,FORTUNE-ASHLEY 31M,213H,SPRABERRY (TREND AREA),73,0.0,0.0,0.0,0.0
31744782,FORTUNE-ASHLEY 31M,213H,SPRABERRY (TREND AREA),74,0.0,0.0,0.0,0.0
31744782,FORTUNE-ASHLEY 31M,213H,SPRABERRY (TREND AREA),75,0.0,0.0,0.0,0.0
31744782,FORTUNE-ASHLEY 31M,213H,SPRABERRY (TREND AREA),76,0.0,0.0,0.0,0.0
31744782,FORTUNE-ASHLEY 31M,213H,SPRABERRY (TREND AREA),77,0.0,0.0,0.0,0.0
31744782,FORTUNE-ASHLEY 31M,213H,SPRABERRY (TREND AREA),78,0.0,0.0,0.0,0.0
31744782,FORTUNE-ASHLEY 31M,213H,SPRABERRY (TREND AREA),79,0.0,0.0,0.0,0.0
31744782,FORTUNE-ASHLEY 31M,213H,SPRABERRY (TREND AREA),80,0.0,0.0,0.0,0.0
31744782,FORTUNE-ASHLEY 31M,213H,SPRABERRY (TREND AREA),81,0.0,0.0,0.0,0.0
31744782,FORTUNE-ASHLEY 31M,213H,SPRABERRY (TREND AREA),82,0.0,0.0,0.0,0.0
31744782,FORTUNE-ASHLEY 31M,213H,SPRABERRY (TREND AREA),83,0.0,0.0,0.0,0.0
31744782,FORTUNE-ASHLEY 31M,213H,SPRABERRY (TREND AREA),84,0.0,0.0,0.0,0.0
31744782,FORTUNE-ASHLEY 31M,213H,SPRABERRY (TREND AREA),85,0.0,0.0,0.0,0.0
31744782,FORTUNE-ASHLEY 31M,213H,SPRABERRY (TREND AREA),86,0.0,0.0,0.0,0.0
31744782,FORTUNE-ASHLEY 31M,213H,SPRABERRY (TREND AREA),87,0.0,0.0,0.0,0.0
31744782,FORTUNE-ASHLEY 31M,213H,SPRABERRY (TREND AREA),88,0.0,0.0,0.0,0.0
31744782,FORTUNE-ASHLEY 31M,213H,SPRABERRY (TREND AREA),89,0.0,0.0,0.0,0.0
31744782,FORTUNE-ASHLEY 31M,213H,SPRABERRY (TREND AREA),90,0.0,0.0,0.0,0.0
31744782,FORTUNE-ASHLEY 31M,213H,SPRABERRY (TREND AREA),91,0.0,0.0,0.0,0.0
31744782,FORTUNE-ASHLEY 31M,213H,SPRABERRY (TREND AREA),92,0.0,0.0,0.0,0.0
31744782,FORTUNE-ASHLEY 31M,213H,SPRABERRY (TREND AREA),93,0.0,0.0,0.0,0.0
31744782,FORTUNE-ASHLEY 31M,213H,SPRABERRY (TREND AREA),94,0.0,0.0,0.0,0.0
31744782,FORTUNE-ASHLEY 31M,213H,SPRABERRY (TREND AREA),95,0.0,0.0,0.0,0.0
31744782,FORTUNE-ASHLEY 31M,213H,SPRABERRY (TREND AREA),96,0.0,0.0,0.0,0.0
31744782,FORTUNE-ASHLEY 31M,213H,SPRABERRY (TREND AREA),97,0.0,0.0,0.0,0.0
31744782,FORTUNE-ASHLEY 31M,213H,SPRABERRY (TREND AREA),98,0.0,0.0,0.0,0.0
31744782,FORTUNE-ASHLEY 31M,213H,SPRABERRY (TREND AREA),99,0.0,0.0,0.0,0.0
31744782,FORTUNE-ASHLEY 31M,213H,SPRABERRY (TREND AREA),100,0.0,0.0,0.0,0.0
31744782,FORTUNE-ASHLEY 31M,213H,SPRABERRY (TREND AREA),101,0.0,0.0,0.0,0.0
31744782,FORTUNE-ASHLEY 31M,213H,SPRABERRY (TREND AREA),102,0.0,0.0,0.0,0.0
31744782,FORTUNE-ASHLEY 31M,213H,SPRABERRY (TREND AREA),103,0.0,0.0,0.0,0.0
31744782,FORTUNE-ASHLEY 31M,213H,SPRABERRY (TREND AREA),104,0.0,0.0,0.0,0.0
31744782,FORTUNE-ASHLEY 31M,213H,SPRABERRY (TREND AREA),105,0.0,0.0,0.0,0.0
31744782,FORTUNE-ASHLEY 31M,213H,SPRABERRY (TREND AREA),106,0.0,0.0,0.0,0.0
31744782,FORTUNE-ASHLEY 31M,213H,SPRABERRY (TREND AREA),107,0.0,0.0,0.0,0.0
31744782,FORTUNE-ASHLEY 31M,213H,SPRABERRY (TREND AREA),108,0.0,0.0,0.0,0.0
31744782,FORTUNE-ASHLEY 31M,213H,SPRABERRY (TREND AREA),109,0.0,0.0,0.0,0.0
31744782,FORTUNE-ASHLEY 31M,213H,SPRABERRY (TREND AREA),110,0.0,0.0,0.0,0.0
31744782,FORTUNE-ASHLEY 31M,213H,SPRABERRY (TREND AREA),111,0.0,0.0,0.0,0.0
31744782,FORTUNE-ASHLEY 31M,213H,SPRABERRY (TREND AREA),112,0.0,0.0,0.0,0.0
31744782,FORTUNE-ASHLEY 31M,213H,SPRABERRY (TREND AREA),113,0.0,0.0,0.0,0.0
31744782,FORTUNE-ASHLEY 31M,213H,SPRABERRY (TREND AREA),114,0.0,0.0,0.0,0.0
31744782,FORTUNE-ASHLEY 31M,213H,SPRABERRY (TREND AREA),115,0.0,0.0,0.0,0.0
31744782,FORTUNE-ASHLEY 31M,213H,SPRABERRY (TREND AREA),116,0.0,0.0,0.0,0.0
31744782,FORTUNE-ASHLEY 31M,213H,SPRABERRY (TREND AREA),117,0.0,0.0,0.0,0.0
31744782,FORTUNE-ASHLEY 31M,213H,SPRABERRY (TREND AREA),118,0.0,0.0,0.0,0.0
31744782,FORTUNE-ASHLEY 31M,213H,SPRABERRY (TREND AREA),119,0.0,0.0,0.0,0.0
31744782,FORTUNE-ASHLEY 31M,213H,SPRABERRY (TREND AREA),120,0.0,0.0,0.0,0.0
