api8,lease_name,well_no,model,month_on_production,forecast_oil_bbl
31744055,DAVIS-LACY 31K,211H,exponential,34,842.5850340399745
31744055,DAVIS-LACY 31K,211H,exponential,35,751.591292652685
31744055,DAVIS-LACY 31K,211H,exponential,36,670.4242876031592
31744055,DAVIS-LACY 31K,211H,exponential,37,598.0227948381865
31744055,DAVIS-LACY 31K,211H,exponential,38,533.4401956478137
31744055,DAVIS-LACY 31K,211H,exponential,39,475.8321000285178
31744055,DAVIS-LACY 31K,211H,exponential,40,424.4453066432088
31744055,DAVIS-LACY 31K,211H,exponential,41,378.6079550342449
31744055,DAVIS-LACY 31K,211H,exponential,42,337.7207413338383
31744055,DAVIS-LACY 31K,211H,exponential,43,301.2490826209956
31744055,DAVIS-LACY 31K,211H,exponential,44,268.7161274772982
31744055,DAVIS-LACY 31K,211H,exponential,45,239.69652135751602
31744055,DAVIS-LACY 31K,211H,exponential,46,213.8108452599224
31744055,DAVIS-LACY 31K,211H,exponential,47,190.72065498429467
31744055,DAVIS-LACY 31K,211H,exponential,48,170.12405611801086
31744055,DAVIS-LACY 31K,211H,exponential,49,151.75175689506437
31744055,DAVIS-LACY 31K,211H,exponential,50,135.36354732081114
31744055,DAVIS-LACY 31K,211H,exponential,51,120.74515852850365
31744055,DAVIS-LACY 31K,211H,exponential,52,107.7054613050318
31744055,DAVIS-LACY 31K,211H,exponential,53,96.07396715779078
31744055,DAVIS-LACY 31K,211H,exponential,54,85.6985992501854
31744055,DAVIS-LACY 31K,211H,exponential,55,76.44370406170236
31744055,DAVIS-LACY 31K,211H,exponential,56,68.18827777585278
31744055,DAVIS-LACY 31K,211H,exponential,57,60.824384206760236
31744055,DAVIS-LACY 31K,211H,exponential,58,54.25574357945884
31744055,DAVIS-LACY 31K,211H,exponential,59,48.396473712804436
31744055,DAVIS-LACY 31K,211H,exponential,60,43.16996714650012
31744055,DAVIS-LACY 31K,211H,exponential,61,38.50788953115041
31744055,DAVIS-LACY 31K,211H,exponential,62,34.34928618572048
31744055,DAVIS-LACY 31K,211H,exponential,63,30.639785141018617
31744055,DAVIS-LACY 31K,211H,exponential,64,27.330886249335116
31744055,DAVIS-LACY 31K,211H,exponential,65,24.379327065648674
31744055,DAVIS-LACY 31K,211H,exponential,66,21.746517209566502
31744055,DAVIS-LACY 31K,211H,exponential,67,19.398033812521422
31744055,DAVIS-LACY 31K,211H,exponential,68,17.30317145341294
31744055,DAVIS-LACY 31K,211H,exponential,69,15.434540698291924
31744055,DAVIS-LACY 31K,211H,exponential,70,13.767709995166301
31744055,DAVIS-LACY 31K,211H,exponential,71,12.280886241854864
31744055,DAVIS-LACY 31K,211H,exponential,72,10.954629850449434
31744055,DAVIS-LACY 31K,211H,exponential,73,9.771600582974948
31744055,DAVIS-LACY 31K,211H,exponential,74,8.716330835156327
31744055,DAVIS-LACY 31K,211H,exponential,75,7.775023404074359
31744055,DAVIS-LACY 31K,211H,exponential,76,6.935371095608483
31744055,DAVIS-LACY 31K,211H,exponential,77,6.186395813110479
31744055,DAVIS-LACY 31K,211H,exponential,78,5.518305023462195
31744055,DAVIS-LACY 31K,211H,exponential,79,4.9223637238719204
31744055,DAVIS-LACY 31K,211H,exponential,80,4.390780235429701
31744055,DAVIS-LACY 31K,211H,exponential,81,3.916604330221109
31744055,DAVIS-LACY 31K,211H,exponential,82,3.4936363600547065
31744055,DAVIS-LACY 31K,211H,exponential,83,3.1163461986999454
31744055,DAVIS-LACY 31K,211H,exponential,84,2.7798009378398816
31744055,DAVIS-LACY 31K,211H,exponential,85,2.479600391393971
31744055,DAVIS-LACY 31K,211H,exponential,86,2.2118195649573837
31744055,DAVIS-LACY 31K,211H,exponential,87,1.9729573381693235
31744055,DAVIS-LACY 31K,211H,exponential,88,1.7598906890540995
31744055,DAVIS-LACY 31K,211H,exponential,89,1.5698338618376673
31744055,DAVIS-LACY 31K,211H,exponential,90,1.4003019443762763
31744055,DAVIS-LACY 31K,211H,exponential,91,1.2490783789875655
31744055,DAVIS-LACY 31K,211H,exponential,92,1.1141859819020306
31744055,DAVIS-LACY 31K,211H,exponential,93,0.9938610924265692
31744055,DAVIS-LACY 31K,211H,exponential,94,0.8865305138313866
31744055,DAVIS-LACY 31K,211H,exponential,95,0.790790944472163
31744055,DAVIS-LACY 31K,211H,exponential,96,0.7053906302181865
31744055,DAVIS-LACY 31K,211H,exponential,97,0.6292129982997379
31744055,DAVIS-LACY 31K,211H,exponential,98,0.5612620585942375
31744055,DAVIS-LACY 31K,211H,exponential,99,0.5006493814792073
31744055,DAVIS-LACY 31K,211H,exponential,100,0.44658248199299516
31744055,DAVIS-LACY 31K,211H,exponential,101,0.39835445843111866
31744055,DAVIS-LACY 31K,211H,exponential,102,0.3553347499072723
31744055,DAVIS-LACY 31K,211H,exponential,103,0.31696089203805455
31744055,DAVIS-LACY 31K,211H,exponential,104,0.2827311629604942
31744055,DAVIS-LACY 31K,211H,exponential,105,0.25219802353217846
31744055,DAVIS-LACY 31K,211H,exponential,106,0.22496226594740257
31744055,DAVIS-LACY 31K,211H,exponential,107,0.20066779426498077
31744055,DAVIS-LACY 31K,211H,exponential,108,0.17899696860533687
31744055,DAVIS-LACY 31K,211H,exponential,109,0.15966645214424066
31744055,DAVIS-LACY 31K,211H,exponential,110,0.14242350660439648
31744055,DAVIS-LACY 31K,211H,exponential,111,0.12704268781000938
31744055,DAVIS-LACY 31K,211H,exponential,112,0.1133228981001178
31744055,DAVIS-LACY 31K,211H,exponential,113,0.10108475706224714
31744055,DAVIS-LACY 31K,211H,exponential,114,0.0901682562098445
31744055,DAVIS-LACY 31K,211H,exponential,115,0.08043066693940383
31744055,DAVIS-LACY 31K,211H,exponential,116,0.07174467441470857
31744055,DAVIS-LACY 31K,211H,exponential,117,0.0639967129795218
31744055,DAVIS-LACY 31K,211H,exponential,118,0.05708548133495522
31744055,DAVIS-LACY 31K,211H,exponential,119,0.050920618068091866
31744055,DAVIS-LACY 31K,211H,exponential,120,0.04542152021496164
31744070,DAVIS-LACY 31C,203H,exponential,34,498.847243980998
31744070,DAVIS-LACY 31C,203H,exponential,35,446.3378158991234
31744070,DAVIS-LACY 31C,203H,exponential,36,399.35561097173917
31744070,DAVIS-LACY 31C,203H,exponential,37,357.3188251892514
31744070,DAVIS-LACY 31C,203H,exponential,38,319.7068961268758
31744070,DAVIS-LACY 31C,203H,exponential,39,286.05405656123696
31744070,DAVIS-LACY 31C,203H,exponential,40,255.94356664319923
31744070,DAVIS-LACY 31C,203H,exponential,41,229.0025532010531
31744070,DAVIS-LACY 31C,203H,exponential,42,204.89739226658799
31744070,DAVIS-LACY 31C,203H,exponential,43,183.3295776435691
31744070,DAVIS-LACY 31C,203H,exponential,44,164.03202435705205
31744070,DAVIS-LACY 31C,203H,exponential,45,146.76576120730715
31744070,DAVIS-LACY 31C,203H,exponential,46,131.31697147060316
31744070,DAVIS-LACY 31C,203H,exponential,47,117.49434510037936
31744070,DAVIS-LACY 31C,203H,exponential,48,105.12670963979262
31744070,DAVIS-LACY 31C,203H,exponential,49,94.06091050805468
31744070,DAVIS-LACY 31C,203H,exponential,50,84.15991441108822
31744070,DAVIS-LACY 31C,203H,exponential,51,75.30111239009497
31744070,DAVIS-LACY 31C,203H,exponential,52,67.374801493841
31744070,DAVIS-LACY 31C,203H,exponential,53,60.282826272451985
31744070,DAVIS-LACY 31C,203H,exponential,54,53.93736326966145
31744070,DAVIS-LACY 31C,203H,exponential,55,48.25983346127362
31744070,DAVIS-LACY 31C,203H,exponential,56,43.17992917202684
31744070,DAVIS-LACY 31C,203H,exponential,57,38.6347434206842
31744070,DAVIS-LACY 31C,203H,exponential,58,34.56799091159871
31744070,DAVIS-LACY 31C,203H,exponential,59,30.929311025904834
31744070,DAVIS-LACY 31C,203H,exponential,60,27.673644180928655
31744070,DAVIS-LACY 31C,203H,exponential,61,24.76067383496595
31744070,DAVIS-LACY 31C,203H,exponential,62,22.154327227495422
31744070,DAVIS-LACY 31C,203H,exponential,63,19.822328672244698
31744070,DAVIS-LACY 31C,203H,exponential,64,17.73579987131549
31744070,DAVIS-LACY 31C,203H,exponential,65,15.86890230085836
31744070,DAVIS-LACY 31C,203H,exponential,66,14.198517239781506
31744070,DAVIS-LACY 31C,203H,exponential,67,12.703959479129706
31744070,DAVIS-LACY 31C,203H,exponential,68,11.366721166854244
31744070,DAVIS-LACY 31C,203H,exponential,69,10.170242615876447
31744070,DAVIS-LACY 31C,203H,exponential,70,9.099707237246747
31744070,DAVIS-LACY 31C,203H,exponential,71,8.141858058954954
31744070,DAVIS-LACY 31C,203H,exponential,72,7.284833558252663
31744070,DAVIS-LACY 31C,203H,exponential,73,6.518020774517884
31744070,DAVIS-LACY 31C,203H,exponential,74,5.831923883685406
31744070,DAVIS-LACY 31C,203H,exponential,75,5.218046606734846
31744070,DAVIS-LACY 31C,203H,exponential,76,4.668786996041982
31744070,DAVIS-LACY 31C,203H,exponential,77,4.1773432966805855
31744070,DAVIS-LACY 31C,203H,exponential,78,3.737629716908444
31744070,DAVIS-LACY 31C,203H,exponential,79,3.344201064781505
31744070,DAVIS-LACY 31C,203H,exponential,80,2.992185317633947
31744070,DAVIS-LACY 31C,203H,exponential,81,2.677223289398452
31744070,DAVIS-LACY 31C,203H,exponential,82,2.395414648637187
31744070,DAVIS-LACY 31C,203H,exponential,83,2.1432696187978046
31744070,DAVIS-LACY 31C,203H,exponential,84,1.917665762574801
31744070,DAVIS-LACY 31C,203H,exponential,85,1.715809315215475
31744070,DAVIS-LACY 31C,203H,exponential,86,1.535200587941543
31744070,DAVIS-LACY 31C,203H,exponential,87,1.3736030130598038
31744070,DAVIS-LACY 31C,203H,exponential,88,1.2290154474320825
31744070,DAVIS-LACY 31C,203H,exponential,89,1.0996473913244968
31744070,DAVIS-LACY 31C,203H,exponential,90,0.983896815758776
31744070,DAVIS-LACY 31C,203H,exponential,91,0.8803303237906672
31744070,DAVIS-LACY 31C,203H,exponential,92,0.7876654000427062
31744070,DAVIS-LACY 31C,203H,exponential,93,0.7047545286784485
31744070,DAVIS-LACY 31C,203H,exponential,94,0.6305709831431617
31744070,DAVIS-LACY 31C,203H,exponential,95,0.5641961116982787
31744070,DAVIS-LACY 31C,203H,exponential,96,0.5048079613000322
31744070,DAVIS-LACY 31C,203H,exponential,97,0.4516710989461305
31744070,DAVIS-LACY 31C,203H,exponential,98,0.4041275044431274
31744070,DAVIS-LACY 31C,203H,exponential,99,0.36158842181511486
31744070,DAVIS-LACY 31C,203H,exponential,100,0.32352706844566065
31744070,DAVIS-LACY 31C,203H,exponential,101,0.2894721116666785
31744070,DAVIS-LACY 31C,203H,exponential,102,0.25900183201159255
31744070,DAVIS-LACY 31C,203H,exponential,103,0.23173890085344345
31744070,DAVIS-LACY 31C,203H,exponential,104,0.2073457077568406
31744070,DAVIS-LACY 31C,203H,exponential,105,0.1855201796800372
31744070,DAVIS-LACY 31C,203H,exponential,106,0.16599204025422032
31744070,DAVIS-LACY 31C,203H,exponential,107,0.14851946281681838
31744070,DAVIS-LACY 31C,203H,exponential,108,0.13288607575166805
31744070,DAVIS-LACY 31C,203H,exponential,109,0.11889828305168355
31744070,DAVIS-LACY 31C,203H,exponential,110,0.10638286692321737
31744070,DAVIS-LACY 31C,203H,exponential,111,0.09518484274397356
31744070,DAVIS-LACY 31C,203H,exponential,112,0.0851655398113515
31744070,DAVIS-LACY 31C,203H,exponential,113,0.07620088411416878
31744070,DAVIS-LACY 31C,203H,exponential,114,0.06817986186247395
31744070,DAVIS-LACY 31C,203H,exponential,115,0.061003144748575024
31744070,DAVIS-LACY 31C,203H,exponential,116,0.05458185991520523
31744070,DAVIS-LACY 31C,203H,exponential,117,0.04883648939873192
31744070,DAVIS-LACY 31C,203H,exponential,118,0.04369588541866534
31744070,DAVIS-LACY 31C,203H,exponential,119,0.03909638931930901
31744070,DAVIS-LACY 31C,203H,exponential,120,0.034981043252966096
31743755,GLYNN-ATCHISON 44N,214H,exponential,34,1331.9614172952163
31743755,GLYNN-ATCHISON 44N,214H,exponential,35,1203.6527912019458
31743755,GLYNN-ATCHISON 44N,214H,exponential,36,1087.7042104644738
31743755,GLYNN-ATCHISON 44N,214H,exponential,37,982.9250246499423
31743755,GLYNN-ATCHISON 44N,214H,exponential,38,888.2392793814099
31743755,GLYNN-ATCHISON 44N,214H,exponential,39,802.6746675993815
31743755,GLYNN-ATCHISON 44N,214H,exponential,40,725.352545154807
31743755,GLYNN-ATCHISON 44N,214H,exponential,41,655.4789082058754
31743755,GLYNN-ATCHISON 44N,214H,exponential,42,592.3362397674757
31743755,GLYNN-ATCHISON 44N,214H,exponential,43,535.2761416873419
31743755,GLYNN-ATCHISON 44N,214H,exponential,44,483.7126763882662
31743755,GLYNN-ATCHISON 44N,214H,exponential,45,437.11635000419545
31743755,GLYNN-ATCHISON 44N,214H,exponential,46,395.0086751243663
31743755,GLYNN-ATCHISON 44N,214H,exponential,47,356.9572573114905
31743755,GLYNN-ATCHISON 44N,214H,exponential,48,322.571354938533
31743755,GLYNN-ATCHISON 44N,214H,exponential,49,291.49786674902145
31743755,GLYNN-ATCHISON 44N,214H,exponential,50,263.41770593802966
31743755,GLYNN-ATCHISON 44N,214H,exponential,51,238.04252352007035
31743755,GLYNN-ATCHISON 44N,214H,exponential,52,215.11174733688475
31743755,GLYNN-ATCHISON 44N,214H,exponential,53,194.38990629935188
31743755,GLYNN-ATCHISON 44N,214H,exponential,54,175.66421238674712
31743755,GLYNN-ATCHISON 44N,214H,exponential,55,158.74237557343318
31743755,GLYNN-ATCHISON 44N,214H,exponential,56,143.45062924494715
31743755,GLYNN-ATCHISON 44N,214H,exponential,57,129.63194582691628
31743755,GLYNN-ATCHISON 44N,214H,exponential,58,117.14442430348885
31743755,GLYNN-ATCHISON 44N,214H,exponential,59,105.85983306706237
31743755,GLYNN-ATCHISON 44N,214H,exponential,60,95.66229313615364
31743755,GLYNN-ATCHISON 44N,214H,exponential,61,86.44708821966536
31743755,GLYNN-ATCHISON 44N,214H,exponential,62,78.11958940836112
31743755,GLYNN-ATCHISON 44N,214H,exponential,63,70.59428345144268
31743755,GLYNN-ATCHISON 44N,214H,exponential,64,63.79389463981546
31743755,GLYNN-ATCHISON 44N,214H,exponential,65,57.64859127885528
31743755,GLYNN-ATCHISON 44N,214H,exponential,66,52.095268602119674
31743755,GLYNN-ATCHISON 44N,214H,exponential,67,47.076900762402914
31743755,GLYNN-ATCHISON 44N,214H,exponential,68,42.54195524587345
31743755,GLYNN-ATCHISON 44N,214H,exponential,69,38.44386369604172
31743755,GLYNN-ATCHISON 44N,214H,exponential,70,34.740543713565984
31743755,GLYNN-ATCHISON 44N,214H,exponential,71,31.393966721364045
31743755,GLYNN-ATCHISON 44N,214H,exponential,72,28.3697674575326
31743755,GLYNN-ATCHISON 44N,214H,exponential,73,25.636891086043228
31743755,GLYNN-ATCHISON 44N,214H,exponential,74,23.167274301472396
31743755,GLYNN-ATCHISON 44N,214H,exponential,75,20.93555715310021
31743755,GLYNN-ATCHISON 44N,214H,exponential,76,18.918822629163124
31743755,GLYNN-ATCHISON 44N,214H,exponential,77,17.096361327108625
31743755,GLYNN-ATCHISON 44N,214H,exponential,78,15.449458793302542
31743755,GLYNN-ATCHISON 44N,214H,exponential,79,13.961203348427365
31743755,GLYNN-ATCHISON 44N,214H,exponential,80,12.616312425172902
31743755,GLYNN-ATCHISON 44N,214H,exponential,81,11.400975634919162
31743755,GLYNN-ATCHISON 44N,214H,exponential,82,10.302712951897986
31743755,GLYNN-ATCHISON 44N,214H,exponential,83,9.310246558557719
31743755,GLYNN-ATCHISON 44N,214H,exponential,84,8.41338503613918
31743755,GLYNN-ATCHISON 44N,214H,exponential,85,7.602918711241545
31743755,GLYNN-ATCHISON 44N,214H,exponential,86,6.870525083715014
31743755,GLYNN-ATCHISON 44N,214H,exponential,87,6.208683364740177
31743755,GLYNN-ATCHISON 44N,214H,exponential,88,5.610597247504402
31743755,GLYNN-ATCHISON 44N,214H,exponential,89,5.070125117424361
31743755,GLYNN-ATCHISON 44N,214H,exponential,90,4.5817169852588355
31743755,GLYNN-ATCHISON 44N,214H,exponential,91,4.140357495491823
31743755,GLYNN-ATCHISON 44N,214H,exponential,92,3.7415144247515952
31743755,GLYNN-ATCHISON 44N,214H,exponential,93,3.3810921414073114
31743755,GLYNN-ATCHISON 44N,214H,exponential,94,3.055389548430045
31743755,GLYNN-ATCHISON 44N,214H,exponential,95,2.7610620776427233
31743755,GLYNN-ATCHISON 44N,214H,exponential,96,2.4950873450863003
31743755,GLYNN-ATCHISON 44N,214H,exponential,97,2.254734114824697
31743755,GLYNN-ATCHISON 44N,214H,exponential,98,2.0375342524846434
31743755,GLYNN-ATCHISON 44N,214H,exponential,99,1.8412573805275185
31743755,GLYNN-ATCHISON 44N,214H,exponential,100,1.6638879749937407
31743755,GLYNN-ATCHISON 44N,214H,exponential,101,1.5036046685312363
31743755,GLYNN-ATCHISON 44N,214H,exponential,102,1.3587615471753343
31743755,GLYNN-ATCHISON 44N,214H,exponential,103,1.227871248820849
31743755,GLYNN-ATCHISON 44N,214H,exponential,104,1.1095896898282789
31743755,GLYNN-ATCHISON 44N,214H,exponential,105,1.0027022629250042
31743755,GLYNN-ATCHISON 44N,214H,exponential,106,0.9061113646707752
31743755,GLYNN-ATCHISON 44N,214H,exponential,107,0.8188251244097803
31743755,GLYNN-ATCHISON 44N,214H,exponential,108,0.7399472189693824
31743755,GLYNN-ATCHISON 44N,214H,exponential,109,0.6686676685149154
31743755,GLYNN-ATCHISON 44N,214H,exponential,110,0.6042545190451935
31743755,GLYNN-ATCHISON 44N,214H,exponential,111,0.5460463261181197
31743755,GLYNN-ATCHISON 44N,214H,exponential,112,0.49344536262342004
31743755,GLYNN-ATCHISON 44N,214H,exponential,113,0.44591148085462556
31743755,GLYNN-ATCHISON 44N,214H,exponential,114,0.40295656585126427
31743755,GLYNN-ATCHISON 44N,214H,exponential,115,0.36413952305386105
31743755,GLYNN-ATCHISON 44N,214H,exponential,116,0.32906174880107714
31743755,GLYNN-ATCHISON 44N,214H,exponential,117,0.2973630371565212
31743755,GLYNN-ATCHISON 44N,214H,exponential,118,0.26871788103333977
31743755,GLYNN-ATCHISON 44N,214H,exponential,119,0.24283212963364972
31743755,GLYNN-ATCHISON 44N,214H,exponential,120,0.21943996787879402
31744067,DAVIS-LACY 31F,206H,exponential,34,1033.1788983046388
31744067,DAVIS-LACY 31F,206H,exponential,35,922.078066596264
31744067,DAVIS-LACY 31F,206H,exponential,36,822.9242411871342
31744067,DAVIS-LACY 31F,206H,exponential,37,734.4327245883161
31744067,DAVIS-LACY 31F,206H,exponential,38,655.4569666924648
31744067,DAVIS-LACY 31F,206H,exponential,39,584.9737093707404
31744067,DAVIS-LACY 31F,206H,exponential,40,522.0697285158593
31744067,DAVIS-LACY 31F,206H,exponential,41,465.930001753094
31744067,DAVIS-LACY 31F,206H,exponential,42,415.8271485128705
31744067,DAVIS-LACY 31F,206H,exponential,43,371.1120056440892
31744067,DAVIS-LACY 31F,206H,exponential,44,331.2052164600692
31744067,DAVIS-LACY 31F,206H,exponential,45,295.5897242396541
31744067,DAVIS-LACY 31F,206H,exponential,46,263.80407292470466
31744067,DAVIS-LACY 31F,206H,exponential,47,235.43642821372117
31744067,DAVIS-LACY 31F,206H,exponential,48,210.1192415852339
31744067,DAVIS-LACY 31F,206H,exponential,49,187.52448811479545
31744067,DAVIS-LACY 31F,206H,exponential,50,167.35941638382218
31744067,DAVIS-LACY 31F,206H,exponential,51,149.3627554135085
31744067,DAVIS-LACY 31F,206H,exponential,52,133.3013294785371
31744067,DAVIS-LACY 31F,206H,exponential,53,118.9670369400431
31744067,DAVIS-LACY 31F,206H,exponential,54,106.1741539537488
31744067,DAVIS-LACY 31F,206H,exponential,55,94.75692811846432
31744067,DAVIS-LACY 31F,206H,exponential,56,84.56743088679708
31744067,DAVIS-LACY 31F,206H,exponential,57,75.47364091259136
31744067,DAVIS-LACY 31F,206H,exponential,58,67.35773350177656
31744067,DAVIS-LACY 31F,206H,exponential,59,60.11455400370679
31744067,DAVIS-LACY 31F,206H,exponential,60,53.65025536331728
31744067,DAVIS-LACY 31F,206H,exponential,61,47.88108218139103
31744067,DAVIS-LACY 31F,206H,exponential,62,42.73228552847967
31744067,DAVIS-LACY 31F,206H,exponential,63,38.13715445214404
31744067,DAVIS-LACY 31F,206H,exponential,64,34.03615162913185
31744067,DAVIS-LACY 31F,206H,exponential,65,30.37614196347382
31744067,DAVIS-LACY 31F,206H,exponential,66,27.10970413574485
31744067,DAVIS-LACY 31F,206H,exponential,67,24.19451618350201
31744067,DAVIS-LACY 31F,206H,exponential,68,21.592807152104218
31744067,DAVIS-LACY 31F,206H,exponential,69,19.27086771116728
31744067,DAVIS-LACY 31F,206H,exponential,70,17.198613395902054
31744067,DAVIS-LACY 31F,206H,exponential,71,15.349194814424099
31744067,DAVIS-LACY 31F,206H,exponential,72,13.698649770642566
31744067,DAVIS-LACY 31F,206H,exponential,73,12.225592795420283
31744067,DAVIS-LACY 31F,206H,exponential,74,10.910938063381215
31744067,DAVIS-LACY 31F,206H,exponential,75,9.737652105306232
31744067,DAVIS-LACY 31F,206H,exponential,76,8.690533112108083
31744067,DAVIS-LACY 31F,206H,exponential,77,7.756013970913153
31744067,DAVIS-LACY 31F,206H,exponential,78,6.921986481265218
31744067,DAVIS-LACY 31F,206H,exponential,79,6.1776444738891305
31744067,DAVIS-LACY 31F,206H,exponential,80,5.513343799365139
31744067,DAVIS-LACY 31F,206H,exponential,81,4.920477372641947
31744067,DAVIS-LACY 31F,206H,exponential,82,4.391363654388703
31744067,DAVIS-LACY 31F,206H,exponential,83,3.9191471242823592
31744067,DAVIS-LACY 31F,206H,exponential,84,3.497709456701514
31744067,DAVIS-LACY 31F,206H,exponential,85,3.1215902479648197
31744067,DAVIS-LACY 31F,206H,exponential,86,2.785916268007688
31744067,DAVIS-LACY 31F,206H,exponential,87,2.4863383198387528
31744067,DAVIS-LACY 31F,206H,exponential,88,2.21897488868877
31744067,DAVIS-LACY 31F,206H,exponential,89,1.9803618507358505
31744067,DAVIS-LACY 31F,206H,exponential,90,1.7674075898026054
31744067,DAVIS-LACY 31F,206H,exponential,91,1.577352940489716
31744067,DAVIS-LACY 31F,206H,exponential,92,1.4077354387447416
31744067,DAVIS-LACY 31F,206H,exponential,93,1.2563574166746678
31744067,DAVIS-LACY 31F,206H,exponential,94,1.1212575282191608
31744067,DAVIS-LACY 31F,206H,exponential,95,1.0006853367537347
31744067,DAVIS-LACY 31F,206H,exponential,96,0.8930786353643171
31744067,DAVIS-LACY 31F,206H,exponential,97,0.7970432059408451
31744067,DAVIS-LACY 31F,206H,exponential,98,0.7113347548363508
31744067,DAVIS-LACY 31F,206H,exponential,99,0.6348427910389167
31744067,DAVIS-LACY 31F,206H,exponential,100,0.5665762379722351
31744067,DAVIS-LACY 31F,206H,exponential,101,0.5056505925025025
31744067,DAVIS-LACY 31F,206H,exponential,102,0.451276464775887
31744067,DAVIS-LACY 31F,206H,exponential,103,0.40274935040170945
31744067,DAVIS-LACY 31F,206H,exponential,104,0.35944050246350473
31744067,DAVIS-LACY 31F,206H,exponential,105,0.3207887850901625
31744067,DAVIS-LACY 31F,206H,exponential,106,0.2862934030370465
31744067,DAVIS-LACY 31F,206H,exponential,107,0.2555074130770985
31744067,DAVIS-LACY 31F,206H,exponential,108,0.22803193313156175
31744067,DAVIS-LACY 31F,206H,exponential,109,0.20351097411027627
31744067,DAVIS-LACY 31F,206H,exponential,110,0.18162682749971862
31744067,DAVIS-LACY 31F,206H,exponential,111,0.16209594893756052
31744067,DAVIS-LACY 31F,206H,exponential,112,0.1446652844388249
31744067,DAVIS-LACY 31F,206H,exponential,113,0.12910899167398474
31744067,DAVIS-LACY 31F,206H,exponential,114,0.11522551381787789
31744067,DAVIS-LACY 31F,206H,exponential,115,0.10283496805644443
31744067,DAVIS-LACY 31F,206H,exponential,116,0.09177681491518047
31744067,DAVIS-LACY 31F,206H,exponential,117,0.08190777821170765
31744067,DAVIS-LACY 31F,206H,exponential,118,0.07309998868209346
31744067,DAVIS-LACY 31F,206H,exponential,119,0.06523932722861235
31744067,DAVIS-LACY 31F,206H,exponential,120,0.05822394632305259
31743757,GLYNN-ATCHISON 44M,213H,exponential,34,1933.9297501454098
31743757,GLYNN-ATCHISON 44M,213H,exponential,35,1894.5169832118938
31743757,GLYNN-ATCHISON 44M,213H,exponential,36,1855.907433767141
31743757,GLYNN-ATCHISON 44M,213H,exponential,37,1818.0847325383372
31743757,GLYNN-ATCHISON 44M,213H,exponential,38,1781.0328438523445
31743757,GLYNN-ATCHISON 44M,213H,exponential,39,1744.736058837061
31743757,GLYNN-ATCHISON 44M,213H,exponential,40,1709.1789887613372
31743757,GLYNN-ATCHISON 44M,213H,exponential,41,1674.3465585106273
31743757,GLYNN-ATCHISON 44M,213H,exponential,42,1640.2240001955945
31743757,GLYNN-ATCHISON 44M,213H,exponential,43,1606.7968468909783
31743757,GLYNN-ATCHISON 44M,213H,exponential,44,1574.0509265020598
31743757,GLYNN-ATCHISON 44M,213H,exponential,45,1541.9723557561233
31743757,GLYNN-ATCHISON 44M,213H,exponential,46,1510.5475343163728
31743757,GLYNN-ATCHISON 44M,213H,exponential,47,1479.763139015803
31743757,GLYNN-ATCHISON 44M,213H,exponential,48,1449.6061182085825
31743757,GLYNN-ATCHISON 44M,213H,exponential,49,1420.0636862365536
31743757,GLYNN-ATCHISON 44M,213H,exponential,50,1391.1233180085023
31743757,GLYNN-ATCHISON 44M,213H,exponential,51,1362.7727436899024
31743757,GLYNN-ATCHISON 44M,213H,exponential,52,1334.999943500878
31743757,GLYNN-ATCHISON 44M,213H,exponential,53,1307.793142620184
31743757,GLYNN-ATCHISON 44M,213H,exponential,54,1281.140806193039
31743757,GLYNN-ATCHISON 44M,213H,exponential,55,1255.0316344407008
31743757,GLYNN-ATCHISON 44M,213H,exponential,56,1229.454557869702
31743757,GLYNN-ATCHISON 44M,213H,exponential,57,1204.3987325787245
31743757,GLYNN-ATCHISON 44M,213H,exponential,58,1179.8535356611123
31743757,GLYNN-ATCHISON 44M,213H,exponential,59,1155.8085607010862
31743757,GLYNN-ATCHISON 44M,213H,exponential,60,1132.2536133617377
31743757,GLYNN-ATCHISON 44M,213H,exponential,61,1109.1787070629425
31743757,GLYNN-ATCHISON 44M,213H,exponential,62,1086.574058747354
31743757,GLYNN-ATCHISON 44M,213H,exponential,63,1064.4300847326858
31743757,GLYNN-ATCHISON 44M,213H,exponential,64,1042.7373966485206
31743757,GLYNN-ATCHISON 44M,213H,exponential,65,1021.4867974559287
31743757,GLYNN-ATCHISON 44M,213H,exponential,66,1000.6692775482035
31743757,GLYNN-ATCHISON 44M,213H,exponential,67,980.2760109310618
31743757,GLYNN-ATCHISON 44M,213H,exponential,68,960.2983514806925
31743757,GLYNN-ATCHISON 44M,213H,exponential,69,940.7278292780622
31743757,GLYNN-ATCHISON 44M,213H,exponential,70,921.5561470179279
31743757,GLYNN-ATCHISON 44M,213H,exponential,71,902.7751764910329
31743757,GLYNN-ATCHISON 44M,213H,exponential,72,884.3769551379927
31743757,GLYNN-ATCHISON 44M,213H,exponential,73,866.3536826734133
31743757,GLYNN-ATCHISON 44M,213H,exponential,74,848.6977177788078
31743757,GLYNN-ATCHISON 44M,213H,exponential,75,831.4015748629092
31743757,GLYNN-ATCHISON 44M,213H,exponential,76,814.4579208880085
31743757,GLYNN-ATCHISON 44M,213H,exponential,77,797.85957226097
31743757,GLYNN-ATCHISON 44M,213H,exponential,78,781.5994917876063
31743757,GLYNN-ATCHISON 44M,213H,exponential,79,765.6707856891229
31743757,GLYNN-ATCHISON 44M,213H,exponential,80,750.0667006793657
31743757,GLYNN-ATCHISON 44M,213H,exponential,81,734.7806211016332
31743757,GLYNN-ATCHISON 44M,213H,exponential,82,719.8060661238397
31743757,GLYNN-ATCHISON 44M,213H,exponential,83,705.1366869908403
31743757,GLYNN-ATCHISON 44M,213H,exponential,84,690.7662643327515
31743757,GLYNN-ATCHISON 44M,213H,exponential,85,676.6887055281283
31743757,GLYNN-ATCHISON 44M,213H,exponential,86,662.898042120878
31743757,GLYNN-ATCHISON 44M,213H,exponential,87,649.3884272898172
31743757,GLYNN-ATCHISON 44M,213H,exponential,88,636.1541333697968
31743757,GLYNN-ATCHISON 44M,213H,exponential,89,623.1895494233471
31743757,GLYNN-ATCHISON 44M,213H,exponential,90,610.4891788618112
31743757,GLYNN-ATCHISON 44M,213H,exponential,91,598.0476371149585
31743757,GLYNN-ATCHISON 44M,213H,exponential,92,585.8596493480919
31743757,GLYNN-ATCHISON 44M,213H,exponential,93,573.9200482256769
31743757,GLYNN-ATCHISON 44M,213H,exponential,94,562.2237717205505
31743757,GLYNN-ATCHISON 44M,213H,exponential,95,550.7658609677745
31743757,GLYNN-ATCHISON 44M,213H,exponential,96,539.541458162229
31743757,GLYNN-ATCHISON 44M,213H,exponential,97,528.5458044990498
31743757,GLYNN-ATCHISON 44M,213H,exponential,98,517.7742381560416
31743757,GLYNN-ATCHISON 44M,213H,exponential,99,507.22219231720555
31743757,GLYNN-ATCHISON 44M,213H,exponential,100,496.8851932365502
31743757,GLYNN-ATCHISON 44M,213H,exponential,101,486.7588583413583
31743757,GLYNN-ATCHISON 44M,213H,exponential,102,476.8388943741099
31743757,GLYNN-ATCHISON 44M,213H,exponential,103,467.1210955722717
31743757,GLYNN-ATCHISON 44M,213H,exponential,104,457.60134188518236
31743757,GLYNN-ATCHISON 44M,213H,exponential,105,448.2755972272759
31743757,GLYNN-ATCHISON 44M,213H,exponential,106,439.1399077669049
31743757,GLYNN-ATCHISON 44M,213H,exponential,107,430.190400250036
31743757,GLYNN-ATCHISON 44M,213H,exponential,108,421.4232803581083
31743757,GLYNN-ATCHISON 44M,213H,exponential,109,412.83483109935787
31743757,GLYNN-ATCHISON 44M,213H,exponential,110,404.42141123292623
31743757,GLYNN-ATCHISON 44M,213H,exponential,111,396.17945372508564
31743757,GLYNN-ATCHISON 44M,213H,exponential,112,388.10546423692534
31743757,GLYNN-ATCHISON 44M,213H,exponential,113,380.1960196428579
31743757,GLYNN-ATCHISON 44M,213H,exponential,114,372.4477665793183
31743757,GLYNN-ATCHISON 44M,213H,exponential,115,364.8574200230406
31743757,GLYNN-ATCHISON 44M,213H,exponential,116,357.42176189830735
31743757,GLYNN-ATCHISON 44M,213H,exponential,117,350.13763971258396
31743757,GLYNN-ATCHISON 44M,213H,exponential,118,343.0019652199578
31743757,GLYNN-ATCHISON 44M,213H,exponential,119,336.011713111816
31743757,GLYNN-ATCHISON 44M,213H,exponential,120,329.1639197342066
31744058,DAVIS-LACY 31H,208H,exponential,34,568.1410455497735
31744058,DAVIS-LACY 31H,208H,exponential,35,504.62969167342357
31744058,DAVIS-LACY 31H,208H,exponential,36,448.2181453233964
31744058,DAVIS-LACY 31H,208H,exponential,37,398.1127331824929
31744058,DAVIS-LACY 31H,208H,exponential,38,353.6085050900361
31744058,DAVIS-LACY 31H,208H,exponential,39,314.0793158572317
31744058,DAVIS-LACY 31H,208H,exponential,40,278.9690158166006
31744058,DAVIS-LACY 31H,208H,exponential,41,247.78362616231124
31744058,DAVIS-LACY 31H,208H,exponential,42,220.08438899360547
31744058,DAVIS-LACY 31H,208H,exponential,43,195.48159428000216
31744058,DAVIS-LACY 31H,208H,exponential,44,173.62909689774324
31744058,DAVIS-LACY 31H,208H,exponential,45,154.21944659579643
31744058,DAVIS-LACY 31H,208H,exponential,46,136.97956237323973
31744058,DAVIS-LACY 31H,208H,exponential,47,121.66689040936882
31744058,DAVIS-LACY 31H,208H,exponential,48,108.06599149113094
31744058,DAVIS-LACY 31H,208H,exponential,49,95.98550992523684
31744058,DAVIS-LACY 31H,208H,exponential,50,85.25548128954043
31744058,DAVIS-LACY 31H,208H,exponential,51,75.72494114551887
31744058,DAVIS-LACY 31H,208H,exponential,52,67.25980106801423
31744058,DAVIS-LACY 31H,208H,exponential,53,59.740962109371665
31744058,DAVIS-LACY 31H,208H,exponential,54,53.062639155658076
31744058,DAVIS-LACY 31H,208H,exponential,55,47.13087259975485
31744058,DAVIS-LACY 31H,208H,exponential,56,41.86220639154664
31744058,DAVIS-LACY 31H,208H,exponential,57,37.18251386624155
31744058,DAVIS-LACY 31H,208H,exponential,58,33.02595483100059
31744058,DAVIS-LACY 31H,208H,exponential,59,29.334049236772135
31744058,DAVIS-LACY 31H,208H,exponential,60,26.05485440250333
31744058,DAVIS-LACY 31H,208H,exponential,61,23.142234215815588
31744058,DAVIS-LACY 31H,208H,exponential,62,20.555210028278214
31744058,DAVIS-LACY 31H,208H,exponential,63,18.257384112804388
31744058,DAVIS-LACY 31H,208H,exponential,64,16.21642757159428
31744058,DAVIS-LACY 31H,208H,exponential,65,14.403625489827622
31744058,DAVIS-LACY 31H,208H,exponential,66,12.793472935717348
31744058,DAVIS-LACY 31H,208H,exponential,67,11.36331612291114
31744058,DAVIS-LACY 31H,208H,exponential,68,10.093033686632198
31744058,DAVIS-LACY 31H,208H,exponential,69,8.96475358932411
31744058,DAVIS-LACY 31H,208H,exponential,70,7.962601672849065
31744058,DAVIS-LACY 31H,208H,exponential,71,7.072478319533938
31744058,DAVIS-LACY 31H,208H,exponential,72,6.281860079832437
31744058,DAVIS-LACY 31H,208H,exponential,73,5.579623475635187
31744058,DAVIS-LACY 31H,208H,exponential,74,4.955888500256067
31744058,DAVIS-LACY 31H,208H,exponential,75,4.401879613242954
31744058,DAVIS-LACY 31H,208H,exponential,76,3.9098022743011276
31744058,DAVIS-LACY 31H,208H,exponential,77,3.4727332792430294
31744058,DAVIS-LACY 31H,208H,exponential,78,3.084523355063456
31744058,DAVIS-LACY 31H,208H,exponential,79,2.7397106437168754
31744058,DAVIS-LACY 31H,208H,exponential,80,2.433443857370665
31744058,DAVIS-LACY 31H,208H,exponential,81,2.1614140239793085
31744058,DAVIS-LACY 31H,208H,exponential,82,1.9197938628845947
31744058,DAVIS-LACY 31H,208H,exponential,83,1.7051839374965752
31744058,DAVIS-LACY 31H,208H,exponential,84,1.5145648274588313
31744058,DAVIS-LACY 31H,208H,exponential,85,1.3452546473919633
31744058,DAVIS-LACY 31H,208H,exponential,86,1.1948713145320091
31744058,DAVIS-LACY 31H,208H,exponential,87,1.0612990343942357
31744058,DAVIS-LACY 31H,208H,exponential,88,0.9426585329377436
31744058,DAVIS-LACY 31H,208H,exponential,89,0.83728061641697
31744058,DAVIS-LACY 31H,208H,exponential,90,0.7436826869246397
31744058,DAVIS-LACY 31H,208H,exponential,91,0.6605478832153255
31744058,DAVIS-LACY 31H,208H,exponential,92,0.5867065533347035
31744058,DAVIS-LACY 31H,208H,exponential,93,0.5211197983866324
31744058,DAVIS-LACY 31H,208H,exponential,94,0.46286485590966686
31744058,DAVIS-LACY 31H,208H,exponential,95,0.41112211721674635
31744058,DAVIS-LACY 31H,208H,exponential,96,0.3651635960405834
31744058,DAVIS-LACY 31H,208H,exponential,97,0.3243426862461648
31744058,DAVIS-LACY 31H,208H,exponential,98,0.2880850645081462
31744058,DAVIS-LACY 31H,208H,exponential,99,0.2558806099597821
31744058,DAVIS-LACY 31H,208H,exponential,100,0.22727622712818074
31744058,DAVIS-LACY 31H,208H,exponential,101,0.20186947117930962
31744058,DAVIS-LACY 31H,208H,exponential,102,0.17930288578413886
31744058,DAVIS-LACY 31H,208H,exponential,103,0.15925897394343108
31744058,DAVIS-LACY 31H,208H,exponential,104,0.14145573101399664
31744058,DAVIS-LACY 31H,208H,exponential,105,0.12564267708902613
31744058,DAVIS-LACY 31H,208H,exponential,106,0.11159733291071323
31744058,DAVIS-LACY 31H,208H,exponential,107,0.0991220897335714
31744058,DAVIS-LACY 31H,208H,exponential,108,0.08804142909948481
31744058,DAVIS-LACY 31H,208H,exponential,109,0.07819945340856108
31744058,DAVIS-LACY 31H,208H,exponential,110,0.06945769254253832
31744058,DAVIS-LACY 31H,208H,exponential,111,0.06169315568138772
31744058,DAVIS-LACY 31H,208H,exponential,112,0.05479660090344914
31744058,DAVIS-LACY 31H,208H,exponential,113,0.04867099822351536
31744058,DAVIS-LACY 31H,208H,exponential,114,0.04323016444482293
31744058,DAVIS-LACY 31H,208H,exponential,115,0.0383975506182139
31744058,DAVIS-LACY 31H,208H,exponential,116,0.03410516504881959
31744058,DAVIS-LACY 31H,208H,exponential,117,0.030292616697677608
31744058,DAVIS-LACY 31H,208H,exponential,118,0.026906265519573407
31744058,DAVIS-LACY 31H,208H,exponential,119,0.023898467782919736
31744058,DAVIS-LACY 31H,208H,exponential,120,0.02122690575382045
31743171,BOHANAN-BLOCKER 3B,4H,exponential,34,1540.5021094903743
31743171,BOHANAN-BLOCKER 3B,4H,exponential,35,1406.2389120577116
31743171,BOHANAN-BLOCKER 3B,4H,exponential,36,1283.677487750698
31743171,BOHANAN-BLOCKER 3B,4H,exponential,37,1171.7979629412484
31743171,BOHANAN-BLOCKER 3B,4H,exponential,38,1069.6693515746463
31743171,BOHANAN-BLOCKER 3B,4H,exponential,39,976.4418081306152
31743171,BOHANAN-BLOCKER 3B,4H,exponential,40,891.3395557812703
31743171,BOHANAN-BLOCKER 3B,4H,exponential,41,813.6544308988423
31743171,BOHANAN-BLOCKER 3B,4H,exponential,42,742.7399901949134
31743171,BOHANAN-BLOCKER 3B,4H,exponential,43,678.0061314547498
31743171,BOHANAN-BLOCKER 3B,4H,exponential,44,618.9141831041044
31743171,BOHANAN-BLOCKER 3B,4H,exponential,45,564.972421747171
31743171,BOHANAN-BLOCKER 3B,4H,exponential,46,515.73198037566
31743171,BOHANAN-BLOCKER 3B,4H,exponential,47,470.7831131998643
31743171,BOHANAN-BLOCKER 3B,4H,exponential,48,429.7517860201644
31743171,BOHANAN-BLOCKER 3B,4H,exponential,49,392.2965637663284
31743171,BOHANAN-BLOCKER 3B,4H,exponential,50,358.10576930481443
31743171,BOHANAN-BLOCKER 3B,4H,exponential,51,326.89488987157966
31743171,BOHANAN-BLOCKER 3B,4H,exponential,52,298.4042095484762
31743171,BOHANAN-BLOCKER 3B,4H,exponential,53,272.39664808230003
31743171,BOHANAN-BLOCKER 3B,4H,exponential,54,248.6557880625963
31743171,BOHANAN-BLOCKER 3B,4H,exponential,55,226.98407404172588
31743171,BOHANAN-BLOCKER 3B,4H,exponential,56,207.20116861148503
31743171,BOHANAN-BLOCKER 3B,4H,exponential,57,189.1424517566502
31743171,BOHANAN-BLOCKER 3B,4H,exponential,58,172.65765099808306
31743171,BOHANAN-BLOCKER 3B,4H,exponential,59,157.6095909263677
31743171,BOHANAN-BLOCKER 3B,4H,exponential,60,143.87305172044037
31743171,BOHANAN-BLOCKER 3B,4H,exponential,61,131.33372715257485
31743171,BOHANAN-BLOCKER 3B,4H,exponential,62,119.88727340893993
31743171,BOHANAN-BLOCKER 3B,4H,exponential,63,109.43844081065596
31743171,BOHANAN-BLOCKER 3B,4H,exponential,64,99.90028121011841
31743171,BOHANAN-BLOCKER 3B,4H,exponential,65,91.19342446707246
31743171,BOHANAN-BLOCKER 3B,4H,exponential,66,83.2454179837618
31743171,BOHANAN-BLOCKER 3B,4H,exponential,67,75.99012380320671
31743171,BOHANAN-BLOCKER 3B,4H,exponential,68,69.36716825366986
31743171,BOHANAN-BLOCKER 3B,4H,exponential,69,63.321439559621965
31743171,BOHANAN-BLOCKER 3B,4H,exponential,70,57.80262923866339
31743171,BOHANAN-BLOCKER 3B,4H,exponential,71,52.76481346821623
31743171,BOHANAN-BLOCKER 3B,4H,exponential,72,48.16607093840274
31743171,BOHANAN-BLOCKER 3B,4H,exponential,73,43.96813401113827
31743171,BOHANAN-BLOCKER 3B,4H,exponential,74,40.13607028262043
31743171,BOHANAN-BLOCKER 3B,4H,exponential,75,36.637991899391615
31743171,BOHANAN-BLOCKER 3B,4H,exponential,76,33.44479020909877
31743171,BOHANAN-BLOCKER 3B,4H,exponential,77,30.52989353789346
31743171,BOHANAN-BLOCKER 3B,4H,exponential,78,27.869046078857917
31743171,BOHANAN-BLOCKER 3B,4H,exponential,79,25.440106051516082
31743171,BOHANAN-BLOCKER 3B,4H,exponential,80,23.22286145284911
31743171,BOHANAN-BLOCKER 3B,4H,exponential,81,21.198861866618905
31743171,BOHANAN-BLOCKER 3B,4H,exponential,82,19.351264931430542
31743171,BOHANAN-BLOCKER 3B,4H,exponential,83,17.664696189944085
31743171,BOHANAN-BLOCKER 3B,4H,exponential,84,16.125121152995195
31743171,BOHANAN-BLOCKER 3B,4H,exponential,85,14.719728514028644
31743171,BOHANAN-BLOCKER 3B,4H,exponential,86,13.436823542033494
31743171,BOHANAN-BLOCKER 3B,4H,exponential,87,12.265730765867984
31743171,BOHANAN-BLOCKER 3B,4H,exponential,88,11.196705140178684
31743171,BOHANAN-BLOCKER 3B,4H,exponential,89,10.220850953696296
31743171,BOHANAN-BLOCKER 3B,4H,exponential,90,9.330047805117726
31743171,BOHANAN-BLOCKER 3B,4H,exponential,91,8.516883030595528
31743171,BOHANAN-BLOCKER 3B,4H,exponential,92,7.774590020541798
31743171,BOHANAN-BLOCKER 3B,4H,exponential,93,7.096991912460439
31743171,BOHANAN-BLOCKER 3B,4H,exponential,94,6.478450191257656
31743171,BOHANAN-BLOCKER 3B,4H,exponential,95,5.913817769316829
31743171,BOHANAN-BLOCKER 3B,4H,exponential,96,5.398396155901932
31743171,BOHANAN-BLOCKER 3B,4H,exponential,97,4.927896359482066
31743171,BOHANAN-BLOCKER 3B,4H,exponential,98,4.498403197632567
31743171,BOHANAN-BLOCKER 3B,4H,exponential,99,4.106342717523733
31743171,BOHANAN-BLOCKER 3B,4H,exponential,100,3.7484524558924393
31743171,BOHANAN-BLOCKER 3B,4H,exponential,101,3.421754291020127
31743171,BOHANAN-BLOCKER 3B,4H,exponential,102,3.123529660809603
31743171,BOHANAN-BLOCKER 3B,4H,exponential,103,2.8512969407422495
31743171,BOHANAN-BLOCKER 3B,4H,exponential,104,2.602790793470129
31743171,BOHANAN-BLOCKER 3B,4H,exponential,105,2.3759433182042846
31743171,BOHANAN-BLOCKER 3B,4H,exponential,106,2.1688668430370988
31743171,BOHANAN-BLOCKER 3B,4H,exponential,107,1.9798382170080298
31743171,BOHANAN-BLOCKER 3B,4H,exponential,108,1.8072844712018556
31743171,BOHANAN-BLOCKER 3B,4H,exponential,109,1.6497697295607452
31743171,BOHANAN-BLOCKER 3B,4H,exponential,110,1.5059832604907848
31743171,BOHANAN-BLOCKER 3B,4H,exponential,111,1.3747285698364164
31743171,BOHANAN-BLOCKER 3B,4H,exponential,112,1.2549134444619168
31743171,BOHANAN-BLOCKER 3B,4H,exponential,113,1.145540863589286
31743171,BOHANAN-BLOCKER 3B,4H,exponential,114,1.045700702262825
31743171,BOHANAN-BLOCKER 3B,4H,exponential,115,0.9545621579022234
31743171,BOHANAN-BLOCKER 3B,4H,exponential,116,0.8713668369230303
31743171,BOHANAN-BLOCKER 3B,4H,exponential,117,0.7954224438960233
31743171,BOHANAN-BLOCKER 3B,4H,exponential,118,0.7260970207309011
31743171,BOHANAN-BLOCKER 3B,4H,exponential,119,0.6628136879466879
31743171,BOHANAN-BLOCKER 3B,4H,exponential,120,0.6050458442692144
31744057,DAVIS-LACY 31I,209H,exponential,34,2871.2938451229347
31744057,DAVIS-LACY 31I,209H,exponential,35,2716.7131273485234
31744057,DAVIS-LACY 31I,209H,exponential,36,2570.4545108972625
31744057,DAVIS-LACY 31I,209H,exponential,37,2432.069962072389
31744057,DAVIS-LACY 31I,209H,exponential,38,2301.1355677911097
31744057,DAVIS-LACY 31I,209H,exponential,39,2177.2502370125917
31744057,DAVIS-LACY 31I,209H,exponential,40,2060.0344720766616
31744057,DAVIS-LACY 31I,209H,exponential,41,1949.1292061894608
31744057,DAVIS-LACY 31I,209H,exponential,42,1844.1947034949321
31744057,DAVIS-LACY 31I,209H,exponential,43,1744.9095183627194
31744057,DAVIS-LACY 31I,209H,exponential,44,1650.969510704477
31744057,DAVIS-LACY 31I,209H,exponential,45,1562.086914302213
31744057,DAVIS-LACY 31I,209H,exponential,46,1477.9894552946646
31744057,DAVIS-LACY 31I,209H,exponential,47,1398.4195181213834
31744057,DAVIS-LACY 31I,209H,exponential,48,1323.1333563695566
31744057,DAVIS-LACY 31I,209H,exponential,49,1251.9003461061588
31744057,DAVIS-LACY 31I,209H,exponential,50,1184.5022794081688
31744057,DAVIS-LACY 31I,209H,exponential,51,1120.7326959267186
31744057,DAVIS-LACY 31I,209H,exponential,52,1060.3962504375645
31744057,DAVIS-LACY 31I,209H,exponential,53,1003.3081144404928
31744057,DAVIS-LACY 31I,209H,exponential,54,949.2934099745823
31744057,DAVIS-LACY 31I,209H,exponential,55,898.1866739149343
31744057,DAVIS-LACY 31I,209H,exponential,56,849.8313511098462
31744057,DAVIS-LACY 31I,209H,exponential,57,804.0793148057621
31744057,DAVIS-LACY 31I,209H,exponential,58,760.7904128909148
31744057,DAVIS-LACY 31I,209H,exponential,59,719.8320385676718
31744057,DAVIS-LACY 31I,209H,exponential,60,681.0787241384256
31744057,DAVIS-LACY 31I,209H,exponential,61,644.4117566606714
31744057,DAVIS-LACY 31I,209H,exponential,62,609.7188142939137
31744057,DAVIS-LACY 31I,209H,exponential,63,576.8936222244198
31744057,DAVIS-LACY 31I,209H,exponential,64,545.8356271138173
31744057,DAVIS-LACY 31I,209H,exponential,65,516.4496890742756
31744057,DAVIS-LACY 31I,209H,exponential,66,488.645790226697
31744057,DAVIS-LACY 31I,209H,exponential,67,462.3387589491465
31744057,DAVIS-LACY 31I,209H,exponential,68,437.44800897081063
31744057,DAVIS-LACY 31I,209H,exponential,69,413.89729251225185
31744057,DAVIS-LACY 31I,209H,exponential,70,391.6144667157545
31744057,DAVIS-LACY 31I,209H,exponential,71,370.5312726502676
31744057,DAVIS-LACY 31I,209H,exponential,72,350.5831262139728
31744057,DAVIS-LACY 31I,209H,exponential,73,331.7089202939468
31744057,DAVIS-LACY 31I,209H,exponential,74,313.85083757687886
31744057,DAVIS-LACY 31I,209H,exponential,75,296.9541734374212
31744057,DAVIS-LACY 31I,209H,exponential,76,280.96716836163165
31744057,DAVIS-LACY 31I,209H,exponential,77,265.8408493921688
31744057,DAVIS-LACY 31I,209H,exponential,78,251.52888010953995
31744057,DAVIS-LACY 31I,209H,exponential,79,237.98741868984962
31744057,DAVIS-LACY 31I,209H,exponential,80,225.1749836042371
31744057,DAVIS-LACY 31I,209H,exponential,81,213.0523265486009
31744057,DAVIS-LACY 31I,209H,exponential,82,201.58231221435537
31744057,DAVIS-LACY 31I,209H,exponential,83,190.7298045319219
31744057,DAVIS-LACY 31I,209H,exponential,84,180.46155903848464
31744057,DAVIS-LACY 31I,209H,exponential,85,170.74612104030095
31744057,DAVIS-LACY 31I,209H,exponential,86,161.55372925760753
31744057,DAVIS-LACY 31I,209H,exponential,87,152.8562246569578
31744057,DAVIS-LACY 31I,209H,exponential,88,144.6269641917171
31744057,DAVIS-LACY 31I,209H,exponential,89,136.84073918647644
31744057,DAVIS-LACY 31I,209H,exponential,90,129.47369811537322
31744057,DAVIS-LACY 31I,209H,exponential,91,122.50327353776439
31744057,DAVIS-LACY 31I,209H,exponential,92,115.90811296743553
31744057,DAVIS-LACY 31I,209H,exponential,93,109.66801346357697
31744057,DAVIS-LACY 31I,209H,exponential,94,103.76385974315978
31744057,DAVIS-LACY 31I,209H,exponential,95,98.17756562513152
31744057,DAVIS-LACY 31I,209H,exponential,96,92.89201862705775
31744057,DAVIS-LACY 31I,209H,exponential,97,87.89102754449239
31744057,DAVIS-LACY 31I,209H,exponential,98,83.15927285249691
31744057,DAVIS-LACY 31I,209H,exponential,99,78.68225977737337
31744057,DAVIS-LACY 31I,209H,exponential,100,74.44627389485623
31744057,DAVIS-LACY 31I,209H,exponential,101,70.43833911874675
31744057,DAVIS-LACY 31I,209H,exponential,102,66.64617795129679
31744057,DAVIS-LACY 31I,209H,exponential,103,63.05817387357708
31744057,DAVIS-LACY 31I,209H,exponential,104,59.66333576062043
31744057,DAVIS-LACY 31I,209H,exponential,105,56.451264212332916
31744057,DAVIS-LACY 31I,209H,exponential,106,53.412119697034534
31744057,DAVIS-LACY 31I,209H,exponential,107,50.53659241004351
31744057,DAVIS-LACY 31I,209H,exponential,108,47.815873754972195
31744057,DAVIS-LACY 31I,209H,exponential,109,45.241629360373224
31744057,DAVIS-LACY 31I,209H,exponential,110,42.80597354907783
31744057,DAVIS-LACY 31I,209H,exponential,111,40.5014451820184
31744057,DAVIS-LACY 31I,209H,exponential,112,38.32098480253769
31744057,DAVIS-LACY 31I,209H,exponential,113,36.25791301117077
31744057,DAVIS-LACY 31I,209H,exponential,114,34.30591000465543
31744057,DAVIS-LACY 31I,209H,exponential,115,32.458996216492814
31744057,DAVIS-LACY 31I,209H,exponential,116,30.71151399975455
31744057,DAVIS-LACY 31I,209H,exponential,117,29.05811029602541
31744057,DAVIS-LACY 31I,209H,exponential,118,27.493720237391297
31744057,DAVIS-LACY 31I,209H,exponential,119,26.01355163124056
31744057,DAVIS-LACY 31I,209H,exponential,120,24.613070280350918
31744059,DAVIS-LACY 31G,207H,exponential,34,1370.7246016294062
31744059,DAVIS-LACY 31G,207H,exponential,35,1270.27765817132
31744059,DAVIS-LACY 31G,207H,exponential,36,1177.1914846578877
31744059,DAVIS-LACY 31G,207H,exponential,37,1090.9266825537954
31744059,DAVIS-LACY 31G,207H,exponential,38,1010.9833805446692
31744059,DAVIS-LACY 31G,207H,exponential,39,936.8983379752715
31744059,DAVIS-LACY 31G,207H,exponential,40,868.2422605482607
31744059,DAVIS-LACY 31G,207H,exponential,41,804.6173127290263
31744059,DAVIS-LACY 31G,207H,exponential,42,745.6548124419403
31744059,DAVIS-LACY 31G,207H,exponential,43,691.0130946996804
31744059,DAVIS-LACY 31G,207H,exponential,44,640.3755317861769
31744059,DAVIS-LACY 31G,207H,exponential,45,593.4486985209061
31744059,DAVIS-LACY 31G,207H,exponential,46,549.9606719729439
31744059,DAVIS-LACY 31G,207H,exponential,47,509.6594557722787
31744059,DAVIS-LACY 31G,207H,exponential,48,472.31151988786974
31744059,DAVIS-LACY 31G,207H,exponential,49,437.70044741103214
31744059,DAVIS-LACY 31G,207H,exponential,50,405.62568050277633
31744059,DAVIS-LACY 31G,207H,exponential,51,375.9013582383498
31744059,DAVIS-LACY 31G,207H,exponential,52,348.3552396147389
31744059,DAVIS-LACY 31G,207H,exponential,53,322.827705480373
31744059,DAVIS-LACY 31G,207H,exponential,54,299.17083360359777
31744059,DAVIS-LACY 31G,207H,exponential,55,277.2475415202958
31744059,DAVIS-LACY 31G,207H,exponential,56,256.93079219378757
31744059,DAVIS-LACY 31G,207H,exponential,57,238.1028578841148
31744059,DAVIS-LACY 31G,207H,exponential,58,220.65463796111638
31744059,DAVIS-LACY 31G,207H,exponential,59,204.48502670828117
31744059,DAVIS-LACY 31G,207H,exponential,60,189.50032745405045
31744059,DAVIS-LACY 31G,207H,exponential,61,175.61370963567978
31744059,DAVIS-LACY 31G,207H,exponential,62,162.74470564956107
31744059,DAVIS-LACY 31G,207H,exponential,63,150.8187445724401
31744059,DAVIS-LACY 31G,207H,exponential,64,139.76672005162888
31744059,DAVIS-LACY 31G,207H,exponential,65,129.52458986029833
31744059,DAVIS-LACY 31G,207H,exponential,66,120.03300479743186
31744059,DAVIS-LACY 31G,207H,exponential,67,111.23696478205645
31744059,DAVIS-LACY 31G,207H,exponential,68,103.085500148949
31744059,DAVIS-LACY 31G,207H,exponential,69,95.53137629905147
31744059,DAVIS-LACY 31G,207H,exponential,70,88.53081999315509
31744059,DAVIS-LACY 31G,207H,exponential,71,82.04326570283334
31744059,DAVIS-LACY 31G,207H,exponential,72,76.03112054882278
31744059,DAVIS-LACY 31G,207H,exponential,73,70.45954646476231
31744059,DAVIS-LACY 31G,207H,exponential,74,65.29625832401156
31744059,DAVIS-LACY 31G,207H,exponential,75,60.51133685977288
31744059,DAVIS-LACY 31G,207H,exponential,76,56.07705529445946
31744059,DAVIS-LACY 31G,207H,exponential,77,51.96771867369498
31744059,DAVIS-LACY 31G,207H,exponential,78,48.15951497394575
31744059,DAVIS-LACY 31G,207H,exponential,79,44.630377121012806
31744059,DAVIS-LACY 31G,207H,exponential,80,41.35985511983296
31744059,DAVIS-LACY 31G,207H,exponential,81,38.32899755463132
31744059,DAVIS-LACY 31G,207H,exponential,82,35.52024177276343
31744059,DAVIS-LACY 31G,207H,exponential,83,32.91731211590521
31744059,DAVIS-LACY 31G,207H,exponential,84,30.505125608879613
31744059,DAVIS-LACY 31G,207H,exponential,85,28.269704559622486
31744059,DAVIS-LACY 31G,207H,exponential,86,26.198095563839015
31744059,DAVIS-LACY 31G,207H,exponential,87,24.27829444501299
31744059,DAVIS-LACY 31G,207H,exponential,88,22.49917669482592
31744059,DAVIS-LACY 31G,207H,exponential,89,20.850433010914347
31744059,DAVIS-LACY 31G,207H,exponential,90,19.32250955843213
31744059,DAVIS-LACY 31G,207H,exponential,91,17.906552609255755
31744059,DAVIS-LACY 31G,207H,exponential,92,16.594357238038917
31744059,DAVIS-LACY 31G,207H,exponential,93,15.378319777829061
31744059,DAVIS-LACY 31G,207H,exponential,94,14.251393759745095
31744059,DAVIS-LACY 31G,207H,exponential,95,13.207049081403154
31744059,DAVIS-LACY 31G,207H,exponential,96,12.239234167487622
31744059,DAVIS-LACY 31G,207H,exponential,97,11.342340903202079
31744059,DAVIS-LACY 31G,207H,exponential,98,10.511172137403337
31744059,DAVIS-LACY 31G,207H,exponential,99,9.740911567111613
31744059,DAVIS-LACY 31G,207H,exponential,100,9.02709582888908
31744059,DAVIS-LACY 31G,207H,exponential,101,8.365588635367288
31744059,DAVIS-LACY 31G,207H,exponential,102,7.752556807054384
31744059,DAVIS-LACY 31G,207H,exponential,103,7.184448060535857
31744059,DAVIS-LACY 31G,207H,exponential,104,6.657970424359808
31744059,DAVIS-LACY 31G,207H,exponential,105,6.170073163329916
31744059,DAVIS-LACY 31G,207H,exponential,106,5.71792910066953
31744059,DAVIS-LACY 31G,207H,exponential,107,5.298918235620812
31744059,DAVIS-LACY 31G,207H,exponential,108,4.910612561549073
31744059,DAVIS-LACY 31G,207H,exponential,109,4.550761996579164
31744059,DAVIS-LACY 31G,207H,exponential,110,4.217281345237372
31744059,DAVIS-LACY 31G,207H,exponential,111,3.9082382155464463
31744059,DAVIS-LACY 31G,207H,exponential,112,3.621841821558137
31744059,DAVIS-LACY 31G,207H,exponential,113,3.356432606438104
31744059,DAVIS-LACY 31G,207H,exponential,114,3.110472625973026
31744059,DAVIS-LACY 31G,207H,exponential,115,2.882536636776045
31744059,DAVIS-LACY 31G,207H,exponential,116,2.671303837550059
31744059,DAVIS-LACY 31G,207H,exponential,117,2.475550215552762
31744059,DAVIS-LACY 31G,207H,exponential,118,2.2941414539140657
31744059,DAVIS-LACY 31G,207H,exponential,119,2.12602635870659
31744059,DAVIS-LACY 31G,207H,exponential,120,1.970230767681561
31744066,EPLEY-MARTIN 31K,111H,exponential,34,1707.964012095825
31744066,EPLEY-MARTIN 31K,111H,exponential,35,1556.495642256987
31744066,EPLEY-MARTIN 31K,111H,exponential,36,1418.4600303095062
31744066,EPLEY-MARTIN 31K,111H,exponential,37,1292.665911141335
31744066,EPLEY-MARTIN 31K,111H,exponential,38,1178.027665299988
31744066,EPLEY-MARTIN 31K,111H,exponential,39,1073.555949956825
31744066,EPLEY-MARTIN 31K,111H,exponential,40,978.3491607509981
31744066,EPLEY-MARTIN 31K,111H,exponential,41,891.5856508276784
31744066,EPLEY-MARTIN 31K,111H,exponential,42,812.5166399198587
31744066,EPLEY-MARTIN 31K,111H,exponential,43,740.4597522781968
31744066,EPLEY-MARTIN 31K,111H,exponential,44,674.7931276803971
31744066,EPLEY-MARTIN 31K,111H,exponential,45,614.9500546973894
31744066,EPLEY-MARTIN 31K,111H,exponential,46,560.4140799006955
31744066,EPLEY-MARTIN 31K,111H,exponential,47,510.714550802814
31744066,EPLEY-MARTIN 31K,111H,exponential,48,465.42255406562737
31744066,EPLEY-MARTIN 31K,111H,exponential,49,424.14721392304244
31744066,EPLEY-MARTIN 31K,111H,exponential,50,386.5323188727807
31744066,EPLEY-MARTIN 31K,111H,exponential,51,352.25324752522766
31744066,EPLEY-MARTIN 31K,111H,exponential,52,321.01416707902354
31744066,EPLEY-MARTIN 31K,111H,exponential,53,292.54548024588183
31744066,EPLEY-MARTIN 31K,111H,exponential,54,266.6014985912626
31744066,EPLEY-MARTIN 31K,111H,exponential,55,242.95832221153458
31744066,EPLEY-MARTIN 31K,111H,exponential,56,221.4119074489642
31744066,EPLEY-MARTIN 31K,111H,exponential,57,201.77630596866743
31744066,EPLEY-MARTIN 31K,111H,exponential,58,183.88206000052577
31744066,EPLEY-MARTIN 31K,111H,exponential,59,167.57473989680201
31744066,EPLEY-MARTIN 31K,111H,exponential,60,152.713611384387
31744066,EPLEY-MARTIN 31K,111H,exponential,61,139.17042100989497
31744066,EPLEY-MARTIN 31K,111H,exponential,62,126.8282892958393
31744066,EPLEY-MARTIN 31K,111H,exponential,63,115.58070205568649
31744066,EPLEY-MARTIN 31K,111H,exponential,64,105.33059116270526
31744066,EPLEY-MARTIN 31K,111H,exponential,65,95.98949683952988
31744066,EPLEY-MARTIN 31K,111H,exponential,66,87.47680423888622
31744066,EPLEY-MARTIN 31K,111H,exponential,67,79.71904772707516
31744066,EPLEY-MARTIN 31K,111H,exponential,68,72.64927686609103
31744066,EPLEY-MARTIN 31K,111H,exponential,69,66.20647862271687
31744066,EPLEY-MARTIN 31K,111H,exponential,70,60.335050818188805
31744066,EPLEY-MARTIN 31K,111H,exponential,71,54.98432227423058
31744066,EPLEY-MARTIN 31K,111H,exponential,72,50.108115514258294
31744066,EPLEY-MARTIN 31K,111H,exponential,73,45.66434824580891
31744066,EPLEY-MARTIN 31K,111H,exponential,74,41.61467018493559
31744066,EPLEY-MARTIN 31K,111H,exponential,75,37.92413208831703
31744066,EPLEY-MARTIN 31K,111H,exponential,76,34.5608841367859
31744066,EPLEY-MARTIN 31K,111H,exponential,77,31.495901067286525
31744066,EPLEY-MARTIN 31K,111H,exponential,78,28.702731681115917
31744066,EPLEY-MARTIN 31K,111H,exponential,79,26.15727056667161
31744066,EPLEY-MARTIN 31K,111H,exponential,80,23.83755006664453
31744066,EPLEY-MARTIN 31K,111H,exponential,81,21.72355069430662
31744066,EPLEY-MARTIN 31K,111H,exponential,82,19.79702836276151
31744066,EPLEY-MARTIN 31K,111H,exponential,83,18.04135693612462
31744066,EPLEY-MARTIN 31K,111H,exponential,84,16.441384743828745
31744066,EPLEY-MARTIN 31K,111H,exponential,85,14.983303819755301
31744066,EPLEY-MARTIN 31K,111H,exponential,86,13.654530737708038
31744066,EPLEY-MARTIN 31K,111H,exponential,87,12.443598014824124
31744066,EPLEY-MARTIN 31K,111H,exponential,88,11.340055145719765
31744066,EPLEY-MARTIN 31K,111H,exponential,89,10.334378413282655
31744066,EPLEY-MARTIN 31K,111H,exponential,90,9.417888697766458
31744066,EPLEY-MARTIN 31K,111H,exponential,91,8.582676574869414
31744066,EPLEY-MARTIN 31K,111H,exponential,92,7.821534056383772
31744066,EPLEY-MARTIN 31K,111H,exponential,93,7.127892384329068
31744066,EPLEY-MARTIN 31K,111H,exponential,94,6.495765341724599
31744066,EPLEY-MARTIN 31K,111H,exponential,95,5.919697590765787
31744066,EPLEY-MARTIN 31K,111H,exponential,96,5.394717592556147
31744066,EPLEY-MARTIN 31K,111H,exponential,97,4.916294702086288
31744066,EPLEY-MARTIN 31K,111H,exponential,98,4.4803000681838085
31744066,EPLEY-MARTIN 31K,111H,exponential,99,4.082971000995849
31744066,EPLEY-MARTIN 31K,111H,exponential,100,3.7208784994909667
31744066,EPLEY-MARTIN 31K,111H,exponential,101,3.390897658738533
31744066,EPLEY-MARTIN 31K,111H,exponential,102,3.0901807015766543
31744066,EPLEY-MARTIN 31K,111H,exponential,103,2.81613240192841
31744066,EPLEY-MARTIN 31K,111H,exponential,104,2.56638768766654
31744066,EPLEY-MARTIN 31K,111H,exponential,105,2.3387912297363083
31744066,EPLEY-MARTIN 31K,111H,exponential,106,2.13137884138813
31744066,EPLEY-MARTIN 31K,111H,exponential,107,1.9423605269929087
31744066,EPLEY-MARTIN 31K,111H,exponential,108,1.7701050341491775
31744066,EPLEY-MARTIN 31K,111H,exponential,109,1.6131257757647477
31744066,EPLEY-MARTIN 31K,111H,exponential,110,1.4700680006186138
31744066,EPLEY-MARTIN 31K,111H,exponential,111,1.339697101683391
31744066,EPLEY-MARTIN 31K,111H,exponential,112,1.2208879613076538
31744066,EPLEY-MARTIN 31K,111H,exponential,113,1.11261524130566
31744066,EPLEY-MARTIN 31K,111H,exponential,114,1.0139445341567326
31744066,EPLEY-MARTIN 31K,111H,exponential,115,0.924024298947992
31744066,EPLEY-MARTIN 31K,111H,exponential,116,0.8420785124665872
31744066,EPLEY-MARTIN 31K,111H,exponential,117,0.7673999720194072
31744066,EPLEY-MARTIN 31K,111H,exponential,118,0.6993441921827368
31744066,EPLEY-MARTIN 31K,111H,exponential,119,0.6373238428100385
31744066,EPLEY-MARTIN 31K,111H,exponential,120,0.5808036802971267
31744064,EPLEY-MARTIN 31I,109H,exponential,34,1967.5533781125189
31744064,EPLEY-MARTIN 31I,109H,exponential,35,1805.8647881014329
31744064,EPLEY-MARTIN 31I,109H,exponential,36,1657.4633599181261
31744064,EPLEY-MARTIN 31I,109H,exponential,37,1521.2571880086832
31744064,EPLEY-MARTIN 31I,109H,exponential,38,1396.2440968724654
31744064,EPLEY-MARTIN 31I,109H,exponential,39,1281.504267271919
31744064,EPLEY-MARTIN 31I,109H,exponential,40,1176.193468401924
31744064,EPLEY-MARTIN 31I,109H,exponential,41,1079.5368462224576
31744064,EPLEY-MARTIN 31I,109H,exponential,42,990.8232222504517
31744064,EPLEY-MARTIN 31I,109H,exponential,43,909.3998608626141
31744064,EPLEY-MARTIN 31I,109H,exponential,44,834.6676666081391
31744064,EPLEY-MARTIN 31I,109H,exponential,45,766.076776194189
31744064,EPLEY-MARTIN 31I,109H,exponential,46,703.1225127109279
31744064,EPLEY-MARTIN 31I,109H,exponential,47,645.3416723281669
31744064,EPLEY-MARTIN 31I,109H,exponential,48,592.3091161419479
31744064,EPLEY-MARTIN 31I,109H,exponential,49,543.6346420946026
31744064,EPLEY-MARTIN 31I,109H,exponential,50,498.9601139525607
31744064,EPLEY-MARTIN 31I,109H,exponential,51,457.95682621753986
31744064,EPLEY-MARTIN 31I,109H,exponential,52,420.3230855827121
31744064,EPLEY-MARTIN 31I,109H,exponential,53,385.78199113872114
31744064,EPLEY-MARTIN 31I,109H,exponential,54,354.079396996789
31744064,EPLEY-MARTIN 31I,109H,exponential,55,324.9820423383315
31744064,EPLEY-MARTIN 31I,109H,exponential,56,298.2758351323976
31744064,EPLEY-MARTIN 31I,109H,exponential,57,273.76427689289443
31744064,EPLEY-MARTIN 31I,109H,exponential,58,251.26701688530085
31744064,EPLEY-MARTIN 31I,109H,exponential,59,230.61852514504125
31744064,EPLEY-MARTIN 31I,109H,exponential,60,211.66687454387252
31744064,EPLEY-MARTIN 31I,109H,exponential,61,194.27262294299177
31744064,EPLEY-MARTIN 31I,109H,exponential,62,178.30778720799339
31744064,EPLEY-MARTIN 31I,109H,exponential,63,163.65490153669617
31744064,EPLEY-MARTIN 31I,109H,exponential,64,150.2061531712233
31744064,EPLEY-MARTIN 31I,109H,exponential,65,137.86258913508905
31744064,EPLEY-MARTIN 31I,109H,exponential,66,126.53338815863879
31744064,EPLEY-MARTIN 31I,109H,exponential,67,116.1351924358259
31744064,EPLEY-MARTIN 31I,109H,exponential,68,106.59149429553541
31744064,EPLEY-MARTIN 31I,109H,exponential,69,97.83207327471769
31744064,EPLEY-MARTIN 31I,109H,exponential,70,89.79247945143598
31744064,EPLEY-MARTIN 31I,109H,exponential,71,82.41355923630587
31744064,EPLEY-MARTIN 31I,109H,exponential,72,75.6410201332009
31744064,EPLEY-MARTIN 31I,109H,exponential,73,69.42503126683019
31744064,EPLEY-MARTIN 31I,109H,exponential,74,63.719856737955304
31744064,EPLEY-MARTIN 31I,109H,exponential,75,58.48351910855293
31744064,EPLEY-MARTIN 31I,109H,exponential,76,53.67749054092157
31744064,EPLEY-MARTIN 31I,109H,exponential,77,49.26640931819977
31744064,EPLEY-MARTIN 31I,109H,exponential,78,45.21781966051519
31744064,EPLEY-MARTIN 31I,109H,exponential,79,41.501932922388725
31744064,EPLEY-MARTIN 31I,109H,exponential,80,38.09140841433546
31744064,EPLEY-MARTIN 31I,109H,exponential,81,34.96115223599555
31744064,EPLEY-MARTIN 31I,109H,exponential,82,32.088132640652326
31744064,EPLEY-MARTIN 31I,109H,exponential,83,29.451210572630494
31744064,EPLEY-MARTIN 31I,109H,exponential,84,27.030984130704777
31744064,EPLEY-MARTIN 31I,109H,exponential,85,24.809645813114425
31744064,EPLEY-MARTIN 31I,109H,exponential,86,22.770851493823777
31744064,EPLEY-MARTIN 31I,109H,exponential,87,20.899600165984257
31744064,EPLEY-MARTIN 31I,109H,exponential,88,19.182123567776213
31744064,EPLEY-MARTIN 31I,109H,exponential,89,17.605784878521717
31744064,EPLEY-MARTIN 31I,109H,exponential,90,16.158985739696067
31744064,EPLEY-MARTIN 31I,109H,exponential,91,14.831080916718873
31744064,EPLEY-MARTIN 31I,109H,exponential,92,13.612299973624452
31744064,EPLEY-MARTIN 31I,109H,exponential,93,12.493675384311063
31744064,EPLEY-MARTIN 31I,109H,exponential,94,11.466976551426878
31744064,EPLEY-MARTIN 31I,109H,exponential,95,10.524649247417972
31744064,EPLEY-MARTIN 31I,109H,exponential,96,9.659760032158815
31744064,EPLEY-MARTIN 31I,109H,exponential,97,8.865945238202118
31744064,EPLEY-MARTIN 31I,109H,exponential,98,8.137364148292573
31744064,EPLEY-MARTIN 31I,109H,exponential,99,7.468656020634886
31744064,EPLEY-MARTIN 31I,109H,exponential,100,6.854900645717074
31744064,EPLEY-MARTIN 31I,109H,exponential,101,6.291582144475027
31744064,EPLEY-MARTIN 31I,109H,exponential,102,5.774555741432805
31744064,EPLEY-MARTIN 31I,109H,exponential,103,5.300017268342755
31744064,EPLEY-MARTIN 31I,109H,exponential,104,4.8644751739397964
31744064,EPLEY-MARTIN 31I,109H,exponential,105,4.464724833863742
31744064,EPLEY-MARTIN 31I,109H,exponential,106,4.09782497172764
31744064,EPLEY-MARTIN 31I,109H,exponential,107,3.7610760178433673
31744064,EPLEY-MARTIN 31I,109H,exponential,108,3.4520002463728234
31744064,EPLEY-MARTIN 31I,109H,exponential,109,3.1683235447580627
31744064,EPLEY-MARTIN 31I,109H,exponential,110,2.9079586812938305
31744064,EPLEY-MARTIN 31I,109H,exponential,111,2.668989947728928
31744064,EPLEY-MARTIN 31I,109H,exponential,112,2.4496590638999765
31744064,EPLEY-MARTIN 31I,109H,exponential,113,2.2483522406869643
31744064,EPLEY-MARTIN 31I,109H,exponential,114,2.0635883061025426
31744064,EPLEY-MARTIN 31I,109H,exponential,115,1.8940078071494906
31744064,EPLEY-MARTIN 31I,109H,exponential,116,1.7383630072601146
31744064,EPLEY-MARTIN 31I,109H,exponential,117,1.595508705720935
31744064,EPLEY-MARTIN 31I,109H,exponential,118,1.464393811533967
31744064,EPLEY-MARTIN 31I,109H,exponential,119,1.3440536097169133
31744064,EPLEY-MARTIN 31I,109H,exponential,120,1.2336026631393364
31744053,EPLEY-MARTIN 31D,104H,exponential,34,2003.8539657559556
31744053,EPLEY-MARTIN 31D,104H,exponential,35,1884.1676000181053
31744053,EPLEY-MARTIN 31D,104H,exponential,36,1771.629872049441
31744053,EPLEY-MARTIN 31D,104H,exponential,37,1665.8138073851587
31744053,EPLEY-MARTIN 31D,104H,exponential,38,1566.317933928809
31744053,EPLEY-MARTIN 31D,104H,exponential,39,1472.7647587445906
31744053,EPLEY-MARTIN 31D,104H,exponential,40,1384.7993358279446
31744053,EPLEY-MARTIN 31D,104H,exponential,41,1302.0879194204574
31744053,EPLEY-MARTIN 31D,104H,exponential,42,1224.316697759701
31744053,EPLEY-MARTIN 31D,104H,exponential,43,1151.190602459765
31744053,EPLEY-MARTIN 31D,104H,exponential,44,1082.4321890052215
31744053,EPLEY-MARTIN 31D,104H,exponential,45,1017.780584111036
31744053,EPLEY-MARTIN 31D,104H,exponential,46,956.9904959546664
31744053,EPLEY-MARTIN 31D,104H,exponential,47,899.8312835250982
31744053,EPLEY-MARTIN 31D,104H,exponential,48,846.0860815578909
31744053,EPLEY-MARTIN 31D,104H,exponential,49,795.5509777361709
31744053,EPLEY-MARTIN 31D,104H,exponential,50,748.0342390358462
31744053,EPLEY-MARTIN 31D,104H,exponential,51,703.355584279733
31744053,EPLEY-MARTIN 31D,104H,exponential,52,661.34550014064
31744053,EPLEY-MARTIN 31D,104H,exponential,53,621.8445979982758
31744053,EPLEY-MARTIN 31D,104H,exponential,54,584.7030092098682
31744053,EPLEY-MARTIN 31D,104H,exponential,55,549.7798165001072
31744053,EPLEY-MARTIN 31D,104H,exponential,56,516.9425193130859
31744053,EPLEY-MARTIN 31D,104H,exponential,57,486.0665310977417
31744053,EPLEY-MARTIN 31D,104H,exponential,58,457.0347066194817
31744053,EPLEY-MARTIN 31D,104H,exponential,59,429.7368975045772
31744053,EPLEY-MARTIN 31D,104H,exponential,60,404.06953433104474
31744053,EPLEY-MARTIN 31D,104H,exponential,61,379.9352336804363
31744053,EPLEY-MARTIN 31D,104H,exponential,62,357.2424286596786
31744053,EPLEY-MARTIN 31D,104H,exponential,63,335.9050214911327
31744053,EPLEY-MARTIN 31D,104H,exponential,64,315.8420568527883
31744053,EPLEY-MARTIN 31D,104H,exponential,65,296.97741472922087
31744053,EPLEY-MARTIN 31D,104H,exponential,66,279.2395216079755
31744053,EPLEY-MARTIN 31D,104H,exponential,67,262.56107892563847
31744053,EPLEY-MARTIN 31D,104H,exponential,68,246.87880773330485
31744053,EPLEY-MARTIN 31D,104H,exponential,69,232.13320861268943
31744053,EPLEY-MARTIN 31D,104H,exponential,70,218.26833593199095
31744053,EPLEY-MARTIN 31D,104H,exponential,71,205.23158558501993
31744053,EPLEY-MARTIN 31D,104H,exponential,72,192.9734954082636
31744053,EPLEY-MARTIN 31D,104H,exponential,73,181.4475575186571
31744053,EPLEY-MARTIN 31D,104H,exponential,74,170.6100418600622
31744053,EPLEY-MARTIN 31D,104H,exponential,75,160.419830288976
31744053,EPLEY-MARTIN 31D,104H,exponential,76,150.83826056998367
31744053,EPLEY-MARTIN 31D,104H,exponential,77,141.82897968906394
31744053,EPLEY-MARTIN 31D,104H,exponential,78,133.35780592821177
31744053,EPLEY-MARTIN 31D,104H,exponential,79,125.39259917807823
31744053,EPLEY-MARTIN 31D,104H,exponential,80,117.90313899658979
31744053,EPLEY-MARTIN 31D,104H,exponential,81,110.86100995089214
31744053,EPLEY-MARTIN 31D,104H,exponential,82,104.23949380760155
31744053,EPLEY-MARTIN 31D,104H,exponential,83,98.01346816232537
31744053,EPLEY-MARTIN 31D,104H,exponential,84,92.15931112384796
31744053,EPLEY-MARTIN 31D,104H,exponential,85,86.65481169134763
31744053,EPLEY-MARTIN 31D,104H,exponential,86,81.47908548461153
31744053,EPLEY-MARTIN 31D,104H,exponential,87,76.61249550752312
31744053,EPLEY-MARTIN 31D,104H,exponential,88,72.03657764419543
31744053,EPLEY-MARTIN 31D,104H,exponential,89,67.73397060507737
31744053,EPLEY-MARTIN 31D,104H,exponential,90,63.6883500572458
31744053,EPLEY-MARTIN 31D,104H,exponential,91,59.8843666889687
31744053,EPLEY-MARTIN 31D,104H,exponential,92,56.30758797355394
31744053,EPLEY-MARTIN 31D,104H,exponential,93,52.944443411531644
31744053,EPLEY-MARTIN 31D,104H,exponential,94,49.78217304341679
31744053,EPLEY-MARTIN 31D,104H,exponential,95,46.80877903770561
31744053,EPLEY-MARTIN 31D,104H,exponential,96,44.01298017042864
31744053,EPLEY-MARTIN 31D,104H,exponential,97,41.384169023552765
31744053,EPLEY-MARTIN 31D,104H,exponential,98,38.91237173984133
31744053,EPLEY-MARTIN 31D,104H,exponential,99,36.58821018147906
31744053,EPLEY-MARTIN 31D,104H,exponential,100,34.402866348890036
31744053,EPLEY-MARTIN 31D,104H,exponential,101,32.34804892475191
31744053,EPLEY-MARTIN 31D,104H,exponential,102,30.415961816271842
31744053,EPLEY-MARTIN 31D,104H,exponential,103,28.599274576372395
31744053,EPLEY-MARTIN 31D,104H,exponential,104,26.89109459156317
31744053,EPLEY-MARTIN 31D,104H,exponential,105,25.284940930978042
31744053,EPLEY-MARTIN 31D,104H,exponential,106,23.774719757359076
31744053,EPLEY-MARTIN 31D,104H,exponential,107,22.354701206695548
31744053,EPLEY-MARTIN 31D,104H,exponential,108,21.01949764879777
31744053,EPLEY-MARTIN 31D,104H,exponential,109,19.764043246325468
31744053,EPLEY-MARTIN 31D,104H,exponential,110,18.58357473471613
31744053,EPLEY-MARTIN 31D,104H,exponential,111,17.473613350091583
31744053,EPLEY-MARTIN 31D,104H,exponential,112,16.42994783657604
31744053,EPLEY-MARTIN 31D,104H,exponential,113,15.448618468554752
31744053,EPLEY-MARTIN 31D,104H,exponential,114,14.525902027252394
31744053,EPLEY-MARTIN 31D,104H,exponential,115,13.658297674631807
31744053,EPLEY-MARTIN 31D,104H,exponential,116,12.842513671017695
31744053,EPLEY-MARTIN 31D,104H,exponential,117,12.075454886051345
31744053,EPLEY-MARTIN 31D,104H,exponential,118,11.35421105559206
31744053,EPLEY-MARTIN 31D,104H,exponential,119,10.676045740011466
31744053,EPLEY-MARTIN 31D,104H,exponential,120,10.038385941987716
31744068,DAVIS-LACY 31E,205H,exponential,34,1426.1598447446784
31744068,DAVIS-LACY 31E,205H,exponential,35,1315.219228531239
31744068,DAVIS-LACY 31E,205H,exponential,36,1212.908654995814
31744068,DAVIS-LACY 31E,205H,exponential,37,1118.5567952854879
31744068,DAVIS-LACY 31E,205H,exponential,38,1031.5445430502425
31744068,DAVIS-LACY 31E,205H,exponential,39,951.3009520675693
31744068,DAVIS-LACY 31E,205H,exponential,40,877.2994898782433
31744068,DAVIS-LACY 31E,205H,exponential,41,809.0545828508314
31744068,DAVIS-LACY 31E,205H,exponential,42,746.1184300047613
31744068,DAVIS-LACY 31E,205H,exponential,43,688.0780646852962
31744068,DAVIS-LACY 31E,205H,exponential,44,634.5526448100762
31744068,DAVIS-LACY 31E,205H,exponential,45,585.1909539066971
31744068,DAVIS-LACY 31E,205H,exponential,46,539.6690965439536
31744068,DAVIS-LACY 31E,205H,exponential,47,497.68837303490324
31744068,DAVIS-LACY 31E,205H,exponential,48,458.97331946624706
31744068,DAVIS-LACY 31E,205H,exponential,49,423.26990019333306
31744068,DAVIS-LACY 31E,205H,exponential,50,390.3438409405173
31744068,DAVIS-LACY 31E,205H,exponential,51,359.9790915692331
31744068,DAVIS-LACY 31E,205H,exponential,52,331.97640842694165
31744068,DAVIS-LACY 31E,205H,exponential,53,306.15204697480493
31744068,DAVIS-LACY 31E,205H,exponential,54,282.3365561155238
31744068,DAVIS-LACY 31E,205H,exponential,55,260.37366631010786
31744068,DAVIS-LACY 31E,205H,exponential,56,240.11926418776545
31744068,DAVIS-LACY 31E,205H,exponential,57,221.44044692063267
31744068,DAVIS-LACY 31E,205H,exponential,58,204.2146501584522
31744068,DAVIS-LACY 31E,205H,exponential,59,188.32884380099821
31744068,DAVIS-LACY 31E,205H,exponential,60,173.67879033115887
31744068,DAVIS-LACY 31E,205H,exponential,61,160.1683608421045
31744068,DAVIS-LACY 31E,205H,exponential,62,147.70890427053013
31744068,DAVIS-LACY 31E,205H,exponential,63,136.2186656970844
31744068,DAVIS-LACY 31E,205H,exponential,64,125.62224989706405
31744068,DAVIS-LACY 31E,205H,exponential,65,115.85012662136351
31744068,DAVIS-LACY 31E,205H,exponential,66,106.83817436149594
31744068,DAVIS-LACY 31E,205H,exponential,67,98.52725960501911
31744068,DAVIS-LACY 31E,205H,exponential,68,90.86284882057488
31744068,DAVIS-LACY 31E,205H,exponential,69,83.79465062651633
31744068,DAVIS-LACY 31E,205H,exponential,70,77.27628579514649
31744068,DAVIS-LACY 31E,205H,exponential,71,71.2649829272451
31744068,DAVIS-LACY 31E,205H,exponential,72,65.7212977999975
31744068,DAVIS-LACY 31E,205H,exponential,73,60.608854546777124
31744068,DAVIS-LACY 31E,205H,exponential,74,55.89410697048847
31744068,DAVIS-LACY 31E,205H,exponential,75,51.54611842428451
31744068,DAVIS-LACY 31E,205H,exponential,76,47.536358815308226
31744068,DAVIS-LACY 31E,205H,exponential,77,43.83851739946217
31744068,DAVIS-LACY 31E,205H,exponential,78,40.42833013882547
31744068,DAVIS-LACY 31E,205H,exponential,79,37.28342048889442
31744068,DAVIS-LACY 31E,205H,exponential,80,34.3831525709436
31744068,DAVIS-LACY 31E,205H,exponential,81,31.708495766071827
31744068,DAVIS-LACY 31E,205H,exponential,82,29.24189984244377
31744068,DAVIS-LACY 31E,205H,exponential,83,26.967179796351626
31744068,DAVIS-LACY 31E,205H,exponential,84,24.869409651461943
31744068,DAVIS-LACY 31E,205H,exponential,85,22.93482451939241
31744068,DAVIS-LACY 31E,205H,exponential,86,21.15073027897153
31744068,DAVIS-LACY 31E,205H,exponential,87,19.505420281526302
31744068,DAVIS-LACY 31E,205H,exponential,88,17.98809853564441
31744068,DAVIS-LACY 31E,205H,exponential,89,16.58880886737462
31744068,DAVIS-LACY 31E,205H,exponential,90,15.298369591037414
31744068,DAVIS-LACY 31E,205H,exponential,91,14.108313261976697
31744068,DAVIS-LACY 31E,205H,exponential,92,13.010831115930056
31744068,DAVIS-LACY 31E,205H,exponential,93,11.998721830446224
31744068,DAVIS-LACY 31E,205H,exponential,94,11.065344272139162
31744068,DAVIS-LACY 31E,205H,exponential,95,10.204573919721378
31744068,DAVIS-LACY 31E,205H,exponential,96,9.410762676878418
31744068,DAVIS-LACY 31E,205H,exponential,97,8.678701811289935
31744068,DAVIS-LACY 31E,205H,exponential,98,8.003587776614832
31744068,DAVIS-LACY 31E,205H,exponential,99,7.380990693175723
31744068,DAVIS-LACY 31E,205H,exponential,100,6.806825280522991
31744068,DAVIS-LACY 31E,205H,exponential,101,6.277324051147386
31744068,DAVIS-LACY 31E,205H,exponential,102,5.7890125894469495
31744068,DAVIS-LACY 31E,205H,exponential,103,5.338686753737006
31744068,DAVIS-LACY 31E,205H,exponential,104,4.92339165170997
31744068,DAVIS-LACY 31E,205H,exponential,105,4.54040225138886
31744068,DAVIS-LACY 31E,205H,exponential,106,4.187205500349952
31744068,DAVIS-LACY 31E,205H,exponential,107,3.861483835886538
31744068,DAVIS-LACY 31E,205H,exponential,108,3.561099977912899
31744068,DAVIS-LACY 31E,205H,exponential,109,3.284082904824535
31744068,DAVIS-LACY 31E,205H,exponential,110,3.028614920292634
31744068,DAVIS-LACY 31E,205H,exponential,111,2.7930197261293612
31744068,DAVIS-LACY 31E,205H,exponential,112,2.5757514229620124
31744068,DAVIS-LACY 31E,205H,exponential,113,2.375384366541903
31744068,DAVIS-LACY 31E,205H,exponential,114,2.1906038131284777
31744068,DAVIS-LACY 31E,205H,exponential,115,2.020197292566616
31744068,DAVIS-LACY 31E,205H,exponential,116,1.8630466524501228
31744068,DAVIS-LACY 31E,205H,exponential,117,1.718120721167713
31744068,DAVIS-LACY 31E,205H,exponential,118,1.5844685416888051
31744068,DAVIS-LACY 31E,205H,exponential,119,1.4612131316914516
31744068,DAVIS-LACY 31E,205H,exponential,120,1.3475457290883168
31744056,DAVIS-LACY 31J,210H,exponential,34,735.2480327105347
31744056,DAVIS-LACY 31J,210H,exponential,35,659.8022896620481
31744056,DAVIS-LACY 31J,210H,exponential,36,592.0982336237998
31744056,DAVIS-LACY 31J,210H,exponential,37,531.3414696393241
31744056,DAVIS-LACY 31J,210H,exponential,38,476.81911771730825
31744056,DAVIS-LACY 31J,210H,exponential,39,427.8914483656667
31744056,DAVIS-LACY 31J,210H,exponential,40,383.98437642556354
31744056,DAVIS-LACY 31J,210H,exponential,41,344.58272513295583
31744056,DAVIS-LACY 31J,210H,exponential,42,309.22418137257654
31744056,DAVIS-LACY 31J,210H,exponential,43,277.4938711992765
31744056,DAVIS-LACY 31J,210H,exponential,44,249.01949197945086
31744056,DAVIS-LACY 31J,210H,exponential,45,223.46694403629593
31744056,DAVIS-LACY 31J,210H,exponential,46,200.53641054348418
31744056,DAVIS-LACY 31J,210H,exponential,47,179.95883967130752
31744056,DAVIS-LACY 31J,210H,exponential,48,161.4927877090978
31744056,DAVIS-LACY 31J,210H,exponential,49,144.9215861231955
31744056,DAVIS-LACY 31J,210H,exponential,50,130.05079931058492
31744056,DAVIS-LACY 31J,210H,exponential,51,116.70594321914464
31744056,DAVIS-LACY 31J,210H,exponential,52,104.73043806630146
31744056,DAVIS-LACY 31J,210H,exponential,53,93.98377113463155
31744056,DAVIS-LACY 31J,210H,exponential,54,84.3398480878592
31744056,DAVIS-LACY 31J,210H,exponential,55,75.68551346267546
31744056,DAVIS-LACY 31J,210H,exponential,56,67.91922297680097
31744056,DAVIS-LACY 31J,210H,exponential,57,60.94985207502534
31744056,DAVIS-LACY 31J,210H,exponential,58,54.6956267334854
31744056,DAVIS-LACY 31J,210H,exponential,59,49.08316397694093
31744056,DAVIS-LACY 31J,210H,exponential,60,44.046610851107616
31744056,DAVIS-LACY 31J,210H,exponential,61,39.52687174731373
31744056,DAVIS-LACY 31J,210H,exponential,62,35.4709150134147
31744056,DAVIS-LACY 31J,210H,exponential,63,31.83115071519403
31744056,DAVIS-LACY 31J,210H,exponential,64,28.56487224731047
31744056,DAVIS-LACY 31J,210H,exponential,65,25.633755242021067
31744056,DAVIS-LACY 31J,210H,exponential,66,23.003407896204088
31744056,DAVIS-LACY 31J,210H,exponential,67,20.642967440513942
31744056,DAVIS-LACY 31J,210H,exponential,68,18.52473801590229
31744056,DAVIS-LACY 31J,210H,exponential,69,16.62386570858591
31744056,DAVIS-LACY 31J,210H,exponential,70,14.918046930535143
31744056,DAVIS-LACY 31J,210H,exponential,71,13.387266723810642
31744056,DAVIS-LACY 31J,210H,exponential,72,12.013563918183674
31744056,DAVIS-LACY 31J,210H,exponential,73,10.780820386553323
31744056,DAVIS-LACY 31J,210H,exponential,74,9.674571925422095
31744056,DAVIS-LACY 31J,210H,exponential,75,8.681838541425607
31744056,DAVIS-LACY 31J,210H,exponential,76,7.790972152609683
31744056,DAVIS-LACY 31J,210H,exponential,77,6.99151991748196
31744056,DAVIS-LACY 31J,210H,exponential,78,6.274101588230352
31744056,DAVIS-LACY 31J,210H,exponential,79,5.630299449051992
31744056,DAVIS-LACY 31J,210H,exponential,80,5.052559548200806
31744056,DAVIS-LACY 31J,210H,exponential,81,4.534103064875793
31744056,DAVIS-LACY 31J,210H,exponential,82,4.068846770986943
31744056,DAVIS-LACY 31J,210H,exponential,83,3.6513316545494914
31744056,DAVIS-LACY 31J,210H,exponential,84,3.2766588672203234
31744056,DAVIS-LACY 31J,210H,exponential,85,2.940432244426792
31744056,DAVIS-LACY 31J,210H,exponential,86,2.6387067236570614
31744056,DAVIS-LACY 31J,210H,exponential,87,2.367942055685862
31744056,DAVIS-LACY 31J,210H,exponential,88,2.1249612656137367
31744056,DAVIS-LACY 31J,210H,exponential,89,1.9069133763287387
31744056,DAVIS-LACY 31J,210H,exponential,90,1.711239957012211
31744056,DAVIS-LACY 31J,210H,exponential,91,1.5356451041907906
31744056,DAVIS-LACY 31J,210H,exponential,92,1.3780685031119295
31744056,DAVIS-LACY 31J,210H,exponential,93,1.2366612533628827
31744056,DAVIS-LACY 31J,210H,exponential,94,1.1097641750867573
31744056,DAVIS-LACY 31J,210H,exponential,95,0.9958883412550831
31744056,DAVIS-LACY 31J,210H,exponential,96,0.8936976075752887
31744056,DAVIS-LACY 31J,210H,exponential,97,0.8019929350505571
31744056,DAVIS-LACY 31J,210H,exponential,98,0.7196983212432099
31744056,DAVIS-LACY 31J,210H,exponential,99,0.6458481751683278
31744056,DAVIS-LACY 31J,210H,exponential,100,0.579575987682902
31744056,DAVIS-LACY 31J,210H,exponential,101,0.5201041644362667
31744056,DAVIS-LACY 31J,210H,exponential,102,0.4667349020883666
31744056,DAVIS-LACY 31J,210H,exponential,103,0.41884200074335476
31744056,DAVIS-LACY 31J,210H,exponential,104,0.3758635165310242
31744056,DAVIS-LACY 31J,210H,exponential,105,0.3372951681262559
31744056,DAVIS-LACY 31J,210H,exponential,106,0.30268441984293704
31744056,DAVIS-LACY 31J,210H,exponential,107,0.2716251718772362
31744056,DAVIS-LACY 31J,210H,exponential,108,0.24375299539904477
31744056,DAVIS-LACY 31J,210H,exponential,109,0.21874085658327838
31744056,DAVIS-LACY 31J,210H,exponential,110,0.19629527940961572
31744056,DAVIS-LACY 31J,210H,exponential,111,0.1761529022075007
31744056,DAVIS-LACY 31J,210H,exponential,112,0.15807738754315262
31744056,DAVIS-LACY 31J,210H,exponential,113,0.14185664919123903
31744056,DAVIS-LACY 31J,210H,exponential,114,0.12730036365430794
31744056,DAVIS-LACY 31J,210H,exponential,115,0.1142377370317855
31744056,DAVIS-LACY 31J,210H,exponential,116,0.10251550103644792
31744056,DAVIS-LACY 31J,210H,exponential,117,0.09199611464493378
31744056,DAVIS-LACY 31J,210H,exponential,118,0.08255615028165168
31744056,DAVIS-LACY 31J,210H,exponential,119,0.07408484560061772
31744056,DAVIS-LACY 31J,210H,exponential,120,0.06648280387278686
31744061,EPLEY-MARTIN 31C,103H,exponential,34,2852.6163035369163
31744061,EPLEY-MARTIN 31C,103H,exponential,35,2683.677466810489
31744061,EPLEY-MARTIN 31C,103H,exponential,36,2524.743596584146
31744061,EPLEY-MARTIN 31C,103H,exponential,37,2375.2221745441134
31744061,EPLEY-MARTIN 31C,103H,exponential,38,2234.5557727442047
31744061,EPLEY-MARTIN 31C,103H,exponential,39,2102.219975469378
31744061,EPLEY-MARTIN 31C,103H,exponential,40,1977.7214241715697
31744061,EPLEY-MARTIN 31C,103H,exponential,41,1860.5959781891522
31744061,EPLEY-MARTIN 31C,103H,exponential,42,1750.4069843930313
31744061,EPLEY-MARTIN 31C,103H,exponential,43,1646.7436493084906
31744061,EPLEY-MARTIN 31C,103H,exponential,44,1549.2195076439173
31744061,EPLEY-MARTIN 31C,103H,exponential,45,1457.4709815169567
31744061,EPLEY-MARTIN 31C,103H,exponential,46,1371.1560250067837
31744061,EPLEY-MARTIN 31C,103H,exponential,47,1289.9528489792656
31744061,EPLEY-MARTIN 31C,103H,exponential,48,1213.5587214310576
31744061,EPLEY-MARTIN 31C,103H,exponential,49,1141.6888388802306
31744061,EPLEY-MARTIN 31C,103H,exponential,50,1074.0752645958705
31744061,EPLEY-MARTIN 31C,103H,exponential,51,1010.4659297082883
31744061,EPLEY-MARTIN 31C,103H,exponential,52,950.6236934759048
31744061,EPLEY-MARTIN 31C,103H,exponential,53,894.3254592053945
31744061,EPLEY-MARTIN 31C,103H,exponential,54,841.3613425291852
31744061,EPLEY-MARTIN 31C,103H,exponential,55,791.53388893957
31744061,EPLEY-MARTIN 31C,103H,exponential,56,744.6573376623455
31744061,EPLEY-MARTIN 31C,103H,exponential,57,700.5569291256293
31744061,EPLEY-MARTIN 31C,103H,exponential,58,659.0682534420545
31744061,EPLEY-MARTIN 31C,103H,exponential,59,620.0366374754183
31744061,EPLEY-MARTIN 31C,103H,exponential,60,583.316568206731
31744061,EPLEY-MARTIN 31C,103H,exponential,61,548.7711502499199
31744061,EPLEY-MARTIN 31C,103H,exponential,62,516.2715954947652
31744061,EPLEY-MARTIN 31C,103H,exponential,63,485.6967429744171
31744061,EPLEY-MARTIN 31C,103H,exponential,64,456.93260716751735
31744061,EPLEY-MARTIN 31C,103H,exponential,65,429.871953050964
31744061,EPLEY-MARTIN 31C,103H,exponential,66,404.41389631907765
31744061,EPLEY-MARTIN 31C,103H,exponential,67,380.46352727875615
31744061,EPLEY-MARTIN 31C,103H,exponential,68,357.9315570184684
31744061,EPLEY-MARTIN 31C,103H,exponential,69,336.7339845319742
31744061,EPLEY-MARTIN 31C,103H,exponential,70,316.7917835557852
31744061,EPLEY-MARTIN 31C,103H,exponential,71,298.0306079528669
31744061,EPLEY-MARTIN 31C,103H,exponential,72,280.3805145442299
31744061,EPLEY-MARTIN 31C,103H,exponential,73,263.7757023551077
31744061,EPLEY-MARTIN 31C,103H,exponential,74,248.15426730360196
31744061,EPLEY-MARTIN 31C,103H,exponential,75,233.45797141726422
31744061,EPLEY-MARTIN 31C,103H,exponential,76,219.63202571722653
31744061,EPLEY-MARTIN 31C,103H,exponential,77,206.62488596045944
31744061,EPLEY-MARTIN 31C,103H,exponential,78,194.38806047866936
31744061,EPLEY-MARTIN 31C,103H,exponential,79,182.87592939743865
31744061,EPLEY-MARTIN 31C,103H,exponential,80,172.04557456164756
31744061,EPLEY-MARTIN 31C,103H,exponential,81,161.8566195331228
31744061,EPLEY-MARTIN 31C,103H,exponential,82,152.27107906401224
31744061,EPLEY-MARTIN 31C,103H,exponential,83,143.25321748471174
31744061,EPLEY-MARTIN 31C,103H,exponential,84,134.76941547839962
31744061,EPLEY-MARTIN 31C,103H,exponential,85,126.78804474550728
31744061,EPLEY-MARTIN 31C,103H,exponential,86,119.27935009086107
31744061,EPLEY-MARTIN 31C,103H,exponential,87,112.21533849391075
31744061,EPLEY-MARTIN 31C,103H,exponential,88,105.56967474848582
31744061,EPLEY-MARTIN 31C,103H,exponential,89,99.31758328301837
31744061,EPLEY-MARTIN 31C,103H,exponential,90,93.43575579521027
31744061,EPLEY-MARTIN 31C,103H,exponential,91,87.90226435679779
31744061,EPLEY-MARTIN 31C,103H,exponential,92,82.69647966446328
31744061,EPLEY-MARTIN 31C,103H,exponential,93,77.7989941321248
31744061,EPLEY-MARTIN 31C,103H,exponential,94,73.19154953788647
31744061,EPLEY-MARTIN 31C,103H,exponential,95,68.85696895591195
31744061,EPLEY-MARTIN 31C,103H,exponential,96,64.77909271945617
31744061,EPLEY-MARTIN 31C,103H,exponential,97,60.942718176322074
31744061,EPLEY-MARTIN 31C,103H,exponential,98,57.33354301214425
31744061,EPLEY-MARTIN 31C,103H,exponential,99,53.93811193020487
31744061,EPLEY-MARTIN 31C,103H,exponential,100,50.743766489000464
31744061,EPLEY-MARTIN 31C,103H,exponential,101,47.73859791054839
31744061,EPLEY-MARTIN 31C,103H,exponential,102,44.91140268350046
31744061,EPLEY-MARTIN 31C,103H,exponential,103,42.25164079554684
31744061,EPLEY-MARTIN 31C,103H,exponential,104,39.7493964393983
31744061,EPLEY-MARTIN 31C,103H,exponential,105,37.39534104585542
31744061,EPLEY-MARTIN 31C,103H,exponential,106,35.18069850614833
31744061,EPLEY-MARTIN 31C,103H,exponential,107,33.09721245389421
31744061,EPLEY-MARTIN 31C,103H,exponential,108,31.137115484695954
31744061,EPLEY-MARTIN 31C,103H,exponential,109,29.293100198630725
31744061,EPLEY-MARTIN 31C,103H,exponential,110,27.55829195767262
31744061,EPLEY-MARTIN 31C,103H,exponential,111,25.92622325648628
31744061,EPLEY-MARTIN 31C,103H,exponential,112,24.39080961104446
31744061,EPLEY-MARTIN 31C,103H,exponential,113,22.946326875179636
31744061,EPLEY-MARTIN 31C,103H,exponential,114,21.587389900504576
31744061,EPLEY-MARTIN 31C,103H,exponential,115,20.308932460143872
31744061,EPLEY-MARTIN 31C,103H,exponential,116,19.1061883614306
31744061,EPLEY-MARTIN 31C,103H,exponential,117,17.974673677154986
31744061,EPLEY-MARTIN 31C,103H,exponential,118,16.9101700291212
31744061,EPLEY-MARTIN 31C,103H,exponential,119,15.908708861692636
31744061,EPLEY-MARTIN 31C,103H,exponential,120,14.966556646695683
31744782,FORTUNE-ASHLEY 31M,213H,exponential,34,2191.466847711779
31744782,FORTUNE-ASHLEY 31M,213H,exponential,35,2072.8217267414393
31744782,FORTUNE-ASHLEY 31M,213H,exponential,36,1960.6000042107187
31744782,FORTUNE-ASHLEY 31M,213H,exponential,37,1854.4539199489768
31744782,FORTUNE-ASHLEY 31M,213H,exponential,38,1754.0545413793202
31744782,FORTUNE-ASHLEY 31M,213H,exponential,39,1659.0907442003577
31744782,FORTUNE-ASHLEY 31M,213H,exponential,40,1569.2682482534285
31744782,FORTUNE-ASHLEY 31M,213H,exponential,41,1484.3087055875892
31744782,FORTUNE-ASHLEY 31M,213H,exponential,42,1403.9488378963904
31744782,FORTUNE-ASHLEY 31M,213H,exponential,43,1327.9396206534695
31744782,FORTUNE-ASHLEY 31M,213H,exponential,44,1256.0455114187137
31744782,FORTUNE-ASHLEY 31M,213H,exponential,45,1188.0437199236114
31744782,FORTUNE-ASHLEY 31M,213H,exponential,46,1123.7235176738866
31744782,FORTUNE-ASHLEY 31M,213H,exponential,47,1062.8855849299605
31744782,FORTUNE-ASHLEY 31M,213H,exponential,48,1005.3413930416281
31744782,FORTUNE-ASHLEY 31M,213H,exponential,49,950.9126202228842
31744782,FORTUNE-ASHLEY 31M,213H,exponential,50,899.430598956458
31744782,FORTUNE-ASHLEY 31M,213H,exponential,51,850.7357933156436
31744782,FORTUNE-ASHLEY 31M,213H,exponential,52,804.677304583713
31744782,FORTUNE-ASHLEY 31M,213H,exponential,53,761.1124036388929
31744782,FORTUNE-ASHLEY 31M,213H,exponential,54,719.9060886558252
31744782,FORTUNE-ASHLEY 31M,213H,exponential,55,680.9306667528938
31744782,FORTUNE-ASHLEY 31M,213H,exponential,56,644.0653582889911
31744782,FORTUNE-ASHLEY 31M,213H,exponential,57,609.1959225834996
31744782,FORTUNE-ASHLEY 31M,213H,exponential,58,576.2143038996369
31744782,FORTUNE-ASHLEY 31M,213H,exponential,59,545.018296594121
31744782,FORTUNE-ASHLEY 31M,213H,exponential,60,515.5112283954958
31744782,FORTUNE-ASHLEY 31M,213H,exponential,61,487.60166082963696
31744782,FORTUNE-ASHLEY 31M,213H,exponential,62,461.20310586410045
31744782,FORTUNE-ASHLEY 31M,213H,exponential,63,436.2337578932297
31744782,FORTUNE-ASHLEY 31M,213H,exponential,64,412.61624023348054
31744782,FORTUNE-ASHLEY 31M,213H,exponential,65,390.277365343384
31744782,FORTUNE-ASHLEY 31M,213H,exponential,66,369.1479080251042
31744782,FORTUNE-ASHLEY 31M,213H,exponential,67,349.1623909047712
31744782,FORTUNE-ASHLEY 31M,213H,exponential,68,330.2588815268197
31744782,FORTUNE-ASHLEY 31M,213H,exponential,69,312.3788004335593
31744782,FORTUNE-ASHLEY 31M,213H,exponential,70,295.46673963523705
31744782,FORTUNE-ASHLEY 31M,213H,exponential,71,279.4702909080579
31744782,FORTUNE-ASHLEY 31M,213H,exponential,72,264.3398833880792
31744782,FORTUNE-ASHLEY 31M,213H,exponential,73,250.0286299577062
31744782,FORTUNE-ASHLEY 31M,213H,exponential,74,236.49218194875982
31744782,FORTUNE-ASHLEY 31M,213H,exponential,75,223.68859171186077
31744782,FORTUNE-ASHLEY 31M,213H,exponential,76,211.5781826262523
31744782,FORTUNE-ASHLEY 31M,213H,exponential,77,200.1234261472359
31744782,FORTUNE-ASHLEY 31M,213H,exponential,78,189.28882551021078
31744782,FORTUNE-ASHLEY 31M,213H,exponential,79,179.0408057309282
31744782,FORTUNE-ASHLEY 31M,213H,exponential,80,169.3476095610874
31744782,FORTUNE-ASHLEY 31M,213H,exponential,81,160.17919907685297
31744782,FORTUNE-ASHLEY 31M,213H,exponential,82,151.5071625953296
31744782,FORTUNE-ASHLEY 31M,213H,exponential,83,143.30462663054195
31744782,FORTUNE-ASHLEY 31M,213H,exponential,84,135.54617261607993
31744782,FORTUNE-ASHLEY 31M,213H,exponential,85,128.2077581363477
31744782,FORTUNE-ASHLEY 31M,213H,exponential,86,121.26664242232005
31744782,FORTUNE-ASHLEY 31M,213H,exponential,87,114.70131588092796
31744782,FORTUNE-ASHLEY 31M,213H,exponential,88,108.49143343969489
31744782,FORTUNE-ASHLEY 31M,213H,exponential,89,102.61775150006684
31744782,FORTUNE-ASHLEY 31M,213H,exponential,90,97.06206830406403
31744782,FORTUNE-ASHLEY 31M,213H,exponential,91,91.80716752945668
31744782,FORTUNE-ASHLEY 31M,213H,exponential,92,86.83676493867601
31744782,FORTUNE-ASHLEY 31M,213H,exponential,93,82.13545791613095
31744782,FORTUNE-ASHLEY 31M,213H,exponential,94,77.68867773755387
31744782,FORTUNE-ASHLEY 31M,213H,exponential,95,73.48264442346468
31744782,FORTUNE-ASHLEY 31M,213H,exponential,96,69.50432403684975
31744782,FORTUNE-ASHLEY 31M,213H,exponential,97,65.74138829272746
31744782,FORTUNE-ASHLEY 31M,213H,exponential,98,62.18217635443465
31744782,FORTUNE-ASHLEY 31M,213H,exponential,99,58.81565869824735
31744782,FORTUNE-ASHLEY 31M,213H,exponential,100,55.631402934355684
31744782,FORTUNE-ASHLEY 31M,213H,exponential,101,52.61954147827749
31744782,FORTUNE-ASHLEY 31M,213H,exponential,102,49.77074097252826
31744782,FORTUNE-ASHLEY 31M,213H,exponential,103,47.076173363789486
31744782,FORTUNE-ASHLEY 31M,213H,exponential,104,44.52748854594728
31744782,FORTUNE-ASHLEY 31M,213H,exponential,105,42.11678848422583
31744782,FORTUNE-ASHLEY 31M,213H,exponential,106,39.83660274022942
31744782,FORTUNE-ASHLEY 31M,213H,exponential,107,37.67986532204902
31744782,FORTUNE-ASHLEY 31M,213H,exponential,108,35.639892787694464
31744782,FORTUNE-ASHLEY 31M,213H,exponential,109,33.71036353399796
31744782,FORTUNE-ASHLEY 31M,213H,exponential,110,31.8852982068079
31744782,FORTUNE-ASHLEY 31M,213H,exponential,111,30.159041171766656
31744782,FORTUNE-ASHLEY 31M,213H,exponential,112,28.52624298825323
31744782,FORTUNE-ASHLEY 31M,213H,exponential,113,26.981843832179067
31744782,FORTUNE-ASHLEY 31M,213H,exponential,114,25.521057816267266
31744782,FORTUNE-ASHLEY 31M,213H,exponential,115,24.139358159225374
31744782,FORTUNE-ASHLEY 31M,213H,exponential,116,22.832463157853077
31744782,FORTUNE-ASHLEY 31M,213H,exponential,117,21.5963229186143
31744782,FORTUNE-ASHLEY 31M,213H,exponential,118,20.42710680755656
31744782,FORTUNE-ASHLEY 31M,213H,exponential,119,19.321191579686623
31744782,FORTUNE-ASHLEY 31M,213H,exponential,120,18.275150151016785
31744052,EPLEY-MARTIN 31F,106H,exponential,34,1588.3395118412302
31744052,EPLEY-MARTIN 31F,106H,exponential,35,1497.2605787045766
31744052,EPLEY-MARTIN 31F,106H,exponential,36,1411.4043149024503
31744052,EPLEY-MARTIN 31F,106H,exponential,37,1330.4712409170477
31744052,EPLEY-MARTIN 31F,106H,exponential,38,1254.1790500546213
31744052,EPLEY-MARTIN 31F,106H,exponential,39,1182.2616237174145
31744052,EPLEY-MARTIN 31F,106H,exponential,40,1114.4681031421023
31744052,EPLEY-MARTIN 31F,106H,exponential,41,1050.5620143668211
31744052,EPLEY-MARTIN 31F,106H,exponential,42,990.320443374543
31744052,EPLEY-MARTIN 31F,106H,exponential,43,933.5332585355707
31744052,EPLEY-MARTIN 31F,106H,exponential,44,880.0023776369139
31744052,EPLEY-MARTIN 31F,106H,exponential,45,829.5410769418392
31744052,EPLEY-MARTIN 31F,106H,exponential,46,781.9733398694859
31744052,EPLEY-MARTIN 31F,106H,exponential,47,737.1332430226489
31744052,EPLEY-MARTIN 31F,106H,exponential,48,694.8643774220963
31744052,EPLEY-MARTIN 31F,106H,exponential,49,655.0193029286049
31744052,EPLEY-MARTIN 31F,106H,exponential,50,617.4590339496543
31744052,EPLEY-MARTIN 31F,106H,exponential,51,582.0525546368456
31744052,EPLEY-MARTIN 31F,106H,exponential,52,548.6763618829838
31744052,EPLEY-MARTIN 31F,106H,exponential,53,517.2140345247269
31744052,EPLEY-MARTIN 31F,106H,exponential,54,487.5558272481171
31744052,EPLEY-MARTIN 31F,106H,exponential,55,459.5982877804747
31744052,EPLEY-MARTIN 31F,106H,exponential,56,433.2438960333641
31744052,EPLEY-MARTIN 31F,106H,exponential,57,408.40072393790695
31744052,EPLEY-MARTIN 31F,106H,exponential,58,384.9821147858986
31744052,EPLEY-MARTIN 31F,106H,exponential,59,362.90638095821976
31744052,EPLEY-MARTIN 31F,106H,exponential,60,342.0965189861765
31744052,EPLEY-MARTIN 31F,106H,exponential,61,322.47994095185857
31744052,EPLEY-MARTIN 31F,106H,exponential,62,303.98822129060125
31744052,EPLEY-MARTIN 31F,106H,exponential,63,286.5568581123588
31744052,EPLEY-MARTIN 31F,106H,exponential,64,270.12504820944304
31744052,EPLEY-MARTIN 31F,106H,exponential,65,254.63547496582126
31744052,EPLEY-MARTIN 31F,106H,exponential,66,240.03410842816737
31744052,EPLEY-MARTIN 31F,106H,exponential,67,226.27001684128592
31744052,EPLEY-MARTIN 31F,106H,exponential,68,213.29518899051544
31744052,EPLEY-MARTIN 31F,106H,exponential,69,201.06436673141462
31744052,EPLEY-MARTIN 31F,106H,exponential,70,189.534887122571
31744052,EPLEY-MARTIN 31F,106H,exponential,71,178.66653361086577
31744052,EPLEY-MARTIN 31F,106H,exponential,72,168.42139575010822
31744052,EPLEY-MARTIN 31F,106H,exponential,73,158.7637369637169
31744052,EPLEY-MARTIN 31F,106H,exponential,74,149.65986989018342
31744052,EPLEY-MARTIN 31F,106H,exponential,75,141.07803887650604
31744052,EPLEY-MARTIN 31F,106H,exponential,76,132.98830920971176
31744052,EPLEY-MARTIN 31F,106H,exponential,77,125.36246270009053
31744052,EPLEY-MARTIN 31F,106H,exponential,78,118.17389925191947
31744052,EPLEY-MARTIN 31F,106H,exponential,79,111.39754407834175
31744052,EPLEY-MARTIN 31F,106H,exponential,80,105.00976023675155
31744052,EPLEY-MARTIN 31F,106H,exponential,81,98.98826617959486
31744052,EPLEY-MARTIN 31F,106H,exponential,82,93.31205803299189
31744052,EPLEY-MARTIN 31F,106H,exponential,83,87.96133633207639
31744052,EPLEY-MARTIN 31F,106H,exponential,84,82.91743695749437
31744052,EPLEY-MARTIN 31F,106H,exponential,85,78.16276603215809
31744052,EPLEY-MARTIN 31F,106H,exponential,86,73.68073855116546
31744052,EPLEY-MARTIN 31F,106H,exponential,87,69.45572053081688
31744052,EPLEY-MARTIN 31F,106H,exponential,88,65.47297447493666
31744052,EPLEY-MARTIN 31F,106H,exponential,89,61.7186079682772
31744052,EPLEY-MARTIN 31F,106H,exponential,90,58.179525217692095
31744052,EPLEY-MARTIN 31F,106H,exponential,91,54.843381372046764
31744052,EPLEY-MARTIN 31F,106H,exponential,92,51.69853946152711
31744052,EPLEY-MARTIN 31F,106H,exponential,93,48.73402980614447
31744052,EPLEY-MARTIN 31F,106H,exponential,94,45.939511751847526
31744052,EPLEY-MARTIN 31F,106H,exponential,95,43.305237600770894
31744052,EPLEY-MARTIN 31F,106H,exponential,96,40.82201860980383
31744052,EPLEY-MARTIN 31F,106H,exponential,97,38.481192938876866
31744052,EPLEY-MARTIN 31F,106H,exponential,98,36.274595437165296
31744052,EPLEY-MARTIN 31F,106H,exponential,99,34.194529161819126
31744052,EPLEY-MARTIN 31F,106H,exponential,100,32.23373852987269
31744052,EPLEY-MARTIN 31F,106H,exponential,101,30.38538400968361
31744052,EPLEY-MARTIN 31F,106H,exponential,102,28.643018263621283
31744052,EPLEY-MARTIN 31F,106H,exponential,103,27.00056365878672
31744052,EPLEY-MARTIN 31F,106H,exponential,104,25.452291067317994
31744052,EPLEY-MARTIN 31F,106H,exponential,105,23.99279988233347
31744052,EPLEY-MARTIN 31F,106H,exponential,106,22.61699917980546
31744052,EPLEY-MARTIN 31F,106H,exponential,107,21.32008996065411
31744052,EPLEY-MARTIN 31F,106H,exponential,108,20.09754841111923
31744052,EPLEY-MARTIN 31F,106H,exponential,109,18.945110123019802
31744052,EPLEY-MARTIN 31F,106H,exponential,110,17.858755218859024
31744052,EPLEY-MARTIN 31F,106H,exponential,111,16.83469432988901
31744052,EPLEY-MARTIN 31F,106H,exponential,112,15.869355378224611
31744052,EPLEY-MARTIN 31F,106H,exponential,113,14.959371116900266
31744052,EPLEY-MARTIN 31F,106H,exponential,114,14.101567384407877
31744052,EPLEY-MARTIN 31F,106H,exponential,115,13.292952032745655
31744052,EPLEY-MARTIN 31F,106H,exponential,116,12.53070449035737
31744052,EPLEY-MARTIN 31F,106H,exponential,117,11.812165923555977
31744052,EPLEY-MARTIN 31F,106H,exponential,118,11.134829962113148
31744052,EPLEY-MARTIN 31F,106H,exponential,119,10.49633395666423
31744052,EPLEY-MARTIN 31F,106H,exponential,120,9.894450737433097
31744072,DAVIS-LACY 31A,201H,exponential,34,2971.3438899540106
31744072,DAVIS-LACY 31A,201H,exponential,35,2832.944335204434
31744072,DAVIS-LACY 31A,201H,exponential,36,2700.9911688448515
31744072,DAVIS-LACY 31A,201H,exponential,37,2575.184130348054
31744072,DAVIS-LACY 31A,201H,exponential,38,2455.236944751889
31744072,DAVIS-LACY 31A,201H,exponential,39,2340.8766712381985
31744072,DAVIS-LACY 31A,201H,exponential,40,2231.8430820537255
31744072,DAVIS-LACY 31A,201H,exponential,41,2127.8880703596933
31744072,DAVIS-LACY 31A,201H,exponential,42,2028.7750856626324
31744072,DAVIS-LACY 31A,201H,exponential,43,1934.2785955417633
31744072,DAVIS-LACY 31A,201H,exponential,44,1844.1835724481023
31744072,DAVIS-LACY 31A,201H,exponential,45,1758.28500440748
31744072,DAVIS-LACY 31A,201H,exponential,46,1676.3874285140953
31744072,DAVIS-LACY 31A,201H,exponential,47,1598.3044861530443
31744072,DAVIS-LACY 31A,201H,exponential,48,1523.8584989397448
31744072,DAVIS-LACY 31A,201H,exponential,49,1452.8800644112916
31744072,DAVIS-LACY 31A,201H,exponential,50,1385.2076705497477
31744072,DAVIS-LACY 31A,201H,exponential,51,1320.6873282602016
31744072,DAVIS-LACY 31A,201H,exponential,52,1259.1722209673028
31744072,DAVIS-LACY 31A,201H,exponential,53,1200.5223705329236
31744072,DAVIS-LACY 31A,201H,exponential,54,1144.6043187347402
31744072,DAVIS-LACY 31A,201H,exponential,55,1091.290823580942
31744072,DAVIS-LACY 31A,201H,exponential,56,1040.4605697700179
31744072,DAVIS-LACY 31A,201H,exponential,57,991.9978926367794
31744072,DAVIS-LACY 31A,201H,exponential,58,945.7925149564551
31744072,DAVIS-LACY 31A,201H,exponential,59,901.7392960079468
31744072,DAVIS-LACY 31A,201H,exponential,60,859.737992325246
31744072,DAVIS-LACY 31A,201H,exponential,61,819.6930295925913
31744072,DAVIS-LACY 31A,201H,exponential,62,781.5132851643211
31744072,DAVIS-LACY 31A,201H,exponential,63,745.1118807145334
31744072,DAVIS-LACY 31A,201H,exponential,64,710.4059845447341
31744072,DAVIS-LACY 31A,201H,exponential,65,677.3166230996178
31744072,DAVIS-LACY 31A,201H,exponential,66,645.7685012620861
31744072,DAVIS-LACY 31A,201H,exponential,67,615.689831018583
31744072,DAVIS-LACY 31A,201H,exponential,68,587.0121681048726
31744072,DAVIS-LACY 31A,201H,exponential,69,559.6702562605471
31744072,DAVIS-LACY 31A,201H,exponential,70,533.6018787378631
31744072,DAVIS-LACY 31A,201H,exponential,71,508.74771672701587
31744072,DAVIS-LACY 31A,201H,exponential,72,485.0512143756934
31744072,DAVIS-LACY 31A,201H,exponential,73,462.4584500957646
31744072,DAVIS-LACY 31A,201H,exponential,74,440.91801386425726
31744072,DAVIS-LACY 31A,201H,exponential,75,420.3808902394231
31744072,DAVIS-LACY 31A,201H,exponential,76,400.80034682569294
31744072,DAVIS-LACY 31A,201H,exponential,77,382.1318279337209
31744072,DAVIS-LACY 31A,201H,exponential,78,364.3328531935445
31744072,DAVIS-LACY 31A,201H,exponential,79,347.36292089014825
31744072,DAVIS-LACY 31A,201H,exponential,80,331.183415801475
31744072,DAVIS-LACY 31A,201H,exponential,81,315.75752132916676
31744072,DAVIS-LACY 31A,201H,exponential,82,301.05013572208946
31744072,DAVIS-LACY 31A,201H,exponential,83,287.0277922020058
31744072,DAVIS-LACY 31A,201H,exponential,84,273.65858280964335
31744072,DAVIS-LACY 31A,201H,exponential,85,260.9120857978683
31744072,DAVIS-LACY 31A,201H,exponential,86,248.75929640674624
31744072,DAVIS-LACY 31A,201H,exponential,87,237.17256086297024
31744072,DAVIS-LACY 31A,201H,exponential,88,226.12551345346978
31744072,DAVIS-LACY 31A,201H,exponential,89,215.59301653001066
31744072,DAVIS-LACY 31A,201H,exponential,90,205.55110330826858
31744072,DAVIS-LACY 31A,201H,exponential,91,195.97692333121145
31744072,DAVIS-LACY 31A,201H,exponential,92,186.84869047269453
31744072,DAVIS-LACY 31A,201H,exponential,93,178.14563336294924
31744072,DAVIS-LACY 31A,201H,exponential,94,169.84794812315857
31744072,DAVIS-LACY 31A,201H,exponential,95,161.93675330156617
31744072,DAVIS-LACY 31A,201H,exponential,96,154.39404690857583
31744072,DAVIS-LACY 31A,201H,exponential,97,147.2026654530746
31744072,DAVIS-LACY 31A,201H,exponential,98,140.34624488676585
31744072,DAVIS-LACY 31A,201H,exponential,99,133.80918336764154
31744072,DAVIS-LACY 31A,201H,exponential,100,127.5766057578608
31744072,DAVIS-LACY 31A,201H,exponential,101,121.63432977525027
31744072,DAVIS-LACY 31A,201H,exponential,102,115.96883372140292
31744072,DAVIS-LACY 31A,201H,exponential,103,110.56722571294102
31744072,DAVIS-LACY 31A,201H,exponential,104,105.41721434592827
31744072,DAVIS-LACY 31A,201H,exponential,105,100.50708072667805
31744072,DAVIS-LACY 31A,201H,exponential,106,95.82565180531299
31744072,DAVIS-LACY 31A,201H,exponential,107,91.3622749513977
31744072,DAVIS-LACY 31A,201H,exponential,108,87.10679371378923
31744072,DAVIS-LACY 31A,201H,exponential,109,83.04952470954808
31744072,DAVIS-LACY 31A,201H,exponential,110,79.18123558931995
31744072,DAVIS-LACY 31A,201H,exponential,111,75.49312402904785
31744072,DAVIS-LACY 31A,201H,exponential,112,71.97679770021065
31744072,DAVIS-LACY 31A,201H,exponential,113,68.6242551730097
31744072,DAVIS-LACY 31A,201H,exponential,114,65.42786770904877
31744072,DAVIS-LACY 31A,201H,exponential,115,62.380361902076444
31744072,DAVIS-LACY 31A,201H,exponential,116,59.4748031272897
31744072,DAVIS-LACY 31A,201H,exponential,117,56.70457976153748
31744072,DAVIS-LACY 31A,201H,exponential,118,54.063388138517325
31744072,DAVIS-LACY 31A,201H,exponential,119,51.54521820473016
31744072,DAVIS-LACY 31A,201H,exponential,120,49.14433984355376
31743566,WELCH-COX E39A,301H,exponential,34,570.9968969681439
31743566,WELCH-COX E39A,301H,exponential,35,523.6832743847976
31743566,WELCH-COX E39A,301H,exponential,36,480.290126490273
31743566,WELCH-COX E39A,301H,exponential,37,440.49259712377574
31743566,WELCH-COX E39A,301H,exponential,38,403.9927481723459
31743566,WELCH-COX E39A,301H,exponential,39,370.5173291027713
31743566,WELCH-COX E39A,301H,exponential,40,339.8157313132898
31743566,WELCH-COX E39A,301H,exponential,41,311.6581119906442
31743566,WELCH-COX E39A,301H,exponential,42,285.833673427038
31743566,WELCH-COX E39A,301H,exponential,43,262.1490849153549
31743566,WELCH-COX E39A,301H,exponential,44,240.4270354084086
31743566,WELCH-COX E39A,301H,exponential,45,220.50490610692316
31743566,WELCH-COX E39A,301H,exponential,46,202.23355303877997
31743566,WELCH-COX E39A,301H,exponential,47,185.47619051549495
31743566,WELCH-COX E39A,301H,exponential,48,170.10736710709625
31743566,WELCH-COX E39A,301H,exponential,49,156.01202646919276
31743566,WELCH-COX E39A,301H,exponential,50,143.08464599125958
31743566,WELCH-COX E39A,301H,exponential,51,131.22844681776402
31743566,WELCH-COX E39A,301H,exponential,52,120.35466932807515
31743566,WELCH-COX E39A,301H,exponential,53,110.38190865114676
31743566,WELCH-COX E39A,301H,exponential,54,101.23550524040961
31743566,WELCH-COX E39A,301H,exponential,55,92.8469859465012
31743566,WELCH-COX E39A,301H,exponential,56,85.15355140351255
31743566,WELCH-COX E39A,301H,exponential,57,78.09760589114642
31743566,WELCH-COX E39A,301H,exponential,58,71.62632615317123
31743566,WELCH-COX E39A,301H,exponential,59,65.69126594419804
31743566,WELCH-COX E39A,301H,exponential,60,60.24799334427808
31743566,WELCH-COX E39A,301H,exponential,61,55.25575812613435
31743566,WELCH-COX E39A,301H,exponential,62,50.67718668482153
31743566,WELCH-COX E39A,301H,exponential,63,46.47800224595194
31743566,WELCH-COX E39A,301H,exponential,64,42.62676825787026
31743566,WELCH-COX E39A,301H,exponential,65,39.09465304672026
31743566,WELCH-COX E39A,301H,exponential,66,35.855213972531025
31743566,WELCH-COX E39A,301H,exponential,67,32.88419947043979
31743566,WELCH-COX E39A,301H,exponential,68,30.159367495062728
31743566,WELCH-COX E39A,301H,exponential,69,27.660319008826477
31743566,WELCH-COX E39A,301H,exponential,70,25.368345267694945
31743566,WELCH-COX E39A,301H,exponential,71,23.266287761020422
31743566,WELCH-COX E39A,301H,exponential,72,21.3384097569796
31743566,WELCH-COX E39A,301H,exponential,73,19.57027849193901
31743566,WELCH-COX E39A,301H,exponential,74,17.94865712177903
31743566,WELCH-COX E39A,301H,exponential,75,16.461405626286016
31743566,WELCH-COX E39A,301H,exponential,76,15.097389924748976
31743566,WELCH-COX E39A,301H,exponential,77,13.84639852236831
31743566,WELCH-COX E39A,301H,exponential,78,12.699066063462682
31743566,WELCH-COX E39A,301H,exponential,79,11.646803219167095
31743566,WELCH-COX E39A,301H,exponential,80,10.68173238473677
31743566,WELCH-COX E39A,301H,exponential,81,9.79662870506486
31743566,WELCH-COX E39A,301H,exponential,82,8.984865986910414
31743566,WELCH-COX E39A,301H,exponential,83,8.240367092916696
31743566,WELCH-COX E39A,301H,exponential,84,7.557558446052477
31743566,WELCH-COX E39A,301H,exponential,85,6.9313283038805125
31743566,WELCH-COX E39A,301H,exponential,86,6.356988490280152
31743566,WELCH-COX E39A,301H,exponential,87,5.830239298134242
31743566,WELCH-COX E39A,301H,exponential,88,5.347137300229849
31743566,WELCH-COX E39A,301H,exponential,89,4.904065827393943
31743566,WELCH-COX E39A,301H,exponential,90,4.497707892853101
31743566,WELCH-COX E39A,301H,exponential,91,4.1250213601197
31743566,WELCH-COX E39A,301H,exponential,92,3.783216168502636
31743566,WELCH-COX E39A,301H,exponential,93,3.4697334457449793
31743566,WELCH-COX E39A,301H,exponential,94,3.18222635141842
31743566,WELCH-COX E39A,301H,exponential,95,2.918542507661575
31743566,WELCH-COX E39A,301H,exponential,96,2.676707885732521
31743566,WELCH-COX E39A,301H,exponential,97,2.454912027744734
31743566,WELCH-COX E39A,301H,exponential,98,2.251494492951173
31743566,WELCH-COX E39A,301H,exponential,99,2.0649324271087757
31743566,WELCH-COX E39A,301H,exponential,100,1.8938291618632077
31743566,WELCH-COX E39A,301H,exponential,101,1.7369037588049654
31743566,WELCH-COX E39A,301H,exponential,102,1.5929814199200325
31743566,WELCH-COX E39A,301H,exponential,103,1.4609846926443264
31743566,WELCH-COX E39A,301H,exponential,104,1.3399254036799646
31743566,WELCH-COX E39A,301H,exponential,105,1.228897261187118
31743566,WELCH-COX E39A,301H,exponential,106,1.1270690699688397
31743566,WELCH-COX E39A,301H,exponential,107,1.0336785088554346
31743566,WELCH-COX E39A,301H,exponential,108,0.9480264237036808
31743566,WELCH-COX E39A,301H,exponential,109,0.869471593286348
31743566,WELCH-COX E39A,301H,exponential,110,0.7974259288876049
31743566,WELCH-COX E39A,301H,exponential,111,0.7313500716668472
31743566,WELCH-COX E39A,301H,exponential,112,0.6707493548312892
31743566,WELCH-COX E39A,301H,exponential,113,0.6151701003887194
31743566,WELCH-COX E39A,301H,exponential,114,0.5641962227566398
31743566,WELCH-COX E39A,301H,exponential,115,0.5174461138012374
31743566,WELCH-COX E39A,301H,exponential,116,0.4745697859864873
31743566,WELCH-COX E39A,301H,exponential,117,0.4352462522460289
31743566,WELCH-COX E39A,301H,exponential,118,0.39918112296261427
31743566,WELCH-COX E39A,301H,exponential,119,0.3661044020652968
31743566,WELCH-COX E39A,301H,exponential,120,0.3357684657451643
31744060,EPLEY-MARTIN 31G,107H,exponential,34,2059.404344787079
31744060,EPLEY-MARTIN 31G,107H,exponential,35,1958.178984017148
31744060,EPLEY-MARTIN 31G,107H,exponential,36,1861.9291268140325
31744060,EPLEY-MARTIN 31G,107H,exponential,37,1770.410213557938
31744060,EPLEY-MARTIN 31G,107H,exponential,38,1683.3897054038187
31744060,EPLEY-MARTIN 31G,107H,exponential,39,1600.6464934273934
31744060,EPLEY-MARTIN 31G,107H,exponential,40,1521.9703368132512
31744060,EPLEY-MARTIN 31G,107H,exponential,41,1447.1613286575543
31744060,EPLEY-MARTIN 31G,107H,exponential,42,1376.0293880279937
31744060,EPLEY-MARTIN 31G,107H,exponential,43,1308.3937769903946
31744060,EPLEY-MARTIN 31G,107H,exponential,44,1244.0826413747811
31744060,EPLEY-MARTIN 31G,107H,exponential,45,1182.9325741140506
31744060,EPLEY-MARTIN 31G,107H,exponential,46,1124.788200045743
31744060,EPLEY-MARTIN 31G,107H,exponential,47,1069.5017811219434
31744060,EPLEY-MARTIN 31G,107H,exponential,48,1016.9328410241967
31744060,EPLEY-MARTIN 31G,107H,exponential,49,966.9478082296253
31744060,EPLEY-MARTIN 31G,107H,exponential,50,919.4196766213289
31744060,EPLEY-MARTIN 31G,107H,exponential,51,874.2276827807073
31744060,EPLEY-MARTIN 31G,107H,exponential,52,831.256999141751
31744060,EPLEY-MARTIN 31G,107H,exponential,53,790.3984422276383
31744060,EPLEY-MARTIN 31G,107H,exponential,54,751.5481952283021
31744060,EPLEY-MARTIN 31G,107H,exponential,55,714.6075442140689
31744060,EPLEY-MARTIN 31G,107H,exponential,56,679.4826273151185
31744060,EPLEY-MARTIN 31G,107H,exponential,57,646.0841962294618
31744060,EPLEY-MARTIN 31G,107H,exponential,58,614.3273894534522
31744060,EPLEY-MARTIN 31G,107H,exponential,59,584.1315166586393
31744060,EPLEY-MARTIN 31G,107H,exponential,60,555.4198536670907
31744060,EPLEY-MARTIN 31G,107H,exponential,61,528.1194475042367
31744060,EPLEY-MARTIN 31G,107H,exponential,62,502.1609310339026
31744060,EPLEY-MARTIN 31G,107H,exponential,63,477.478346704536
31744060,EPLEY-MARTIN 31G,107H,exponential,64,454.00897895878916
31744060,EPLEY-MARTIN 31G,107H,exponential,65,431.69319488062996
31744060,EPLEY-MARTIN 31G,107H,exponential,66,410.47429267508284
31744060,EPLEY-MARTIN 31G,107H,exponential,67,390.29835759560564
31744060,EPLEY-MARTIN 31G,107H,exponential,68,371.1141249530299
31744060,EPLEY-MARTIN 31G,107H,exponential,69,352.87284985798703
31744060,EPLEY-MARTIN 31G,107H,exponential,70,335.52818336585074
31744060,EPLEY-MARTIN 31G,107H,exponential,71,319.0360547094944
31744060,EPLEY-MARTIN 31G,107H,exponential,72,303.3545593206309
31744060,EPLEY-MARTIN 31G,107H,exponential,73,288.44385235521025
31744060,EPLEY-MARTIN 31G,107H,exponential,74,274.26604745233504
31744060,EPLEY-MARTIN 31G,107H,exponential,75,260.7851204694526
31744060,EPLEY-MARTIN 31G,107H,exponential,76,247.96681794922577
31744060,EPLEY-MARTIN 31G,107H,exponential,77,235.77857008550802
31744060,EPLEY-MARTIN 31G,107H,exponential,78,224.18940796727836
31744060,EPLEY-MARTIN 31G,107H,exponential,79,213.16988489026397
31744060,EPLEY-MARTIN 31G,107H,exponential,80,202.69200153631166
31744060,EPLEY-MARTIN 31G,107H,exponential,81,192.72913483039838
31744060,EPLEY-MARTIN 31G,107H,exponential,82,183.25597029451365
31744060,EPLEY-MARTIN 31G,107H,exponential,83,174.24843772653531
31744060,EPLEY-MARTIN 31G,107H,exponential,84,165.6836500406624
31744060,EPLEY-MARTIN 31G,107H,exponential,85,157.53984511401075
31744060,EPLEY-MARTIN 31G,107H,exponential,86,149.7963304916049
31744060,EPLEY-MARTIN 31G,107H,exponential,87,142.43343080927366
31744060,EPLEY-MARTIN 31G,107H,exponential,88,135.43243780085186
31744060,EPLEY-MARTIN 31G,107H,exponential,89,128.7755627626671
31744060,EPLEY-MARTIN 31G,107H,exponential,90,122.4458913545252
31744060,EPLEY-MARTIN 31G,107H,exponential,91,116.42734062235273
31744060,EPLEY-MARTIN 31G,107H,exponential,92,110.70461813329248
31744060,EPLEY-MARTIN 31G,107H,exponential,93,105.26318311942276
31744060,EPLEY-MARTIN 31G,107H,exponential,94,100.08920953136733
31744060,EPLEY-MARTIN 31G,107H,exponential,95,95.16955090792334
31744060,EPLEY-MARTIN 31G,107H,exponential,96,90.4917069724417
31744060,EPLEY-MARTIN 31G,107H,exponential,97,86.04379187108778
31744060,EPLEY-MARTIN 31G,107H,exponential,98,81.81450397227832
31744060,EPLEY-MARTIN 31G,107H,exponential,99,77.79309715055815
31744060,EPLEY-MARTIN 31G,107H,exponential,100,73.96935348195402
31744060,EPLEY-MARTIN 31G,107H,exponential,101,70.3335572814252
31744060,EPLEY-MARTIN 31G,107H,exponential,102,66.87647041644585
31744060,EPLEY-MARTIN 31G,107H,exponential,103,63.58930883399115
31744060,EPLEY-MARTIN 31G,107H,exponential,104,60.46372024128729
31744060,EPLEY-MARTIN 31G,107H,exponential,105,57.49176288361292
31744060,EPLEY-MARTIN 31G,107H,exponential,106,54.66588536523046
31744060,EPLEY-MARTIN 31G,107H,exponential,107,51.978907462173105
31744060,EPLEY-MARTIN 31G,107H,exponential,108,49.42400187813673
31744060,EPLEY-MARTIN 31G,107H,exponential,109,46.99467689711877
31744060,EPLEY-MARTIN 31G,107H,exponential,110,44.68475988872819
31744060,EPLEY-MARTIN 31G,107H,exponential,111,42.48838162425389
31744060,EPLEY-MARTIN 31G,107H,exponential,112,40.399961363641964
31744060,EPLEY-MARTIN 31G,107H,exponential,113,38.414192675488216
31744060,EPLEY-MARTIN 31G,107H,exponential,114,36.52602995401745
31744060,EPLEY-MARTIN 31G,107H,exponential,115,34.730675598789546
31744060,EPLEY-MARTIN 31G,107H,exponential,116,33.02356782455867
31744060,EPLEY-MARTIN 31G,107H,exponential,117,31.40036907031069
31744060,EPLEY-MARTIN 31G,107H,exponential,118,29.856954978028693
31744060,EPLEY-MARTIN 31G,107H,exponential,119,28.38940391318182
31744060,EPLEY-MARTIN 31G,107H,exponential,120,26.99398700031121
31743816,SCHARBAUER-DOVE 7D,4H,exponential,34,5357.987979121252
31743816,SCHARBAUER-DOVE 7D,4H,exponential,35,5306.1495030280685
31743816,SCHARBAUER-DOVE 7D,4H,exponential,36,5254.81256363376
31743816,SCHARBAUER-DOVE 7D,4H,exponential,37,5203.972308576159
31743816,SCHARBAUER-DOVE 7D,4H,exponential,38,5153.623932439646
31743816,SCHARBAUER-DOVE 7D,4H,exponential,39,5103.762676300947
31743816,SCHARBAUER-DOVE 7D,4H,exponential,40,5054.383827279323
31743816,SCHARBAUER-DOVE 7D,4H,exponential,41,5005.4827180911
31743816,SCHARBAUER-DOVE 7D,4H,exponential,42,4957.054726608528
31743816,SCHARBAUER-DOVE 7D,4H,exponential,43,4909.09527542289
31743816,SCHARBAUER-DOVE 7D,4H,exponential,44,4861.599831411852
31743816,SCHARBAUER-DOVE 7D,4H,exponential,45,4814.563905310988
31743816,SCHARBAUER-DOVE 7D,4H,exponential,46,4767.983051289456
31743816,SCHARBAUER-DOVE 7D,4H,exponential,47,4721.852866529783
31743816,SCHARBAUER-DOVE 7D,4H,exponential,48,4676.168990811704
31743816,SCHARBAUER-DOVE 7D,4H,exponential,49,4630.927106100042
31743816,SCHARBAUER-DOVE 7D,4H,exponential,50,4586.1229361365595
31743816,SCHARBAUER-DOVE 7D,4H,exponential,51,4541.752246035775
31743816,SCHARBAUER-DOVE 7D,4H,exponential,52,4497.810841884679
31743816,SCHARBAUER-DOVE 7D,4H,exponential,53,4454.294570346321
31743816,SCHARBAUER-DOVE 7D,4H,exponential,54,4411.199318267243
31743816,SCHARBAUER-DOVE 7D,4H,exponential,55,4368.521012288706
31743816,SCHARBAUER-DOVE 7D,4H,exponential,56,4326.255618461667
31743816,SCHARBAUER-DOVE 7D,4H,exponential,57,4284.399141865502
31743816,SCHARBAUER-DOVE 7D,4H,exponential,58,4242.947626230397
31743816,SCHARBAUER-DOVE 7D,4H,exponential,59,4201.897153563407
31743816,SCHARBAUER-DOVE 7D,4H,exponential,60,4161.243843778129
31743816,SCHARBAUER-DOVE 7D,4H,exponential,61,4120.983854327952
31743816,SCHARBAUER-DOVE 7D,4H,exponential,62,4081.113379842862
31743816,SCHARBAUER-DOVE 7D,4H,exponential,63,4041.6286517697595
31743816,SCHARBAUER-DOVE 7D,4H,exponential,64,4002.525938016256
31743816,SCHARBAUER-DOVE 7D,4H,exponential,65,3963.8015425979165
31743816,SCHARBAUER-DOVE 7D,4H,exponential,66,3925.4518052889152
31743816,SCHARBAUER-DOVE 7D,4H,exponential,67,3887.473101276072
31743816,SCHARBAUER-DOVE 7D,4H,exponential,68,3849.861840816238
31743816,SCHARBAUER-DOVE 7D,4H,exponential,69,3812.6144688969857
31743816,SCHARBAUER-DOVE 7D,4H,exponential,70,3775.7274649005976
31743816,SCHARBAUER-DOVE 7D,4H,exponential,71,3739.197342271296
31743816,SCHARBAUER-DOVE 7D,4H,exponential,72,3703.0206481856903
31743816,SCHARBAUER-DOVE 7D,4H,exponential,73,3667.1939632264193
31743816,SCHARBAUER-DOVE 7D,4H,exponential,74,3631.713901058949
31743816,SCHARBAUER-DOVE 7D,4H,exponential,75,3596.577108111496
31743816,SCHARBAUER-DOVE 7D,4H,exponential,76,3561.7802632580465
31743816,SCHARBAUER-DOVE 7D,4H,exponential,77,3527.320077504447
31743816,SCHARBAUER-DOVE 7D,4H,exponential,78,3493.193293677524
31743816,SCHARBAUER-DOVE 7D,4H,exponential,79,3459.3966861172235
31743816,SCHARBAUER-DOVE 7D,4H,exponential,80,3425.927060371714
31743816,SCHARBAUER-DOVE 7D,4H,exponential,81,3392.781252895454
31743816,SCHARBAUER-DOVE 7D,4H,exponential,82,3359.9561307501695
31743816,SCHARBAUER-DOVE 7D,4H,exponential,83,3327.4485913087306
31743816,SCHARBAUER-DOVE 7D,4H,exponential,84,3295.2555619618934
31743816,SCHARBAUER-DOVE 7D,4H,exponential,85,3263.373999827872
31743816,SCHARBAUER-DOVE 7D,4H,exponential,86,3231.8008914647326
31743816,SCHARBAUER-DOVE 7D,4H,exponential,87,3200.533252585558
31743816,SCHARBAUER-DOVE 7D,4H,exponential,88,3169.5681277763742
31743816,SCHARBAUER-DOVE 7D,4H,exponential,89,3138.9025902168073
31743816,SCHARBAUER-DOVE 7D,4H,exponential,90,3108.533741403438
31743816,SCHARBAUER-DOVE 7D,4H,exponential,91,3078.4587108758355
31743816,SCHARBAUER-DOVE 7D,4H,exponential,92,3048.674655945246
31743816,SCHARBAUER-DOVE 7D,4H,exponential,93,3019.1787614258947
31743816,SCHARBAUER-DOVE 7D,4H,exponential,94,2989.9682393689013
31743816,SCHARBAUER-DOVE 7D,4H,exponential,95,2961.040328798762
31743816,SCHARBAUER-DOVE 7D,4H,exponential,96,2932.392295452379
31743816,SCHARBAUER-DOVE 7D,4H,exponential,97,2904.0214315206213
31743816,SCHARBAUER-DOVE 7D,4H,exponential,98,2875.925055392382
31743816,SCHARBAUER-DOVE 7D,4H,exponential,99,2848.100511401114
31743816,SCHARBAUER-DOVE 7D,4H,exponential,100,2820.545169573814
31743816,SCHARBAUER-DOVE 7D,4H,exponential,101,2793.2564253824403
31743816,SCHARBAUER-DOVE 7D,4H,exponential,102,2766.231699497731
31743816,SCHARBAUER-DOVE 7D,4H,exponential,103,2739.468437545408
31743816,SCHARBAUER-DOVE 7D,4H,exponential,104,2712.9641098647367
31743816,SCHARBAUER-DOVE 7D,4H,exponential,105,2686.7162112694223
31743816,SCHARBAUER-DOVE 7D,4H,exponential,106,2660.7222608108214
31743816,SCHARBAUER-DOVE 7D,4H,exponential,107,2634.979801543441
31743816,SCHARBAUER-DOVE 7D,4H,exponential,108,2609.4864002927097
31743816,SCHARBAUER-DOVE 7D,4H,exponential,109,2584.2396474249954
31743816,SCHARBAUER-DOVE 7D,4H,exponential,110,2559.2371566198426
31743816,SCHARBAUER-DOVE 7D,4H,exponential,111,2534.476564644423
31743816,SCHARBAUER-DOVE 7D,4H,exponential,112,2509.955531130159
31743816,SCHARBAUER-DOVE 7D,4H,exponential,113,2485.671738351516
31743816,SCHARBAUER-DOVE 7D,4H,exponential,114,2461.622891006926
31743816,SCHARBAUER-DOVE 7D,4H,exponential,115,2437.8067160018404
31743816,SCHARBAUER-DOVE 7D,4H,exponential,116,2414.2209622338764
31743816,SCHARBAUER-DOVE 7D,4H,exponential,117,2390.8634003800425
31743816,SCHARBAUER-DOVE 7D,4H,exponential,118,2367.731822686023
31743816,SCHARBAUER-DOVE 7D,4H,exponential,119,2344.8240427575
31743816,SCHARBAUER-DOVE 7D,4H,exponential,120,2322.1378953535
31743818,SCHARBAUER-DOVE 7F,6H,exponential,34,4143.752723986695
31743818,SCHARBAUER-DOVE 7F,6H,exponential,35,4050.374493382232
31743818,SCHARBAUER-DOVE 7F,6H,exponential,36,3959.100513328326
31743818,SCHARBAUER-DOVE 7F,6H,exponential,37,3869.883365167
31743818,SCHARBAUER-DOVE 7F,6H,exponential,38,3782.676698805579
31743818,SCHARBAUER-DOVE 7F,6H,exponential,39,3697.435208636888
31743818,SCHARBAUER-DOVE 7F,6H,exponential,40,3614.1146100020883
31743818,SCHARBAUER-DOVE 7F,6H,exponential,41,3532.6716161839036
31743818,SCHARBAUER-DOVE 7F,6H,exponential,42,3453.063915918312
31743818,SCHARBAUER-DOVE 7F,6H,exponential,43,3375.2501514129945
31743818,SCHARBAUER-DOVE 7F,6H,exponential,44,3299.189896861135
31743818,SCHARBAUER-DOVE 7F,6H,exponential,45,3224.843637439405
31743818,SCHARBAUER-DOVE 7F,6H,exponential,46,3152.172748779226
31743818,SCHARBAUER-DOVE 7F,6H,exponential,47,3081.1394769006324
31743818,SCHARBAUER-DOVE 7F,6H,exponential,48,3011.706918598327
31743818,SCHARBAUER-DOVE 7F,6H,exponential,49,2943.8390022697286
31743818,SCHARBAUER-DOVE 7F,6H,exponential,50,2877.500469175051
31743818,SCHARBAUER-DOVE 7F,6H,exponential,51,2812.656855119681
31743818,SCHARBAUER-DOVE 7F,6H,exponential,52,2749.274472549347
31743818,SCHARBAUER-DOVE 7F,6H,exponential,53,2687.320393048753
31743818,SCHARBAUER-DOVE 7F,6H,exponential,54,2626.7624302346117
31743818,SCHARBAUER-DOVE 7F,6H,exponential,55,2567.5691230341763
31743818,SCHARBAUER-DOVE 7F,6H,exponential,56,2509.7097193405802
31743818,SCHARBAUER-DOVE 7F,6H,exponential,57,2453.1541600365063
31743818,SCHARBAUER-DOVE 7F,6H,exponential,58,2397.8730633778728
31743818,SCHARBAUER-DOVE 7F,6H,exponential,59,2343.8377097294274
31743818,SCHARBAUER-DOVE 7F,6H,exponential,60,2291.020026644327
31743818,SCHARBAUER-DOVE 7F,6H,exponential,61,2239.3925742799365
31743818,SCHARBAUER-DOVE 7F,6H,exponential,62,2188.928531142283
31743818,SCHARBAUER-DOVE 7F,6H,exponential,63,2139.6016801517535
31743818,SCHARBAUER-DOVE 7F,6H,exponential,64,2091.386395022798
31743818,SCHARBAUER-DOVE 7F,6H,exponential,65,2044.2576269505596
31743818,SCHARBAUER-DOVE 7F,6H,exponential,66,1998.1908915975223
31743818,SCHARBAUER-DOVE 7F,6H,exponential,67,1953.162256373407
31743818,SCHARBAUER-DOVE 7F,6H,exponential,68,1909.1483280017117
31743818,SCHARBAUER-DOVE 7F,6H,exponential,69,1866.1262403664357
31743818,SCHARBAUER-DOVE 7F,6H,exponential,70,1824.0736426326775
31743818,SCHARBAUER-DOVE 7F,6H,exponential,71,1782.9686876349278
31743818,SCHARBAUER-DOVE 7F,6H,exponential,72,1742.7900205270287
31743818,SCHARBAUER-DOVE 7F,6H,exponential,73,1703.5167676879068
31743818,SCHARBAUER-DOVE 7F,6H,exponential,74,1665.128525877308
31743818,SCHARBAUER-DOVE 7F,6H,exponential,75,1627.6053516359048
31743818,SCHARBAUER-DOVE 7F,6H,exponential,76,1590.9277509242743
31743818,SCHARBAUER-DOVE 7F,6H,exponential,77,1555.0766689953512
31743818,SCHARBAUER-DOVE 7F,6H,exponential,78,1520.0334804951062
31743818,SCHARBAUER-DOVE 7F,6H,exponential,79,1485.779979786305
31743818,SCHARBAUER-DOVE 7F,6H,exponential,80,1452.2983714903112
31743818,SCHARBAUER-DOVE 7F,6H,exponential,81,1419.5712612420346
31743818,SCHARBAUER-DOVE 7F,6H,exponential,82,1387.58164665321
31743818,SCHARBAUER-DOVE 7F,6H,exponential,83,1356.3129084793152
31743818,SCHARBAUER-DOVE 7F,6H,exponential,84,1325.748801985542
31743818,SCHARBAUER-DOVE 7F,6H,exponential,85,1295.8734485073326
31743818,SCHARBAUER-DOVE 7F,6H,exponential,86,1266.6713272010936
31743818,SCHARBAUER-DOVE 7F,6H,exponential,87,1238.1272669808086
31743818,SCHARBAUER-DOVE 7F,6H,exponential,88,1210.2264386363572
31743818,SCHARBAUER-DOVE 7F,6H,exponential,89,1182.9543471294396
31743818,SCHARBAUER-DOVE 7F,6H,exponential,90,1156.2968240631187
31743818,SCHARBAUER-DOVE 7F,6H,exponential,91,1130.2400203210527
31743818,SCHARBAUER-DOVE 7F,6H,exponential,92,1104.770398872601
31743818,SCHARBAUER-DOVE 7F,6H,exponential,93,1079.8747277400678
31743818,SCHARBAUER-DOVE 7F,6H,exponential,94,1055.5400731244256
31743818,SCHARBAUER-DOVE 7F,6H,exponential,95,1031.7537926859452
31743818,SCHARBAUER-DOVE 7F,6H,exponential,96,1008.5035289762502
31743818,SCHARBAUER-DOVE 7F,6H,exponential,97,985.7772030183743
31743818,SCHARBAUER-DOVE 7F,6H,exponential,98,963.5630080314902
31743818,SCHARBAUER-DOVE 7F,6H,exponential,99,941.8494032970528
31743818,SCHARBAUER-DOVE 7F,6H,exponential,100,920.6251081631647
31743818,SCHARBAUER-DOVE 7F,6H,exponential,101,899.8790961840496
31743818,SCHARBAUER-DOVE 7F,6H,exponential,102,879.6005893915964
31743818,SCHARBAUER-DOVE 7F,6H,exponential,103,859.7790526959882
31743818,SCHARBAUER-DOVE 7F,6H,exponential,104,840.4041884125105
31743818,SCHARBAUER-DOVE 7F,6H,exponential,105,821.4659309117012
31743818,SCHARBAUER-DOVE 7F,6H,exponential,106,802.9544413900527
31743818,SCHARBAUER-DOVE 7F,6H,exponential,107,784.860102758557
31743818,SCHARBAUER-DOVE 7F,6H,exponential,108,767.173514646436
31743818,SCHARBAUER-DOVE 7F,6H,exponential,109,749.8854885174618
31743818,SCHARBAUER-DOVE 7F,6H,exponential,110,732.9870428963256
31743818,SCHARBAUER-DOVE 7F,6H,exponential,111,716.4693987025847
31743818,SCHARBAUER-DOVE 7F,6H,exponential,112,700.3239746897534
31743818,SCHARBAUER-DOVE 7F,6H,exponential,113,684.5423829871728
31743818,SCHARBAUER-DOVE 7F,6H,exponential,114,669.1164247423461
31743818,SCHARBAUER-DOVE 7F,6H,exponential,115,654.0380858614703
31743818,SCHARBAUER-DOVE 7F,6H,exponential,116,639.2995328459525
31743818,SCHARBAUER-DOVE 7F,6H,exponential,117,624.8931087227531
31743818,SCHARBAUER-DOVE 7F,6H,exponential,118,610.8113290664342
31743818,SCHARBAUER-DOVE 7F,6H,exponential,119,597.0468781108498
31743818,SCHARBAUER-DOVE 7F,6H,exponential,120,583.5926049484609
31743759,GLYNN-ATCHISON 44L,212H,exponential,34,2258.456789758472
31743759,GLYNN-ATCHISON 44L,212H,exponential,35,2212.8185214049536
31743759,GLYNN-ATCHISON 44L,212H,exponential,36,2168.1024985191166
31743759,GLYNN-ATCHISON 44L,212H,exponential,37,2124.290084620362
31743759,GLYNN-ATCHISON 44L,212H,exponential,38,2081.363019828925
31743759,GLYNN-ATCHISON 44L,212H,exponential,39,2039.3034132556245
31743759,GLYNN-ATCHISON 44L,212H,exponential,40,1998.0937355454037
31743759,GLYNN-ATCHISON 44L,212H,exponential,41,1957.7168115715529
31743759,GLYNN-ATCHISON 44L,212H,exponential,42,1918.1558132775576
31743759,GLYNN-ATCHISON 44L,212H,exponential,43,1879.394252663602
31743759,GLYNN-ATCHISON 44L,212H,exponential,44,1841.4159749147968
31743759,GLYNN-ATCHISON 44L,212H,exponential,45,1804.2051516682718
31743759,GLYNN-ATCHISON 44L,212H,exponential,46,1767.746274416322
31743759,GLYNN-ATCHISON 44L,212H,exponential,47,1732.024148042865
31743759,GLYNN-ATCHISON 44L,212H,exponential,48,1697.0238844905086
31743759,GLYNN-ATCHISON 44L,212H,exponential,49,1662.7308965555967
31743759,GLYNN-ATCHISON 44L,212H,exponential,50,1629.1308918086354
31743759,GLYNN-ATCHISON 44L,212H,exponential,51,1596.2098666375846
31743759,GLYNN-ATCHISON 44L,212H,exponential,52,1563.9541004115101
31743759,GLYNN-ATCHISON 44L,212H,exponential,53,1532.3501497621826
31743759,GLYNN-ATCHISON 44L,212H,exponential,54,1501.384842981228
31743759,GLYNN-ATCHISON 44L,212H,exponential,55,1471.045274530503
31743759,GLYNN-ATCHISON 44L,212H,exponential,56,1441.3187996633976
31743759,GLYNN-ATCHISON 44L,212H,exponential,57,1412.1930291548356
31743759,GLYNN-ATCHISON 44L,212H,exponential,58,1383.6558241377631
31743759,GLYNN-ATCHISON 44L,212H,exponential,59,1355.695291043986
31743759,GLYNN-ATCHISON 44L,212H,exponential,60,1328.2997766472358
31743759,GLYNN-ATCHISON 44L,212H,exponential,61,1301.4578632064085
31743759,GLYNN-ATCHISON 44L,212H,exponential,62,1275.158363706946
31743759,GLYNN-ATCHISON 44L,212H,exponential,63,1249.3903171983764
31743759,GLYNN-ATCHISON 44L,212H,exponential,64,1224.142984226075
31743759,GLYNN-ATCHISON 44L,212H,exponential,65,1199.4058423553372
31743759,GLYNN-ATCHISON 44L,212H,exponential,66,1175.1685817859002
31743759,GLYNN-ATCHISON 44L,212H,exponential,67,1151.4211010550846
31743759,GLYNN-ATCHISON 44L,212H,exponential,68,1128.1535028277679
31743759,GLYNN-ATCHISON 44L,212H,exponential,69,1105.3560897714297
31743759,GLYNN-ATCHISON 44L,212H,exponential,70,1083.0193605145555
31743759,GLYNN-ATCHISON 44L,212H,exponential,71,1061.134005686711
31743759,GLYNN-ATCHISON 44L,212H,exponential,72,1039.6909040386367
31743759,GLYNN-ATCHISON 44L,212H,exponential,73,1018.6811186407491
31743759,GLYNN-ATCHISON 44L,212H,exponential,74,998.0958931584585
31743759,GLYNN-ATCHISON 44L,212H,exponential,75,977.9266482027549
31743759,GLYNN-ATCHISON 44L,212H,exponential,76,958.1649777545429
31743759,GLYNN-ATCHISON 44L,212H,exponential,77,938.8026456612282
31743759,GLYNN-ATCHISON 44L,212H,exponential,78,919.8315822041044
31743759,GLYNN-ATCHISON 44L,212H,exponential,79,901.2438807351017
31743759,GLYNN-ATCHISON 44L,212H,exponential,80,883.031794381502
31743759,GLYNN-ATCHISON 44L,212H,exponential,81,865.1877328172417
31743759,GLYNN-ATCHISON 44L,212H,exponential,82,847.7042590994611
31743759,GLYNN-ATCHISON 44L,212H,exponential,83,830.5740865689789
31743759,GLYNN-ATCHISON 44L,212H,exponential,84,813.7900758134012
31743759,GLYNN-ATCHISON 44L,212H,exponential,85,797.3452316915997
31743759,GLYNN-ATCHISON 44L,212H,exponential,86,781.2327004183177
31743759,GLYNN-ATCHISON 44L,212H,exponential,87,765.4457667076896
31743759,GLYNN-ATCHISON 44L,212H,exponential,88,749.977850974484
31743759,GLYNN-ATCHISON 44L,212H,exponential,89,734.8225065919028
31743759,GLYNN-ATCHISON 44L,212H,exponential,90,719.973417204794
31743759,GLYNN-ATCHISON 44L,212H,exponential,91,705.4243940971585
31743759,GLYNN-ATCHISON 44L,212H,exponential,92,691.1693736128537
31743759,GLYNN-ATCHISON 44L,212H,exponential,93,677.2024146284182
31743759,GLYNN-ATCHISON 44L,212H,exponential,94,663.5176960769653
31743759,GLYNN-ATCHISON 44L,212H,exponential,95,650.1095145221138
31743759,GLYNN-ATCHISON 44L,212H,exponential,96,636.9722817809425
31743759,GLYNN-ATCHISON 44L,212H,exponential,97,624.1005225949805
31743759,GLYNN-ATCHISON 44L,212H,exponential,98,611.488872348262
31743759,GLYNN-ATCHISON 44L,212H,exponential,99,599.1320748314918
31743759,GLYNN-ATCHISON 44L,212H,exponential,100,587.0249800513943
31743759,GLYNN-ATCHISON 44L,212H,exponential,101,575.1625420843305
31743759,GLYNN-ATCHISON 44L,212H,exponential,102,563.5398169732852
31743759,GLYNN-ATCHISON 44L,212H,exponential,103,552.1519606673562
31743759,GLYNN-ATCHISON 44L,212H,exponential,104,540.9942270028776
31743759,GLYNN-ATCHISON 44L,212H,exponential,105,530.0619657253429
31743759,GLYNN-ATCHISON 44L,212H,exponential,106,519.3506205512989
31743759,GLYNN-ATCHISON 44L,212H,exponential,107,508.85572726940376
31743759,GLYNN-ATCHISON 44L,212H,exponential,108,498.57291187986107
31743759,GLYNN-ATCHISON 44L,212H,exponential,109,488.4978887714483
31743759,GLYNN-ATCHISON 44L,212H,exponential,110,478.6264589353864
31743759,GLYNN-ATCHISON 44L,212H,exponential,111,468.9545082153004
31743759,GLYNN-ATCHISON 44L,212H,exponential,112,459.4780055925466
31743759,GLYNN-ATCHISON 44L,212H,exponential,113,450.19300150618795
31743759,GLYNN-ATCHISON 44L,212H,exponential,114,441.0956262069188
31743759,GLYNN-ATCHISON 44L,212H,exponential,115,432.1820881442547
31743759,GLYNN-ATCHISON 44L,212H,exponential,116,423.44867238631093
31743759,GLYNN-ATCHISON 44L,212H,exponential,117,414.8917390715166
31743759,GLYNN-ATCHISON 44L,212H,exponential,118,406.5077218916136
31743759,GLYNN-ATCHISON 44L,212H,exponential,119,398.29312660531144
31743759,GLYNN-ATCHISON 44L,212H,exponential,120,390.2445295819791
31744407,DAVIS-LACY 31L,212H,exponential,34,3992.1358869655614
31744407,DAVIS-LACY 31L,212H,exponential,35,3812.664154649952
31744407,DAVIS-LACY 31L,212H,exponential,36,3641.260810688941
31744407,DAVIS-LACY 31L,212H,exponential,37,3477.5631300461077
31744407,DAVIS-LACY 31L,212H,exponential,38,3321.224694467286
31744407,DAVIS-LACY 31L,212H,exponential,39,3171.9146593876703
31744407,DAVIS-LACY 31L,212H,exponential,40,3029.317053796072
31744407,DAVIS-LACY 31L,212H,exponential,41,2893.1301115747115
31744407,DAVIS-LACY 31L,212H,exponential,42,2763.0656328995037
31744407,DAVIS-LACY 31L,212H,exponential,43,2638.8483743494376
31744407,DAVIS-LACY 31L,212H,exponential,44,2520.2154664343943
31744407,DAVIS-LACY 31L,212H,exponential,45,2406.915857308771
31744407,DAVIS-LACY 31L,212H,exponential,46,2298.709781493688
31744407,DAVIS-LACY 31L,212H,exponential,47,2195.368252483489
31744407,DAVIS-LACY 31L,212H,exponential,48,2096.6725781627956
31744407,DAVIS-LACY 31L,212H,exponential,49,2002.4138980086154
31744407,DAVIS-LACY 31L,212H,exponential,50,1912.3927410981423
31744407,DAVIS-LACY 31L,212H,exponential,51,1826.4186039869028
31744407,DAVIS-LACY 31L,212H,exponential,52,1744.3095475639411
31744407,DAVIS-LACY 31L,212H,exponential,53,1665.8918120309174
31744407,DAVIS-LACY 31L,212H,exponential,54,1590.9994491903244
31744407,DAVIS-LACY 31L,212H,exponential,55,1519.47397126467
31744407,DAVIS-LACY 31L,212H,exponential,56,1451.164015503462
31744407,DAVIS-LACY 31L,212H,exponential,57,1385.9250238682241
31744407,DAVIS-LACY 31L,212H,exponential,58,1323.6189371176936
31744407,DAVIS-LACY 31L,212H,exponential,59,1264.1139026458277
31744407,DAVIS-LACY 31L,212H,exponential,60,1207.2839954543322
31744407,DAVIS-LACY 31L,212H,exponential,61,1153.0089516692385
31744407,DAVIS-LACY 31L,212H,exponential,62,1101.1739140375983
31744407,DAVIS-LACY 31L,212H,exponential,63,1051.6691888657037
31744407,DAVIS-LACY 31L,212H,exponential,64,1004.390013884477
31744407,DAVIS-LACY 31L,212H,exponential,65,959.2363365507724
31744407,DAVIS-LACY 31L,212H,exponential,66,916.1126023154375
31744407,DAVIS-LACY 31L,212H,exponential,67,874.9275524100635
31744407,DAVIS-LACY 31L,212H,exponential,68,835.5940307244965
31744407,DAVIS-LACY 31L,212H,exponential,69,798.0287993664283
31744407,DAVIS-LACY 31L,212H,exponential,70,762.1523625127461
31744407,DAVIS-LACY 31L,212H,exponential,71,727.8887981798778
31744407,DAVIS-LACY 31L,212H,exponential,72,695.1655975571242
31744407,DAVIS-LACY 31L,212H,exponential,73,663.913511562971
31744407,DAVIS-LACY 31L,212H,exponential,74,634.0664042996672
31744407,DAVIS-LACY 31L,212H,exponential,75,605.5611130959431
31744407,DAVIS-LACY 31L,212H,exponential,76,578.3373148416941
31744407,DAVIS-LACY 31L,212H,exponential,77,552.3373983317649
31744407,DAVIS-LACY 31L,212H,exponential,78,527.5063423486866
31744407,DAVIS-LACY 31L,212H,exponential,79,503.7915992263651
31744407,DAVIS-LACY 31L,212H,exponential,80,481.1429836483186
31744407,DAVIS-LACY 31L,212H,exponential,81,459.51256644513546
31744407,DAVIS-LACY 31L,212H,exponential,82,438.8545731664083
31744407,DAVIS-LACY 31L,212H,exponential,83,419.12528721250027
31744407,DAVIS-LACY 31L,212H,exponential,84,400.28295732114964
31744407,DAVIS-LACY 31L,212H,exponential,85,382.28770921313816
31744407,DAVIS-LACY 31L,212H,exponential,86,365.1014612100426
31744407,DAVIS-LACY 31L,212H,exponential,87,348.6878436455031
31744407,DAVIS-LACY 31L,212H,exponential,88,333.01212189946307
31744407,DAVIS-LACY 31L,212H,exponential,89,318.0411228925074
31744407,DAVIS-LACY 31L,212H,exponential,90,303.74316488474375
31744407,DAVIS-LACY 31L,212H,exponential,91,290.08799043066836
31744407,DAVIS-LACY 31L,212H,exponential,92,277.04670234813295
31744407,DAVIS-LACY 31L,212H,exponential,93,264.5917025659135
31744407,DAVIS-LACY 31L,212H,exponential,94,252.69663372046506
31744407,DAVIS-LACY 31L,212H,exponential,95,241.33632337827197
31744407,DAVIS-LACY 31L,212H,exponential,96,230.48673076575676
31744407,DAVIS-LACY 31L,212H,exponential,97,220.1248958940149
31744407,DAVIS-LACY 31L,212H,exponential,98,210.22889097071536
31744407,DAVIS-LACY 31L,212H,exponential,99,200.7777739963424
31744407,DAVIS-LACY 31L,212H,exponential,100,191.75154444658
31744407,DAVIS-LACY 31L,212H,exponential,101,183.1311009470529
31744407,DAVIS-LACY 31L,212H,exponential,102,174.89820085085552
31744407,DAVIS-LACY 31L,212H,exponential,103,167.03542163332605
31744407,DAVIS-LACY 31L,212H,exponential,104,159.52612402237028
31744407,DAVIS-LACY 31L,212H,exponential,105,152.35441678630932
31744407,DAVIS-LACY 31L,212H,exponential,106,145.50512310473653
31744407,DAVIS-LACY 31L,212H,exponential,107,138.9637484512168
31744407,DAVIS-LACY 31L,212H,exponential,108,132.71644991986156
31744407,DAVIS-LACY 31L,212H,exponential,109,126.75000693086798
31744407,DAVIS-LACY 31L,212H,exponential,110,121.05179325302916
31744407,DAVIS-LACY 31L,212H,exponential,111,115.60975028400946
31744407,DAVIS-LACY 31L,212H,exponential,112,110.41236153184018
31744407,DAVIS-LACY 31L,212H,exponential,113,105.44862824363327
31744407,DAVIS-LACY 31L,212H,exponential,114,100.7080461299381
31744407,DAVIS-LACY 31L,212H,exponential,115,96.18058313548613
31744407,DAVIS-LACY 31L,212H,exponential,116,91.8566582092803
31744407,DAVIS-LACY 31L,212H,exponential,117,87.72712102910351
31744407,DAVIS-LACY 31L,212H,exponential,118,83.7832326375383
31744407,DAVIS-LACY 31L,212H,exponential,119,80.01664694852005
31744407,DAVIS-LACY 31L,212H,exponential,120,76.41939308528718
31744063,EPLEY-MARTIN 31H,108H,exponential,34,4282.867449600291
31744063,EPLEY-MARTIN 31H,108H,exponential,35,4263.002748687554
31744063,EPLEY-MARTIN 31H,108H,exponential,36,4243.230183790464
31744063,EPLEY-MARTIN 31H,108H,exponential,37,4223.5493275657955
31744063,EPLEY-MARTIN 31H,108H,exponential,38,4203.9597546524155
31744063,EPLEY-MARTIN 31H,108H,exponential,39,4184.461041662092
31744063,EPLEY-MARTIN 31H,108H,exponential,40,4165.052767170343
31744063,EPLEY-MARTIN 31H,108H,exponential,41,4145.734511707328
31744063,EPLEY-MARTIN 31H,108H,exponential,42,4126.5058577487835
31744063,EPLEY-MARTIN 31H,108H,exponential,43,4107.366389706996
31744063,EPLEY-MARTIN 31H,108H,exponential,44,4088.315693921822
31744063,EPLEY-MARTIN 31H,108H,exponential,45,4069.353358651748
31744063,EPLEY-MARTIN 31H,108H,exponential,46,4050.478974064991
31744063,EPLEY-MARTIN 31H,108H,exponential,47,4031.6921322306393
31744063,EPLEY-MARTIN 31H,108H,exponential,48,4012.99242710984
31744063,EPLEY-MARTIN 31H,108H,exponential,49,3994.379454547017
31744063,EPLEY-MARTIN 31H,108H,exponential,50,3975.8528122611424
31744063,EPLEY-MARTIN 31H,108H,exponential,51,3957.412099837039
31744063,EPLEY-MARTIN 31H,108H,exponential,52,3939.056918716725
31744063,EPLEY-MARTIN 31H,108H,exponential,53,3920.7868721908026
31744063,EPLEY-MARTIN 31H,108H,exponential,54,3902.6015653898817
31744063,EPLEY-MARTIN 31H,108H,exponential,55,3884.5006052760486
31744063,EPLEY-MARTIN 31H,108H,exponential,56,3866.4836006343667
31744063,EPLEY-MARTIN 31H,108H,exponential,57,3848.550162064426
31744063,EPLEY-MARTIN 31H,108H,exponential,58,3830.699901971924
31744063,EPLEY-MARTIN 31H,108H,exponential,59,3812.9324345602895
31744063,EPLEY-MARTIN 31H,108H,exponential,60,3795.2473758223437
31744063,EPLEY-MARTIN 31H,108H,exponential,61,3777.644343532003
31744063,EPLEY-MARTIN 31H,108H,exponential,62,3760.122957236016
31744063,EPLEY-MARTIN 31H,108H,exponential,63,3742.6828382457397
31744063,EPLEY-MARTIN 31H,108H,exponential,64,3725.3236096289575
31744063,EPLEY-MARTIN 31H,108H,exponential,65,3708.0448962017313
31744063,EPLEY-MARTIN 31H,108H,exponential,66,3690.846324520293
31744063,EPLEY-MARTIN 31H,108H,exponential,67,3673.7275228729723
31744063,EPLEY-MARTIN 31H,108H,exponential,68,3656.688121272166
31744063,EPLEY-MARTIN 31H,108H,exponential,69,3639.7277514463353
31744063,EPLEY-MARTIN 31H,108H,exponential,70,3622.8460468320545
31744063,EPLEY-MARTIN 31H,108H,exponential,71,3606.042642566081
31744063,EPLEY-MARTIN 31H,108H,exponential,72,3589.3171754774753
31744063,EPLEY-MARTIN 31H,108H,exponential,73,3572.669284079747
31744063,EPLEY-MARTIN 31H,108H,exponential,74,3556.0986085630457
31744063,EPLEY-MARTIN 31H,108H,exponential,75,3539.6047907863835
31744063,EPLEY-MARTIN 31H,108H,exponential,76,3523.1874742698924
31744063,EPLEY-MARTIN 31H,108H,exponential,77,3506.8463041871237
31744063,EPLEY-MARTIN 31H,108H,exponential,78,3490.580927357374
31744063,EPLEY-MARTIN 31H,108H,exponential,79,3474.390992238058
31744063,EPLEY-MARTIN 31H,108H,exponential,80,3458.2761489171053
31744063,EPLEY-MARTIN 31H,108H,exponential,81,3442.2360491054
31744063,EPLEY-MARTIN 31H,108H,exponential,82,3426.2703461292544
31744063,EPLEY-MARTIN 31H,108H,exponential,83,3410.3786949229134
31744063,EPLEY-MARTIN 31H,108H,exponential,84,3394.5607520210992
31744063,EPLEY-MARTIN 31H,108H,exponential,85,3378.8161755515875
31744063,EPLEY-MARTIN 31H,108H,exponential,86,3363.1446252278165
31744063,EPLEY-MARTIN 31H,108H,exponential,87,3347.5457623415355
31744063,EPLEY-MARTIN 31H,108H,exponential,88,3332.019249755482
31744063,EPLEY-MARTIN 31H,108H,exponential,89,3316.564751896098
31744063,EPLEY-MARTIN 31H,108H,exponential,90,3301.181934746272
31744063,EPLEY-MARTIN 31H,108H,exponential,91,3285.8704658381257
31744063,EPLEY-MARTIN 31H,108H,exponential,92,3270.6300142458254
31744063,EPLEY-MARTIN 31H,108H,exponential,93,3255.4602505784305
31744063,EPLEY-MARTIN 31H,108H,exponential,94,3240.3608469727737
31744063,EPLEY-MARTIN 31H,108H,exponential,95,3225.331477086375
31744063,EPLEY-MARTIN 31H,108H,exponential,96,3210.371816090391
31744063,EPLEY-MARTIN 31H,108H,exponential,97,3195.4815406625885
31744063,EPLEY-MARTIN 31H,108H,exponential,98,3180.660328980364
31744063,EPLEY-MARTIN 31H,108H,exponential,99,3165.907860713782
31744063,EPLEY-MARTIN 31H,108H,exponential,100,3151.2238170186565
31744063,EPLEY-MARTIN 31H,108H,exponential,101,3136.6078805296547
31744063,EPLEY-MARTIN 31H,108H,exponential,102,3122.059735353443
31744063,EPLEY-MARTIN 31H,108H,exponential,103,3107.579067061856
31744063,EPLEY-MARTIN 31H,108H,exponential,104,3093.1655626851034
31744063,EPLEY-MARTIN 31H,108H,exponential,105,3078.818910705002
31744063,EPLEY-MARTIN 31H,108H,exponential,106,3064.538801048248
31744063,EPLEY-MARTIN 31H,108H,exponential,107,3050.324925079711
31744063,EPLEY-MARTIN 31H,108H,exponential,108,3036.176975595766
31744063,EPLEY-MARTIN 31H,108H,exponential,109,3022.094646817654
31744063,EPLEY-MARTIN 31H,108H,exponential,110,3008.077634384869
31744063,EPLEY-MARTIN 31H,108H,exponential,111,2994.1256353485855
31744063,EPLEY-MARTIN 31H,108H,exponential,112,2980.23834816511
31744063,EPLEY-MARTIN 31H,108H,exponential,113,2966.4154726893594
31744063,EPLEY-MARTIN 31H,108H,exponential,114,2952.6567101683786
31744063,EPLEY-MARTIN 31H,108H,exponential,115,2938.9617632348804
31744063,EPLEY-MARTIN 31H,108H,exponential,116,2925.330335900822
31744063,EPLEY-MARTIN 31H,108H,exponential,117,2911.7621335510034
31744063,EPLEY-MARTIN 31H,108H,exponential,118,2898.2568629367042
31744063,EPLEY-MARTIN 31H,108H,exponential,119,2884.814232169343
31744063,EPLEY-MARTIN 31H,108H,exponential,120,2871.43395071417
31744071,DAVIS-LACY 31B,202H,exponential,34,2912.2761135030178
31744071,DAVIS-LACY 31B,202H,exponential,35,2785.7899278677733
31744071,DAVIS-LACY 31B,202H,exponential,36,2664.7972993449102
31744071,DAVIS-LACY 31B,202H,exponential,37,2549.0596313667847
31744071,DAVIS-LACY 31B,202H,exponential,38,2438.34869010904
31744071,DAVIS-LACY 31B,202H,exponential,39,2332.4461544151945
31744071,DAVIS-LACY 31B,202H,exponential,40,2231.1431852689393
31744071,DAVIS-LACY 31B,202H,exponential,41,2134.240013965143
31744071,DAVIS-LACY 31B,202H,exponential,42,2041.5455481674435
31744071,DAVIS-LACY 31B,202H,exponential,43,1952.8769950755782
31744071,DAVIS-LACY 31B,202H,exponential,44,1868.0595009593317
31744071,DAVIS-LACY 31B,202H,exponential,45,1786.9258063482769
31744071,DAVIS-LACY 31B,202H,exponential,46,1709.315916197336
31744071,DAVIS-LACY 31B,202H,exponential,47,1635.0767843777396
31744071,DAVIS-LACY 31B,202H,exponential,48,1564.0620118711877
31744071,DAVIS-LACY 31B,202H,exponential,49,1496.1315580720766
31744071,DAVIS-LACY 31B,202H,exponential,50,1431.1514646284552
31744071,DAVIS-LACY 31B,202H,exponential,51,1368.9935912771523
31744071,DAVIS-LACY 31B,202H,exponential,52,1309.5353631521207
31744071,DAVIS-LACY 31B,202H,exponential,53,1252.6595290677146
31744071,DAVIS-LACY 31B,202H,exponential,54,1198.2539303002159
31744071,DAVIS-LACY 31B,202H,exponential,55,1146.211279411661
31744071,DAVIS-LACY 31B,202H,exponential,56,1096.4289486798111
31744071,DAVIS-LACY 31B,202H,exponential,57,1048.8087677170397
31744071,DAVIS-LACY 31B,202H,exponential,58,1003.2568298790572
31744071,DAVIS-LACY 31B,202H,exponential,59,959.683307081705
31744071,DAVIS-LACY 31B,202H,exponential,60,918.002272660634
31744071,DAVIS-LACY 31B,202H,exponential,61,878.1315319245639
31744071,DAVIS-LACY 31B,202H,exponential,62,839.9924600679567
31744071,DAVIS-LACY 31B,202H,exponential,63,803.5098471234852
31744071,DAVIS-LACY 31B,202H,exponential,64,768.6117496485313
31744071,DAVIS-LACY 31B,202H,exponential,65,735.2293488532525
31744071,DAVIS-LACY 31B,202H,exponential,66,703.2968148904368
31744071,DAVIS-LACY 31B,202H,exponential,67,672.7511770395306
31744071,DAVIS-LACY 31B,202H,exponential,68,643.5321995288452
31744071,DAVIS-LACY 31B,202H,exponential,69,615.5822627510603
31744071,DAVIS-LACY 31B,202H,exponential,70,588.8462496377853
31744071,DAVIS-LACY 31B,202H,exponential,71,563.2714369691082
31744071,DAVIS-LACY 31B,202H,exponential,72,538.8073914037969
31744071,DAVIS-LACY 31B,202H,exponential,73,515.405870025123
31744071,DAVIS-LACY 31B,202H,exponential,74,493.02072520618725
31744071,DAVIS-LACY 31B,202H,exponential,75,471.6078136071416
31744071,DAVIS-LACY 31B,202H,exponential,76,451.12490912484895
31744071,DAVIS-LACY 31B,202H,exponential,77,431.5316196233212
31744071,DAVIS-LACY 31B,202H,exponential,78,412.78930728072606
31744071,DAVIS-LACY 31B,202H,exponential,79,394.8610123958874
31744071,DAVIS-LACY 31B,202H,exponential,80,377.71138050402976
31744071,DAVIS-LACY 31B,202H,exponential,81,361.3065926580343
31744071,DAVIS-LACY 31B,202H,exponential,82,345.61429873772636
31744071,DAVIS-LACY 31B,202H,exponential,83,330.6035536556771
31744071,DAVIS-LACY 31B,202H,exponential,84,316.24475633372106
31744071,DAVIS-LACY 31B,202H,exponential,85,302.5095913298489
31744071,DAVIS-LACY 31B,202H,exponential,86,289.37097300036487
31744071,DAVIS-LACY 31B,202H,exponential,87,276.80299208719885
31744071,DAVIS-LACY 31B,202H,exponential,88,264.7808646250404
31744071,DAVIS-LACY 31B,202H,exponential,89,253.28088306754364
31744071,DAVIS-LACY 31B,202H,exponential,90,242.28036953622018
31744071,DAVIS-LACY 31B,202H,exponential,91,231.75763109983174
31744071,DAVIS-LACY 31B,202H,exponential,92,221.6919169960899
31744071,DAVIS-LACY 31B,202H,exponential,93,212.0633777113065
31744071,DAVIS-LACY 31B,202H,exponential,94,202.85302583729913
31744071,DAVIS-LACY 31B,202H,exponential,95,194.04269862836392
31744071,DAVIS-LACY 31B,202H,exponential,96,185.61502218447453
31744071,DAVIS-LACY 31B,202H,exponential,97,177.55337719008028
31744071,DAVIS-LACY 31B,202H,exponential,98,169.84186614093903
31744071,DAVIS-LACY 31B,202H,exponential,99,162.46528199435585
31744071,DAVIS-LACY 31B,202H,exponential,100,155.40907818100845
31744071,DAVIS-LACY 31B,202H,exponential,101,148.65933991921952
31744071,DAVIS-LACY 31B,202H,exponential,102,142.20275677511046
31744071,DAVIS-LACY 31B,202H,exponential,103,136.026596414524
31744071,DAVIS-LACY 31B,202H,exponential,104,130.11867949495604
31744071,DAVIS-LACY 31B,202H,exponential,105,124.4673556479822
31744071,DAVIS-LACY 31B,202H,exponential,106,119.06148050481735
31744071,DAVIS-LACY 31B,202H,exponential,107,113.89039371970317
31744071,DAVIS-LACY 31B,202H,exponential,108,108.94389794778482
31744071,DAVIS-LACY 31B,202H,exponential,109,104.21223873602294
31744071,DAVIS-LACY 31B,202H,exponential,110,99.68608528748406
31744071,DAVIS-LACY 31B,202H,exponential,111,95.35651206107835
31744071,DAVIS-LACY 31B,202H,exponential,112,91.2149811704586
31744071,DAVIS-LACY 31B,202H,exponential,113,87.25332554737132
31744071,DAVIS-LACY 31B,202H,exponential,114,83.4637328362591
31744071,DAVIS-LACY 31B,202H,exponential,115,79.83872998835294
31744071,DAVIS-LACY 31B,202H,exponential,116,76.37116852487547
31744071,DAVIS-LACY 31B,202H,exponential,117,73.05421044029384
31744071,DAVIS-LACY 31B,202H,exponential,118,69.88131471782317
31744071,DAVIS-LACY 31B,202H,exponential,119,66.84622443059021
31744071,DAVIS-LACY 31B,202H,exponential,120,63.942954403019705
31743549,WELCH-COX E39V,322H,exponential,34,910.2902766156791
31743549,WELCH-COX E39V,322H,exponential,35,815.3587723280141
31743549,WELCH-COX E39V,322H,exponential,36,730.3273963157204
31743549,WELCH-COX E39V,322H,exponential,37,654.1636932247598
31743549,WELCH-COX E39V,322H,exponential,38,585.9428794431576
31743549,WELCH-COX E39V,322H,exponential,39,524.8366143306833
31743549,WELCH-COX E39V,322H,exponential,40,470.1029424640637
31743549,WELCH-COX E39V,322H,exponential,41,421.0772847759579
31743549,WELCH-COX E39V,322H,exponential,42,377.1643692016394
31743549,WELCH-COX E39V,322H,exponential,43,337.83100285487706
31743549,WELCH-COX E39V,322H,exponential,44,302.5995979724058
31743549,WELCH-COX E39V,322H,exponential,45,271.04237301866567
31743549,WELCH-COX E39V,322H,exponential,46,242.77615854033195
31743549,WELCH-COX E39V,322H,exponential,47,217.45774470304468
31743549,WELCH-COX E39V,322H,exponential,48,194.77971401989504
31743549,WELCH-COX E39V,322H,exponential,49,174.46670867244077
31743549,WELCH-COX E39V,322H,exponential,50,156.27208710186974
31743549,WELCH-COX E39V,322H,exponential,51,139.97492927446947
31743549,WELCH-COX E39V,322H,exponential,52,125.37735425918112
31743549,WELCH-COX E39V,322H,exponential,53,112.30211754712667
31743549,WELCH-COX E39V,322H,exponential,54,100.59045893963832
31743549,WELCH-COX E39V,322H,exponential,55,90.10017487373685
31743549,WELCH-COX E39V,322H,exponential,56,80.70389177913367
31743549,WELCH-COX E39V,322H,exponential,57,72.28751950176978
31743549,WELCH-COX E39V,322H,exponential,58,64.74886601527953
31743549,WELCH-COX E39V,322H,exponential,59,57.99639660013483
31743549,WELCH-COX E39V,322H,exponential,60,51.94812242435861
31743549,WELCH-COX E39V,322H,exponential,61,46.53060503089728
31743549,WELCH-COX E39V,322H,exponential,62,41.67806464408698
31743549,WELCH-COX E39V,322H,exponential,63,37.331581468223966
31743549,WELCH-COX E39V,322H,exponential,64,33.43838028036565
31743549,WELCH-COX E39V,322H,exponential,65,29.9511896308512
31743549,WELCH-COX E39V,322H,exponential,66,26.827667870921136
31743549,WELCH-COX E39V,322H,exponential,67,24.029889038233833
31743549,WELCH-COX E39V,322H,exponential,68,21.523882357874303
31743549,WELCH-COX E39V,322H,exponential,69,19.279219767452712
31743549,WELCH-COX E39V,322H,exponential,70,17.26864645800113
31743549,WELCH-COX E39V,322H,exponential,71,15.467749944677134
31743549,WELCH-COX E39V,322H,exponential,72,13.85466364911342
31743549,WELCH-COX E39V,322H,exponential,73,12.409801394295274
31743549,WELCH-COX E39V,322H,exponential,74,11.115619588188824
31743549,WELCH-COX E39V,322H,exponential,75,9.956404208541619
31743549,WELCH-COX E39V,322H,exponential,76,8.918080002413742
31743549,WELCH-COX E39V,322H,exponential,77,7.988039583730552
31743549,WELCH-COX E39V,322H,exponential,78,7.154990353750567
31743549,WELCH-COX E39V,322H,exponential,79,6.408817385749013
31743549,WELCH-COX E39V,322H,exponential,80,5.740460609055725
31743549,WELCH-COX E39V,322H,exponential,81,5.141804801209692
31743549,WELCH-COX E39V,322H,exponential,82,4.6055810525093
31743549,WELCH-COX E39V,322H,exponential,83,4.12527850653575
31743549,WELCH-COX E39V,322H,exponential,84,3.6950653049985522
31743549,WELCH-COX E39V,322H,exponential,85,3.309717777011311
31743549,WELCH-COX E39V,322H,exponential,86,2.964557013010352
31743549,WELCH-COX E39V,322H,exponential,87,2.6553920531934305
31743549,WELCH-COX E39V,322H,exponential,88,2.3784690006696163
31743549,WELCH-COX E39V,322H,exponential,89,2.130425441449577
31743549,WELCH-COX E39V,322H,exponential,90,1.9082496178414898
31743549,WELCH-COX E39V,322H,exponential,91,1.7092438595337611
31743549,WELCH-COX E39V,322H,exponential,92,1.5309918283429444
31743549,WELCH-COX E39V,322H,exponential,93,1.371329178910866
31743549,WELCH-COX E39V,322H,exponential,94,1.2283172791116328
31743549,WELCH-COX E39V,322H,exponential,95,1.1002196710803542
31743549,WELCH-COX E39V,322H,exponential,96,0.9854809870521659
31743549,WELCH-COX E39V,322H,exponential,97,0.8827080640065941
31743549,WELCH-COX E39V,322H,exponential,98,0.7906530278102912
31743549,WELCH-COX E39V,322H,exponential,99,0.7081981414649353
31743549,WELCH-COX E39V,322H,exponential,100,0.6343422334869361
31743549,WELCH-COX E39V,322H,exponential,101,0.5681885416316328
31743549,WELCH-COX E39V,322H,exponential,102,0.5089338243598602
31743549,WELCH-COX E39V,322H,exponential,103,0.455858607837742
31743549,WELCH-COX E39V,322H,exponential,104,0.40831845004828504
31743549,WELCH-COX E39V,322H,exponential,105,0.36573611594316485
31743549,WELCH-COX E39V,322H,exponential,106,0.32759456862498865
31743549,WELCH-COX E39V,322H,exponential,107,0.2934306914586186
31743549,WELCH-COX E39V,322H,exponential,108,0.26282966488509507
31743549,WELCH-COX E39V,322H,exponential,109,0.23541992966115266
31743549,WELCH-COX E39V,322H,exponential,110,0.2108686753677212
31743549,WELCH-COX E39V,322H,exponential,111,0.18887779940864874
31743549,WELCH-COX E39V,322H,exponential,112,0.1691802874336009
31743549,WELCH-COX E39V,322H,exponential,113,0.15153697123604468
31743549,WELCH-COX E39V,322H,exponential,114,0.13573362476054673
31743549,WELCH-COX E39V,322H,exponential,115,0.1215783629589573
31743549,WELCH-COX E39V,322H,exponential,116,0.10889931191225648
31743549,WELCH-COX E39V,322H,exponential,117,0.09754252192856334
31743549,WELCH-COX E39V,322H,exponential,118,0.08737009827803524
31743549,WELCH-COX E39V,322H,exponential,119,0.07825852686794445
31743549,WELCH-COX E39V,322H,exponential,120,0.07009717452819281
31744055,DAVIS-LACY 31K,211H,hyperbolic,34,1027.0185035221652
31744055,DAVIS-LACY 31K,211H,hyperbolic,35,938.6116051086996
31744055,DAVIS-LACY 31K,211H,hyperbolic,36,858.7680546760429
31744055,DAVIS-LACY 31K,211H,hyperbolic,37,786.5682199086884
31744055,DAVIS-LACY 31K,211H,hyperbolic,38,721.2006874190727
31744055,DAVIS-LACY 31K,211H,hyperbolic,39,661.9484404657865
31744055,DAVIS-LACY 31K,211H,hyperbolic,40,608.1769378762002
31744055,DAVIS-LACY 31K,211H,hyperbolic,41,559.3238144160366
31744055,DAVIS-LACY 31K,211H,hyperbolic,42,514.889966640526
31744055,DAVIS-LACY 31K,211H,hyperbolic,43,474.43182479670776
31744055,DAVIS-LACY 31K,211H,hyperbolic,44,437.55464189203616
31744055,DAVIS-LACY 31K,211H,hyperbolic,45,403.9066566359582
31744055,DAVIS-LACY 31K,211H,hyperbolic,46,373.17400844570534
31744055,DAVIS-LACY 31K,211H,hyperbolic,47,345.076300780369
31744055,DAVIS-LACY 31K,211H,hyperbolic,48,319.36272429966425
31744055,DAVIS-LACY 31K,211H,hyperbolic,49,295.80866420669315
31744055,DAVIS-LACY 31K,211H,hyperbolic,50,274.2127270161706
31744055,DAVIS-LACY 31K,211H,hyperbolic,51,254.39413121287242
31744055,DAVIS-LACY 31K,211H,hyperbolic,52,236.19041409626726
31744055,DAVIS-LACY 31K,211H,hyperbolic,53,219.45541376813054
31744055,DAVIS-LACY 31K,211H,hyperbolic,54,204.05749089500853
31744055,DAVIS-LACY 31K,211H,hyperbolic,55,189.87795972067363
31744055,DAVIS-LACY 31K,211H,hyperbolic,56,176.80970194387666
31744055,DAVIS-LACY 31K,211H,hyperbolic,57,164.75594062150262
31744055,DAVIS-LACY 31K,211H,hyperbolic,58,153.62915429707203
31744055,DAVIS-LACY 31K,211H,hyperbolic,59,143.35011416534167
31744055,DAVIS-LACY 31K,211H,hyperbolic,60,133.84702932948048
31744055,DAVIS-LACY 31K,211H,hyperbolic,61,125.05478714184532
31744055,DAVIS-LACY 31K,211H,hyperbolic,62,116.9142772882902
31744055,DAVIS-LACY 31K,211H,hyperbolic,63,109.37178971773973
31744055,DAVIS-LACY 31K,211H,hyperbolic,64,102.37847776608638
31744055,DAVIS-LACY 31K,211H,hyperbolic,65,95.88987890403584
31744055,DAVIS-LACY 31K,211H,hyperbolic,66,89.8654864758867
31744055,DAVIS-LACY 31K,211H,hyperbolic,67,84.26836661043588
31744055,DAVIS-LACY 31K,211H,hyperbolic,68,79.06481519334777
31744055,DAVIS-LACY 31K,211H,hyperbolic,69,74.22405040700858
31744055,DAVIS-LACY 31K,211H,hyperbolic,70,69.7179368815966
31744055,DAVIS-LACY 31K,211H,hyperbolic,71,65.52073797051801
31744055,DAVIS-LACY 31K,211H,hyperbolic,72,61.608893073655835
31744055,DAVIS-LACY 31K,211H,hyperbolic,73,57.96081729092321
31744055,DAVIS-LACY 31K,211H,hyperbolic,74,54.55672100317351
31744055,DAVIS-LACY 31K,211H,hyperbolic,75,51.378447253422685
31744055,DAVIS-LACY 31K,211H,hyperbolic,76,48.40932504360583
31744055,DAVIS-LACY 31K,211H,hyperbolic,77,45.63403687505578
31744055,DAVIS-LACY 31K,211H,hyperbolic,78,43.03849904830492
31744055,DAVIS-LACY 31K,211H,hyperbolic,79,40.609753402912936
31744055,DAVIS-LACY 31K,211H,hyperbolic,80,38.33586932362223
31744055,DAVIS-LACY 31K,211H,hyperbolic,81,36.205854967674604
31744055,DAVIS-LACY 31K,211H,hyperbolic,82,34.20957678170452
31744055,DAVIS-LACY 31K,211H,hyperbolic,83,32.33768647709469
31744055,DAVIS-LACY 31K,211H,hyperbolic,84,30.581554721639627
31744055,DAVIS-LACY 31K,211H,hyperbolic,85,28.933210884205263
31744055,DAVIS-LACY 31K,211H,hyperbolic,86,27.385288239019253
31744055,DAVIS-LACY 31K,211H,hyperbolic,87,25.93097409833447
31744055,DAVIS-LACY 31K,211H,hyperbolic,88,24.563964397409112
31744055,DAVIS-LACY 31K,211H,hyperbolic,89,23.278422304853382
31744055,DAVIS-LACY 31K,211H,hyperbolic,90,22.068940475116015
31744055,DAVIS-LACY 31K,211H,hyperbolic,91,20.930506598849494
31744055,DAVIS-LACY 31K,211H,hyperbolic,92,19.858471941646762
31744055,DAVIS-LACY 31K,211H,hyperbolic,93,18.848522592667944
31744055,DAVIS-LACY 31K,211H,hyperbolic,94,17.896653172396363
31744055,DAVIS-LACY 31K,211H,hyperbolic,95,16.999142773548982
31744055,DAVIS-LACY 31K,211H,hyperbolic,96,16.152532931350525
31744055,DAVIS-LACY 31K,211H,hyperbolic,97,15.353607439247238
31744055,DAVIS-LACY 31K,211H,hyperbolic,98,14.599373843945852
31744055,DAVIS-LACY 31K,211H,hyperbolic,99,13.88704646963869
31744055,DAVIS-LACY 31K,211H,hyperbolic,100,13.21403083561757
31744055,DAVIS-LACY 31K,211H,hyperbolic,101,12.577909344365432
31744055,DAVIS-LACY 31K,211H,hyperbolic,102,11.97642812879909
31744055,DAVIS-LACY 31K,211H,hyperbolic,103,11.40748495776179
31744055,DAVIS-LACY 31K,211H,hyperbolic,104,10.869118108249591
31744055,DAVIS-LACY 31K,211H,hyperbolic,105,10.359496121314326
31744055,DAVIS-LACY 31K,211H,hyperbolic,106,9.876908366211598
31744055,DAVIS-LACY 31K,211H,hyperbolic,107,9.419756344244844
31744055,DAVIS-LACY 31K,211H,hyperbolic,108,8.986545669969779
31744055,DAVIS-LACY 31K,211H,hyperbolic,109,8.57587867303922
31744055,DAVIS-LACY 31K,211H,hyperbolic,110,8.186447569044558
31744055,DAVIS-LACY 31K,211H,hyperbolic,111,7.817028152304378
31744055,DAVIS-LACY 31K,211H,hyperbolic,112,7.46647396770915
31744055,DAVIS-LACY 31K,211H,hyperbolic,113,7.133710922499343
31744055,DAVIS-LACY 31K,211H,hyperbolic,114,6.817732302269592
31744055,DAVIS-LACY 31K,211H,hyperbolic,115,6.517594158590558
31744055,DAVIS-LACY 31K,211H,hyperbolic,116,6.232411038452126
31744055,DAVIS-LACY 31K,211H,hyperbolic,117,5.961352028286406
31744055,DAVIS-LACY 31K,211H,hyperbolic,118,5.703637087650004
31744055,DAVIS-LACY 31K,211H,hyperbolic,119,5.458533649756322
31744055,DAVIS-LACY 31K,211H,hyperbolic,120,5.225353467968979
31744070,DAVIS-LACY 31C,203H,hyperbolic,34,546.1817826705494
31744070,DAVIS-LACY 31C,203H,hyperbolic,35,493.84649693408977
31744070,DAVIS-LACY 31C,203H,hyperbolic,36,446.7514362182848
31744070,DAVIS-LACY 31C,203H,hyperbolic,37,404.3495500394579
31744070,DAVIS-LACY 31C,203H,hyperbolic,38,366.15320875291513
31744070,DAVIS-LACY 31C,203H,hyperbolic,39,331.72750050676837
31744070,DAVIS-LACY 31C,203H,hyperbolic,40,300.6843121358459
31744070,DAVIS-LACY 31C,203H,hyperbolic,41,272.6770990915752
31744070,DAVIS-LACY 31C,203H,hyperbolic,42,247.39626137903718
31744070,DAVIS-LACY 31C,203H,hyperbolic,43,224.56505281390608
31744070,DAVIS-LACY 31C,203H,hyperbolic,44,203.93595992385434
31744070,DAVIS-LACY 31C,203H,hyperbolic,45,185.2874946775779
31744070,DAVIS-LACY 31C,203H,hyperbolic,46,168.4213520819376
31744070,DAVIS-LACY 31C,203H,hyperbolic,47,153.1598896754077
31744070,DAVIS-LACY 31C,203H,hyperbolic,48,139.34389117774782
31744070,DAVIS-LACY 31C,203H,hyperbolic,49,126.83058112998064
31744070,DAVIS-LACY 31C,203H,hyperbolic,50,115.49186136059916
31744070,DAVIS-LACY 31C,203H,hyperbolic,51,105.2127436172188
31744070,DAVIS-LACY 31C,203H,hyperbolic,52,95.88995577177951
31744070,DAVIS-LACY 31C,203H,hyperbolic,53,87.4307016972935
31744070,DAVIS-LACY 31C,203H,hyperbolic,54,79.75155727342054
31744070,DAVIS-LACY 31C,203H,hyperbolic,55,72.77748704864051
31744070,DAVIS-LACY 31C,203H,hyperbolic,56,66.44096790498406
31744070,DAVIS-LACY 31C,203H,hyperbolic,57,60.681207668861795
31744070,DAVIS-LACY 31C,203H,hyperbolic,58,55.44344801610591
31744070,DAVIS-LACY 31C,203H,hyperbolic,59,50.67834225496102
31744070,DAVIS-LACY 31C,203H,hyperbolic,60,46.34139965836409
31744070,DAVIS-LACY 31C,203H,hyperbolic,61,42.392488974770075
31744070,DAVIS-LACY 31C,203H,hyperbolic,62,38.79539459089788
31744070,DAVIS-LACY 31C,203H,hyperbolic,63,35.51741956409014
31744070,DAVIS-LACY 31C,203H,hyperbolic,64,32.52903039862802
31744070,DAVIS-LACY 31C,203H,hyperbolic,65,29.80353901999082
31744070,DAVIS-LACY 31C,203H,hyperbolic,66,27.316817913003238
31744070,DAVIS-LACY 31C,203H,hyperbolic,67,25.047044842226406
31744070,DAVIS-LACY 31C,203H,hyperbolic,68,22.974473972967793
31744070,DAVIS-LACY 31C,203H,hyperbolic,69,21.081230565157348
31744070,DAVIS-LACY 31C,203H,hyperbolic,70,19.351126725573216
31744070,DAVIS-LACY 31C,203H,hyperbolic,71,17.76949598128824
31744070,DAVIS-LACY 31C,203H,hyperbolic,72,16.323044683003516
31744070,DAVIS-LACY 31C,203H,hyperbolic,73,14.999718464832684
31744070,DAVIS-LACY 31C,203H,hyperbolic,74,13.78858218037483
31744070,DAVIS-LACY 31C,203H,hyperbolic,75,12.679711906432113
31744070,DAVIS-LACY 31C,203H,hyperbolic,76,11.664097758017144
31744070,DAVIS-LACY 31C,203H,hyperbolic,77,10.733556393580077
31744070,DAVIS-LACY 31C,203H,hyperbolic,78,9.880652209620434
31744070,DAVIS-LACY 31C,203H,hyperbolic,79,9.098626330769328
31744070,DAVIS-LACY 31C,203H,hyperbolic,80,8.38133259654388
31744070,DAVIS-LACY 31C,203H,hyperbolic,81,7.7231798306424295
31744070,DAVIS-LACY 31C,203H,hyperbolic,82,7.119079754043494
31744070,DAVIS-LACY 31C,203H,hyperbolic,83,6.564399970344363
31744070,DAVIS-LACY 31C,203H,hyperbolic,84,6.054921511650975
31744070,DAVIS-LACY 31C,203H,hyperbolic,85,5.586800486726532
31744070,DAVIS-LACY 31C,203H,hyperbolic,86,5.156533420747079
31744070,DAVIS-LACY 31C,203H,hyperbolic,87,4.76092591853533
31744070,DAVIS-LACY 31C,203H,hyperbolic,88,4.397064321120837
31744070,DAVIS-LACY 31C,203H,hyperbolic,89,4.062290059401302
31744070,DAVIS-LACY 31C,203H,hyperbolic,90,3.7541764390070815
31744070,DAVIS-LACY 31C,203H,hyperbolic,91,3.4705076175893566
31744070,DAVIS-LACY 31C,203H,hyperbolic,92,3.2092595600138116
31744070,DAVIS-LACY 31C,203H,hyperbolic,93,2.9685827786566685
31744070,DAVIS-LACY 31C,203H,hyperbolic,94,2.746786685442945
31744070,DAVIS-LACY 31C,203H,hyperbolic,95,2.5423253996856725
31744070,DAVIS-LACY 31C,203H,hyperbolic,96,2.3537848713934877
31744070,DAVIS-LACY 31C,203H,hyperbolic,97,2.179871193710471
31744070,DAVIS-LACY 31C,203H,hyperbolic,98,2.0193999907045685
31744070,DAVIS-LACY 31C,203H,hyperbolic,99,1.8712867779859876
31744070,DAVIS-LACY 31C,203H,hyperbolic,100,1.7345382037490096
31744070,DAVIS-LACY 31C,203H,hyperbolic,101,1.6082440869123542
31744070,DAVIS-LACY 31C,203H,hyperbolic,102,1.4915701771928231
31744070,DAVIS-LACY 31C,203H,hyperbolic,103,1.3837515692804951
31744070,DAVIS-LACY 31C,203H,hyperbolic,104,1.2840867098786992
31744070,DAVIS-LACY 31C,203H,hyperbolic,105,1.1919319423034989
31744070,DAVIS-LACY 31C,203H,hyperbolic,106,1.106696538676174
31744070,DAVIS-LACY 31C,203H,hyperbolic,107,1.0278381745476126
31744070,DAVIS-LACY 31C,203H,hyperbolic,108,0.9548588051219499
31744070,DAVIS-LACY 31C,203H,hyperbolic,109,0.887300906146236
31744070,DAVIS-LACY 31C,203H,hyperbolic,110,0.824744046047623
31744070,DAVIS-LACY 31C,203H,hyperbolic,111,0.7668017590687096
31744070,DAVIS-LACY 31C,203H,hyperbolic,112,0.7131186920100422
31744070,DAVIS-LACY 31C,203H,hyperbolic,113,0.6633679997683687
31744070,DAVIS-LACY 31C,203H,hyperbolic,114,0.61724896718734
31744070,DAVIS-LACY 31C,203H,hyperbolic,115,0.5744848368401533
31744070,DAVIS-LACY 31C,203H,hyperbolic,116,0.5348208242627976
31744070,DAVIS-LACY 31C,203H,hyperbolic,117,0.49802230387311097
31744070,DAVIS-LACY 31C,203H,hyperbolic,118,0.4638731503624811
31744070,DAVIS-LACY 31C,203H,hyperbolic,119,0.43217422175029446
31744070,DAVIS-LACY 31C,203H,hyperbolic,120,0.4027419715607456
31743757,GLYNN-ATCHISON 44M,213H,hyperbolic,34,1785.4295975778173
31743757,GLYNN-ATCHISON 44M,213H,hyperbolic,35,1752.8178675514391
31743757,GLYNN-ATCHISON 44M,213H,hyperbolic,36,1721.6556258543067
31743757,GLYNN-ATCHISON 44M,213H,hyperbolic,37,1691.8424678758813
31743757,GLYNN-ATCHISON 44M,213H,hyperbolic,38,1663.287310077666
31743757,GLYNN-ATCHISON 44M,213H,hyperbolic,39,1635.9073158506824
31743757,GLYNN-ATCHISON 44M,213H,hyperbolic,40,1609.626968059976
31743757,GLYNN-ATCHISON 44M,213H,hyperbolic,41,1584.3772652634582
31743757,GLYNN-ATCHISON 44M,213H,hyperbolic,42,1560.0950226488567
31743757,GLYNN-ATCHISON 44M,213H,hyperbolic,43,1536.7222619988345
31743757,GLYNN-ATCHISON 44M,213H,hyperbolic,44,1514.2056776384065
31743757,GLYNN-ATCHISON 44M,213H,hyperbolic,45,1492.496167469982
31743757,GLYNN-ATCHISON 44M,213H,hyperbolic,46,1471.5484199599882
31743757,GLYNN-ATCHISON 44M,213H,hyperbolic,47,1451.3205493853973
31743757,GLYNN-ATCHISON 44M,213H,hyperbolic,48,1431.7737728398934
31743757,GLYNN-ATCHISON 44M,213H,hyperbolic,49,1412.8721234863635
31743757,GLYNN-ATCHISON 44M,213H,hyperbolic,50,1394.5821953632299
31743757,GLYNN-ATCHISON 44M,213H,hyperbolic,51,1376.8729157374523
31743757,GLYNN-ATCHISON 44M,213H,hyperbolic,52,1359.7153415713233
31743757,GLYNN-ATCHISON 44M,213H,hyperbolic,53,1343.0824771531315
31743757,GLYNN-ATCHISON 44M,213H,hyperbolic,54,1326.9491103492974
31743757,GLYNN-ATCHISON 44M,213H,hyperbolic,55,1311.2916652806027
31743757,GLYNN-ATCHISON 44M,213H,hyperbolic,56,1296.0880695181424
31743757,GLYNN-ATCHISON 44M,213H,hyperbolic,57,1281.3176341442145
31743757,GLYNN-ATCHISON 44M,213H,hyperbolic,58,1266.9609452366144
31743757,GLYNN-ATCHISON 44M,213H,hyperbolic,59,1252.999765517473
31743757,GLYNN-ATCHISON 44M,213H,hyperbolic,60,1239.4169450647262
31743757,GLYNN-ATCHISON 44M,213H,hyperbolic,61,1226.196340119482
31743757,GLYNN-ATCHISON 44M,213H,hyperbolic,62,1213.3227391392716
31743757,GLYNN-ATCHISON 44M,213H,hyperbolic,63,1200.781795348216
31743757,GLYNN-ATCHISON 44M,213H,hyperbolic,64,1188.5599651228144
31743757,GLYNN-ATCHISON 44M,213H,hyperbolic,65,1176.6444516282909
31743757,GLYNN-ATCHISON 44M,213H,hyperbolic,66,1165.0231531869101
31743757,GLYNN-ATCHISON 44M,213H,hyperbolic,67,1153.6846159177005
31743757,GLYNN-ATCHISON 44M,213H,hyperbolic,68,1142.6179902378412
31743757,GLYNN-ATCHISON 44M,213H,hyperbolic,69,1131.8129908605308
31743757,GLYNN-ATCHISON 44M,213H,hyperbolic,70,1121.259859963302
31743757,GLYNN-ATCHISON 44M,213H,hyperbolic,71,1110.949333235245
31743757,GLYNN-ATCHISON 44M,213H,hyperbolic,72,1100.872608541997
31743757,GLYNN-ATCHISON 44M,213H,hyperbolic,73,1091.0213169742372
31743757,GLYNN-ATCHISON 44M,213H,hyperbolic,74,1081.387496069218
31743757,GLYNN-ATCHISON 44M,213H,hyperbolic,75,1071.9635650159496
31743757,GLYNN-ATCHISON 44M,213H,hyperbolic,76,1062.7423016733976
31743757,GLYNN-ATCHISON 44M,213H,hyperbolic,77,1053.7168212477163
31743757,GLYNN-ATCHISON 44M,213H,hyperbolic,78,1044.8805564893898
31743757,GLYNN-ATCHISON 44M,213H,hyperbolic,79,1036.227239284404
31743757,GLYNN-ATCHISON 44M,213H,hyperbolic,80,1027.750883525416
31743757,GLYNN-ATCHISON 44M,213H,hyperbolic,81,1019.4457691594813
31743757,GLYNN-ATCHISON 44M,213H,hyperbolic,82,1011.3064273184007
31743757,GLYNN-ATCHISON 44M,213H,hyperbolic,83,1003.3276264462705
31743757,GLYNN-ATCHISON 44M,213H,hyperbolic,84,995.5043593464769
31743757,GLYNN-ATCHISON 44M,213H,hyperbolic,85,987.8318310772727
31743757,GLYNN-ATCHISON 44M,213H,hyperbolic,86,980.3054476312782
31743757,GLYNN-ATCHISON 44M,213H,hyperbolic,87,972.920805339854
31743757,GLYNN-ATCHISON 44M,213H,hyperbolic,88,965.6736809483472
31743757,GLYNN-ATCHISON 44M,213H,hyperbolic,89,958.5600223127929
31743757,GLYNN-ATCHISON 44M,213H,hyperbolic,90,951.5759396727888
31743757,GLYNN-ATCHISON 44M,213H,hyperbolic,91,944.7176974590175
31743757,GLYNN-ATCHISON 44M,213H,hyperbolic,92,937.9817065972913
31743757,GLYNN-ATCHISON 44M,213H,hyperbolic,93,931.3645172740953
31743757,GLYNN-ATCHISON 44M,213H,hyperbolic,94,924.8628121314072
31743757,GLYNN-ATCHISON 44M,213H,hyperbolic,95,918.473399861139
31743757,GLYNN-ATCHISON 44M,213H,hyperbolic,96,912.1932091718767
31743757,GLYNN-ATCHISON 44M,213H,hyperbolic,97,906.0192831027152
31743757,GLYNN-ATCHISON 44M,213H,hyperbolic,98,899.9487736609373
31743757,GLYNN-ATCHISON 44M,213H,hyperbolic,99,893.978936762049
31743757,GLYNN-ATCHISON 44M,213H,hyperbolic,100,888.1071274523163
31743757,GLYNN-ATCHISON 44M,213H,hyperbolic,101,882.3307953954246
31743757,GLYNN-ATCHISON 44M,213H,hyperbolic,102,876.6474806062521
31743757,GLYNN-ATCHISON 44M,213H,hyperbolic,103,871.0548094159868
31743757,GLYNN-ATCHISON 44M,213H,hyperbolic,104,865.5504906539735
31743757,GLYNN-ATCHISON 44M,213H,hyperbolic,105,860.1323120327185
31743757,GLYNN-ATCHISON 44M,213H,hyperbolic,106,854.7981367234577
31743757,GLYNN-ATCHISON 44M,213H,hyperbolic,107,849.5459001105756
31743757,GLYNN-ATCHISON 44M,213H,hyperbolic,108,844.3736067139855
31743757,GLYNN-ATCHISON 44M,213H,hyperbolic,109,839.2793272693419
31743757,GLYNN-ATCHISON 44M,213H,hyperbolic,110,834.2611959566418
31743757,GLYNN-ATCHISON 44M,213H,hyperbolic,111,829.3174077684275
31743757,GLYNN-ATCHISON 44M,213H,hyperbolic,112,824.446216009385
31743757,GLYNN-ATCHISON 44M,213H,hyperbolic,113,819.6459299196924
31743757,GLYNN-ATCHISON 44M,213H,hyperbolic,114,814.914912414973
31743757,GLYNN-ATCHISON 44M,213H,hyperbolic,115,810.2515779361803
31743757,GLYNN-ATCHISON 44M,213H,hyperbolic,116,805.6543904031784
31743757,GLYNN-ATCHISON 44M,213H,hyperbolic,117,801.1218612661819
31743757,GLYNN-ATCHISON 44M,213H,hyperbolic,118,796.6525476496008
31743757,GLYNN-ATCHISON 44M,213H,hyperbolic,119,792.2450505831705
31743757,GLYNN-ATCHISON 44M,213H,hyperbolic,120,787.898013315584
31743755,GLYNN-ATCHISON 44N,214H,hyperbolic,34,1795.1033242784422
31743755,GLYNN-ATCHISON 44N,214H,hyperbolic,35,1680.604513928977
31743755,GLYNN-ATCHISON 44N,214H,hyperbolic,36,1575.5282922140625
31743755,GLYNN-ATCHISON 44N,214H,hyperbolic,37,1478.9316073361763
31743755,GLYNN-ATCHISON 44N,214H,hyperbolic,38,1389.9819285651326
31743755,GLYNN-ATCHISON 44N,214H,hyperbolic,39,1307.9424734050801
31743755,GLYNN-ATCHISON 44N,214H,hyperbolic,40,1232.1596437450667
31743755,GLYNN-ATCHISON 44N,214H,hyperbolic,41,1162.0523069032338
31743755,GLYNN-ATCHISON 44N,214H,hyperbolic,42,1097.1026228552623
31743755,GLYNN-ATCHISON 44N,214H,hyperbolic,43,1036.8481716469369
31743755,GLYNN-ATCHISON 44N,214H,hyperbolic,44,980.8751776585913
31743755,GLYNN-ATCHISON 44N,214H,hyperbolic,45,928.8126620650345
31743755,GLYNN-ATCHISON 44N,214H,hyperbolic,46,880.3273831224086
31743755,GLYNN-ATCHISON 44N,214H,hyperbolic,47,835.1194470746372
31743755,GLYNN-ATCHISON 44N,214H,hyperbolic,48,792.9184915028289
31743755,GLYNN-ATCHISON 44N,214H,hyperbolic,49,753.4803586312081
31743755,GLYNN-ATCHISON 44N,214H,hyperbolic,50,716.5841890817334
31743755,GLYNN-ATCHISON 44N,214H,hyperbolic,51,682.0298773394496
31743755,GLYNN-ATCHISON 44N,214H,hyperbolic,52,649.6358391551285
31743755,GLYNN-ATCHISON 44N,214H,hyperbolic,53,619.2370485957637
31743755,GLYNN-ATCHISON 44N,214H,hyperbolic,54,590.6833087195095
31743755,GLYNN-ATCHISON 44N,214H,hyperbolic,55,563.837725112573
31743755,GLYNN-ATCHISON 44N,214H,hyperbolic,56,538.5753559545542
31743755,GLYNN-ATCHISON 44N,214H,hyperbolic,57,514.7820160170901
31743755,GLYNN-ATCHISON 44N,214H,hyperbolic,58,492.35321516417446
31743755,GLYNN-ATCHISON 44N,214H,hyperbolic,59,471.19321460612116
31743755,GLYNN-ATCHISON 44N,214H,hyperbolic,60,451.2141864411516
31743755,GLYNN-ATCHISON 44N,214H,hyperbolic,61,432.33546396356223
31743755,GLYNN-ATCHISON 44N,214H,hyperbolic,62,414.482871878947
31743755,GLYNN-ATCHISON 44N,214H,hyperbolic,63,397.5881269894058
31743755,GLYNN-ATCHISON 44N,214H,hyperbolic,64,381.5883011320767
31743755,GLYNN-ATCHISON 44N,214H,hyperbolic,65,366.4253392035761
31743755,GLYNN-ATCHISON 44N,214H,hyperbolic,66,352.04562600681885
31743755,GLYNN-ATCHISON 44N,214H,hyperbolic,67,338.39959643692356
31743755,GLYNN-ATCHISON 44N,214H,hyperbolic,68,325.4413841976733
31743755,GLYNN-ATCHISON 44N,214H,hyperbolic,69,313.1285048246508
31743755,GLYNN-ATCHISON 44N,214H,hyperbolic,70,301.4215692986701
31743755,GLYNN-ATCHISON 44N,214H,hyperbolic,71,290.284024974424
31743755,GLYNN-ATCHISON 44N,214H,hyperbolic,72,279.68192093368356
31743755,GLYNN-ATCHISON 44N,214H,hyperbolic,73,269.5836952077985
31743755,GLYNN-ATCHISON 44N,214H,hyperbolic,74,259.9599816073995
31743755,GLYNN-ATCHISON 44N,214H,hyperbolic,75,250.78343415382867
31743755,GLYNN-ATCHISON 44N,214H,hyperbolic,76,242.02856733181702
31743755,GLYNN-ATCHISON 44N,214H,hyperbolic,77,233.67161058050925
31743755,GLYNN-ATCHISON 44N,214H,hyperbolic,78,225.6903756136862
31743755,GLYNN-ATCHISON 44N,214H,hyperbolic,79,218.0641353130621
31743755,GLYNN-ATCHISON 44N,214H,hyperbolic,80,210.77351307350645
31743755,GLYNN-ATCHISON 44N,214H,hyperbolic,81,203.80038159823988
31743755,GLYNN-ATCHISON 44N,214H,hyperbolic,82,197.12777024748624
31743755,GLYNN-ATCHISON 44N,214H,hyperbolic,83,190.7397801374296
31743755,GLYNN-ATCHISON 44N,214H,hyperbolic,84,184.6215062691193
31743755,GLYNN-ATCHISON 44N,214H,hyperbolic,85,178.75896604048452
31743755,GLYNN-ATCHISON 44N,214H,hyperbolic,86,173.13903355997166
31743755,GLYNN-ATCHISON 44N,214H,hyperbolic,87,167.7493792384969
31743755,GLYNN-ATCHISON 44N,214H,hyperbolic,88,162.57841418824583
31743755,GLYNN-ATCHISON 44N,214H,hyperbolic,89,157.6152390031118
31743755,GLYNN-ATCHISON 44N,214H,hyperbolic,90,152.8495965368843
31743755,GLYNN-ATCHISON 44N,214H,hyperbolic,91,148.27182833224694
31743755,GLYNN-ATCHISON 44N,214H,hyperbolic,92,143.87283438673023
31743755,GLYNN-ATCHISON 44N,214H,hyperbolic,93,139.64403597140839
31743755,GLYNN-ATCHISON 44N,214H,hyperbolic,94,135.57734124473274
31743755,GLYNN-ATCHISON 44N,214H,hyperbolic,95,131.6651134277855
31743755,GLYNN-ATCHISON 44N,214H,hyperbolic,96,127.90014132871399
31743755,GLYNN-ATCHISON 44N,214H,hyperbolic,97,124.2756120234393
31743755,GLYNN-ATCHISON 44N,214H,hyperbolic,98,120.78508551714539
31743755,GLYNN-ATCHISON 44N,214H,hyperbolic,99,117.42247122675563
31743755,GLYNN-ATCHISON 44N,214H,hyperbolic,100,114.1820061387801
31743755,GLYNN-ATCHISON 44N,214H,hyperbolic,101,111.05823450971734
31743755,GLYNN-ATCHISON 44N,214H,hyperbolic,102,108.04598898777309
31743755,GLYNN-ATCHISON 44N,214H,hyperbolic,103,105.14037304513863
31743755,GLYNN-ATCHISON 44N,214H,hyperbolic,104,102.33674461956201
31743755,GLYNN-ATCHISON 44N,214H,hyperbolic,105,99.63070087255151
31743755,GLYNN-ATCHISON 44N,214H,hyperbolic,106,97.01806397936214
31743755,GLYNN-ATCHISON 44N,214H,hyperbolic,107,94.4948678730065
31743755,GLYNN-ATCHISON 44N,214H,hyperbolic,108,92.05734587097791
31743755,GLYNN-ATCHISON 44N,214H,hyperbolic,109,89.70191911924024
31743755,GLYNN-ATCHISON 44N,214H,hyperbolic,110,87.4251857933748
31743755,GLYNN-ATCHISON 44N,214H,hyperbolic,111,85.2239110016412
31743755,GLYNN-ATCHISON 44N,214H,hyperbolic,112,83.0950173391429
31743755,GLYNN-ATCHISON 44N,214H,hyperbolic,113,81.03557604633653
31743755,GLYNN-ATCHISON 44N,214H,hyperbolic,114,79.04279872881968
31743755,GLYNN-ATCHISON 44N,214H,hyperbolic,115,77.11402959870813
31743755,GLYNN-ATCHISON 44N,214H,hyperbolic,116,75.24673820100487
31743755,GLYNN-ATCHISON 44N,214H,hyperbolic,117,73.43851259118712
31743755,GLYNN-ATCHISON 44N,214H,hyperbolic,118,71.68705293282866
31743755,GLYNN-ATCHISON 44N,214H,hyperbolic,119,69.99016548644532
31743755,GLYNN-ATCHISON 44N,214H,hyperbolic,120,68.34575696292889
31744067,DAVIS-LACY 31F,206H,hyperbolic,34,1373.4513759696363
31744067,DAVIS-LACY 31F,206H,hyperbolic,35,1268.6530868607301
31744067,DAVIS-LACY 31F,206H,hyperbolic,36,1173.5024816273117
31744067,DAVIS-LACY 31F,206H,hyperbolic,37,1086.9645073167248
31744067,DAVIS-LACY 31F,206H,hyperbolic,38,1008.1303936983921
31744067,DAVIS-LACY 31F,206H,hyperbolic,39,936.2004476125936
31744067,DAVIS-LACY 31F,206H,hyperbolic,40,870.4694287060926
31744067,DAVIS-LACY 31F,206H,hyperbolic,41,810.3140848062887
31744067,DAVIS-LACY 31F,206H,hyperbolic,42,755.1824995461084
31744067,DAVIS-LACY 31F,206H,hyperbolic,43,704.5849651691071
31744067,DAVIS-LACY 31F,206H,hyperbolic,44,658.0861425411837
31744067,DAVIS-LACY 31F,206H,hyperbolic,45,615.2983104939982
31744067,DAVIS-LACY 31F,206H,hyperbolic,46,575.8755394817864
31744067,DAVIS-LACY 31F,206H,hyperbolic,47,539.5086515409147
31744067,DAVIS-LACY 31F,206H,hyperbolic,48,505.92085080937204
31744067,DAVIS-LACY 31F,206H,hyperbolic,49,474.86392727785983
31744067,DAVIS-LACY 31F,206H,hyperbolic,50,446.1149517157981
31744067,DAVIS-LACY 31F,206H,hyperbolic,51,419.4733924162431
31744067,DAVIS-LACY 31F,206H,hyperbolic,52,394.75859499481317
31744067,DAVIS-LACY 31F,206H,hyperbolic,53,371.8075753329033
31744067,DAVIS-LACY 31F,206H,hyperbolic,54,350.473083178203
31744067,DAVIS-LACY 31F,206H,hyperbolic,55,330.6219001529611
31744067,DAVIS-LACY 31F,206H,hyperbolic,56,312.1333411745306
31744067,DAVIS-LACY 31F,206H,hyperbolic,57,294.89793272887556
31744067,DAVIS-LACY 31F,206H,hyperbolic,58,278.8162451918412
31744067,DAVIS-LACY 31F,206H,hyperbolic,59,263.7978595769944
31744067,DAVIS-LACY 31F,206H,hyperbolic,60,249.7604517951588
31744067,DAVIS-LACY 31F,206H,hyperbolic,61,236.6289798159303
31744067,DAVIS-LACY 31F,206H,hyperbolic,62,224.33496108894812
31744067,DAVIS-LACY 31F,206H,hyperbolic,63,212.81582926535054
31744067,DAVIS-LACY 31F,206H,hyperbolic,64,202.01436070170797
31744067,DAVIS-LACY 31F,206H,hyperbolic,65,191.87816246661149
31744067,DAVIS-LACY 31F,206H,hyperbolic,66,182.3592146348276
31744067,DAVIS-LACY 31F,206H,hyperbolic,67,173.41346057140296
31744067,DAVIS-LACY 31F,206H,hyperbolic,68,165.00043970006948
31744067,DAVIS-LACY 31F,206H,hyperbolic,69,157.0829579351212
31744067,DAVIS-LACY 31F,206H,hyperbolic,70,149.62679154910185
31744067,DAVIS-LACY 31F,206H,hyperbolic,71,142.60042076326576
31744067,DAVIS-LACY 31F,206H,hyperbolic,72,135.97478979498686
31744067,DAVIS-LACY 31F,206H,hyperbolic,73,129.7230904855174
31744067,DAVIS-LACY 31F,206H,hyperbolic,74,123.82056697079612
31744067,DAVIS-LACY 31F,206H,hyperbolic,75,118.24433915421473
31744067,DAVIS-LACY 31F,206H,hyperbolic,76,112.97324299922764
31744067,DAVIS-LACY 31F,206H,hyperbolic,77,107.98768588644404
31744067,DAVIS-LACY 31F,206H,hyperbolic,78,103.26951547865498
31744067,DAVIS-LACY 31F,206H,hyperbolic,79,98.8019007118151
31744067,DAVIS-LACY 31F,206H,hyperbolic,80,94.56922368347053
31744067,DAVIS-LACY 31F,206H,hyperbolic,81,90.55698134524553
31744067,DAVIS-LACY 31F,206H,hyperbolic,82,86.75169602510145
31744067,DAVIS-LACY 31F,206H,hyperbolic,83,83.140833910212
31744067,DAVIS-LACY 31F,206H,hyperbolic,84,79.71273071420114
31744067,DAVIS-LACY 31F,206H,hyperbolic,85,76.45652383469276
31744067,DAVIS-LACY 31F,206H,hyperbolic,86,73.36209037994229
31744067,DAVIS-LACY 31F,206H,hyperbolic,87,70.41999050790783
31744067,DAVIS-LACY 31F,206H,hyperbolic,88,67.62141557846405
31744067,DAVIS-LACY 31F,206H,hyperbolic,89,64.95814067044415
31744067,DAVIS-LACY 31F,206H,hyperbolic,90,62.422481060560884
31744067,DAVIS-LACY 31F,206H,hyperbolic,91,60.00725230167642
31744067,DAVIS-LACY 31F,206H,hyperbolic,92,57.70573357393747
31744067,DAVIS-LACY 31F,206H,hyperbolic,93,55.51163401447277
31744067,DAVIS-LACY 31F,206H,hyperbolic,94,53.41906176011181
31744067,DAVIS-LACY 31F,206H,hyperbolic,95,51.42249546331273
31744067,DAVIS-LACY 31F,206H,hyperbolic,96,49.51675806452825
31744067,DAVIS-LACY 31F,206H,hyperbolic,97,47.69699262489049
31744067,DAVIS-LACY 31F,206H,hyperbolic,98,45.95864004162677
31744067,DAVIS-LACY 31F,206H,hyperbolic,99,44.29741848525941
31744067,DAVIS-LACY 31F,206H,hyperbolic,100,42.709304412601206
31744067,DAVIS-LACY 31F,206H,hyperbolic,101,41.190515023018506
31744067,DAVIS-LACY 31F,206H,hyperbolic,102,39.73749203755188
31744067,DAVIS-LACY 31F,206H,hyperbolic,103,38.34688669141028
31744067,DAVIS-LACY 31F,206H,hyperbolic,104,37.01554584020789
31744067,DAVIS-LACY 31F,206H,hyperbolic,105,35.74049908921089
31744067,DAVIS-LACY 31F,206H,hyperbolic,106,34.5189468629002
31744067,DAVIS-LACY 31F,206H,hyperbolic,107,33.34824933942798
31744067,DAVIS-LACY 31F,206H,hyperbolic,108,32.22591618112581
31744067,DAVIS-LACY 31F,206H,hyperbolic,109,31.149596998183586
31744067,DAVIS-LACY 31F,206H,hyperbolic,110,30.11707248802205
31744067,DAVIS-LACY 31F,206H,hyperbolic,111,29.126246197783857
31744067,DAVIS-LACY 31F,206H,hyperbolic,112,28.175136861819524
31744067,DAVIS-LACY 31F,206H,hyperbolic,113,27.261871270088292
31744067,DAVIS-LACY 31F,206H,hyperbolic,114,26.384677627071213
31744067,DAVIS-LACY 31F,206H,hyperbolic,115,25.541879364139895
31744067,DAVIS-LACY 31F,206H,hyperbolic,116,24.73188937137046
31744067,DAVIS-LACY 31F,206H,hyperbolic,117,23.953204617568996
31744067,DAVIS-LACY 31F,206H,hyperbolic,118,23.204401129805778
31744067,DAVIS-LACY 31F,206H,hyperbolic,119,22.484129306065828
31744067,DAVIS-LACY 31F,206H,hyperbolic,120,21.791109536731803
31744058,DAVIS-LACY 31H,208H,hyperbolic,34,606.0037705681768
31744058,DAVIS-LACY 31H,208H,hyperbolic,35,543.5081013146455
31744058,DAVIS-LACY 31H,208H,hyperbolic,36,487.7447113504719
31744058,DAVIS-LACY 31H,208H,hyperbolic,37,437.957747006493
31744058,DAVIS-LACY 31H,208H,hyperbolic,38,393.4796199300452
31744058,DAVIS-LACY 31H,208H,hyperbolic,39,353.7203064656484
31744058,DAVIS-LACY 31H,208H,hyperbolic,40,318.1579915051205
31744058,DAVIS-LACY 31H,208H,hyperbolic,41,286.3308820109207
31744058,DAVIS-LACY 31H,208H,hyperbolic,42,257.830038897766
31744058,DAVIS-LACY 31H,208H,hyperbolic,43,232.29309618384386
31744058,DAVIS-LACY 31H,208H,hyperbolic,44,209.39875375947307
31744058,DAVIS-LACY 31H,208H,hyperbolic,45,188.861945164191
31744058,DAVIS-LACY 31H,208H,hyperbolic,46,170.4295947517179
31744058,DAVIS-LACY 31H,208H,hyperbolic,47,153.87688984518877
31744058,DAVIS-LACY 31H,208H,hyperbolic,48,139.0040031898973
31744058,DAVIS-LACY 31H,208H,hyperbolic,49,125.63320940910681
31744058,DAVIS-LACY 31H,208H,hyperbolic,50,113.60634644167091
31744058,DAVIS-LACY 31H,208H,hyperbolic,51,102.78257924352742
31744058,DAVIS-LACY 31H,208H,hyperbolic,52,93.03642850197534
31744058,DAVIS-LACY 31H,208H,hyperbolic,53,84.25603185638315
31744058,DAVIS-LACY 31H,208H,hyperbolic,54,76.34160923997379
31744058,DAVIS-LACY 31H,208H,hyperbolic,55,69.20410753905962
31744058,DAVIS-LACY 31H,208H,hyperbolic,56,62.76400288136747
31744058,DAVIS-LACY 31H,208H,hyperbolic,57,56.95024157646691
31744058,DAVIS-LACY 31H,208H,hyperbolic,58,51.6993030928192
31744058,DAVIS-LACY 31H,208H,hyperbolic,59,46.95437051411597
31744058,DAVIS-LACY 31H,208H,hyperbolic,60,42.664595712570176
31744058,DAVIS-LACY 31H,208H,hyperbolic,61,38.7844480433261
31744058,DAVIS-LACY 31H,208H,hyperbolic,62,35.27313673217349
31744058,DAVIS-LACY 31H,208H,hyperbolic,63,32.09409832420813
31744058,DAVIS-LACY 31H,208H,hyperbolic,64,29.214541606412368
31744058,DAVIS-LACY 31H,208H,hyperbolic,65,26.60504333178154
31744058,DAVIS-LACY 31H,208H,hyperbolic,66,24.2391888734396
31744058,DAVIS-LACY 31H,208H,hyperbolic,67,22.093252638769087
31744058,DAVIS-LACY 31H,208H,hyperbolic,68,20.145913688616453
31744058,DAVIS-LACY 31H,208H,hyperbolic,69,18.378002546128933
31744058,DAVIS-LACY 31H,208H,hyperbolic,70,16.77227565329723
31744058,DAVIS-LACY 31H,208H,hyperbolic,71,15.313214349144374
31744058,DAVIS-LACY 31H,208H,hyperbolic,72,13.98684560895293
31744058,DAVIS-LACY 31H,208H,hyperbolic,73,12.780582105258361
31744058,DAVIS-LACY 31H,208H,hyperbolic,74,11.683079434052752
31744058,DAVIS-LACY 31H,208H,hyperbolic,75,10.68410859852515
31744058,DAVIS-LACY 31H,208H,hyperbolic,76,9.774442061885798
31744058,DAVIS-LACY 31H,208H,hyperbolic,77,8.945751874031277
31744058,DAVIS-LACY 31H,208H,hyperbolic,78,8.190518547185297
31744058,DAVIS-LACY 31H,208H,hyperbolic,79,7.501949505980838
31744058,DAVIS-LACY 31H,208H,hyperbolic,80,6.8739060701647405
31744058,DAVIS-LACY 31H,208H,hyperbolic,81,6.3008380453346735
31744058,DAVIS-LACY 31H,208H,hyperbolic,82,5.777725100725553
31744058,DAVIS-LACY 31H,208H,hyperbolic,83,5.300024204679405
31744058,DAVIS-LACY 31H,208H,hyperbolic,84,4.863622469490612
31744058,DAVIS-LACY 31H,208H,hyperbolic,85,4.464794829073986
31744058,DAVIS-LACY 31H,208H,hyperbolic,86,4.100166036454819
31744058,DAVIS-LACY 31H,208H,hyperbolic,87,3.7666765243985525
31744058,DAVIS-LACY 31H,208H,hyperbolic,88,3.461551722429183
31744058,DAVIS-LACY 31H,208H,hyperbolic,89,3.1822744677794583
31744058,DAVIS-LACY 31H,208H,hyperbolic,90,2.9265601871272797
31744058,DAVIS-LACY 31H,208H,hyperbolic,91,2.69233456088105
31744058,DAVIS-LACY 31H,208H,hyperbolic,92,2.477713412789134
31744058,DAVIS-LACY 31H,208H,hyperbolic,93,2.280984595215478
31744058,DAVIS-LACY 31H,208H,hyperbolic,94,2.100591664937924
31744058,DAVIS-LACY 31H,208H,hyperbolic,95,1.935119166137873
31744058,DAVIS-LACY 31H,208H,hyperbolic,96,1.7832793566660856
31744058,DAVIS-LACY 31H,208H,hyperbolic,97,1.6439002309618354
31744058,DAVIS-LACY 31H,208H,hyperbolic,98,1.515914708410147
31744058,DAVIS-LACY 31H,208H,hyperbolic,99,1.3983508696573868
31744058,DAVIS-LACY 31H,208H,hyperbolic,100,1.2903231356553027
31744058,DAVIS-LACY 31H,208H,hyperbolic,101,1.1910242951342327
31744058,DAVIS-LACY 31H,208H,hyperbolic,102,1.0997182959637037
31744058,DAVIS-LACY 31H,208H,hyperbolic,103,1.0157337245733487
31744058,DAVIS-LACY 31H,208H,hyperbolic,104,0.9384579053934505
31744058,DAVIS-LACY 31H,208H,hyperbolic,105,0.867331559235124
31744058,DAVIS-LACY 31H,208H,hyperbolic,106,0.8018439657548906
31744058,DAVIS-LACY 31H,208H,hyperbolic,107,0.7415285807179923
31744058,DAVIS-LACY 31H,208H,hyperbolic,108,0.6859590637599726
31744058,DAVIS-LACY 31H,208H,hyperbolic,109,0.634745676810463
31744058,DAVIS-LACY 31H,208H,hyperbolic,110,0.58753201734249
31744058,DAVIS-LACY 31H,208H,hyperbolic,111,0.5439920541953653
31744058,DAVIS-LACY 31H,208H,hyperbolic,112,0.5038274369333137
31744058,DAVIS-LACY 31H,208H,hyperbolic,113,0.46676505258526585
31744058,DAVIS-LACY 31H,208H,hyperbolic,114,0.4325548061986317
31744058,DAVIS-LACY 31H,208H,hyperbolic,115,0.4009676039628808
31744058,DAVIS-LACY 31H,208H,hyperbolic,116,0.3717935197450618
31744058,DAVIS-LACY 31H,208H,hyperbolic,117,0.3448401277541224
31744058,DAVIS-LACY 31H,208H,hyperbolic,118,0.31993098573595347
31744058,DAVIS-LACY 31H,208H,hyperbolic,119,0.29690425461645603
31744058,DAVIS-LACY 31H,208H,hyperbolic,120,0.27561144187315356
31743171,BOHANAN-BLOCKER 3B,4H,hyperbolic,34,1649.357268021615
31743171,BOHANAN-BLOCKER 3B,4H,hyperbolic,35,1517.032980958649
31743171,BOHANAN-BLOCKER 3B,4H,hyperbolic,36,1395.8107669785632
31743171,BOHANAN-BLOCKER 3B,4H,hyperbolic,37,1284.7187084793673
31743171,BOHANAN-BLOCKER 3B,4H,hyperbolic,38,1182.8734859647739
31743171,BOHANAN-BLOCKER 3B,4H,hyperbolic,39,1089.4719839420395
31743171,BOHANAN-BLOCKER 3B,4H,hyperbolic,40,1003.7837219664647
31743171,BOHANAN-BLOCKER 3B,4H,hyperbolic,41,925.1440268079405
31743171,BOHANAN-BLOCKER 3B,4H,hyperbolic,42,852.9478705653507
31743171,BOHANAN-BLOCKER 3B,4H,hyperbolic,43,786.6443074420969
31743171,BOHANAN-BLOCKER 3B,4H,hyperbolic,44,725.7314489285842
31743171,BOHANAN-BLOCKER 3B,4H,hyperbolic,45,669.7519234107999
31743171,BOHANAN-BLOCKER 3B,4H,hyperbolic,46,618.2887718226906
31743171,BOHANAN-BLOCKER 3B,4H,hyperbolic,47,570.9617359587895
31743171,BOHANAN-BLOCKER 3B,4H,hyperbolic,48,527.4239005287527
31743171,BOHANAN-BLOCKER 3B,4H,hyperbolic,49,487.3586540258906
31743171,BOHANAN-BLOCKER 3B,4H,hyperbolic,50,450.47693704953485
31743171,BOHANAN-BLOCKER 3B,4H,hyperbolic,51,416.5147499122881
31743171,BOHANAN-BLOCKER 3B,4H,hyperbolic,52,385.23089421901227
31743171,BOHANAN-BLOCKER 3B,4H,hyperbolic,53,356.4049256609783
31743171,BOHANAN-BLOCKER 3B,4H,hyperbolic,54,329.83529755852265
31743171,BOHANAN-BLOCKER 3B,4H,hyperbolic,55,305.33767673730495
31743171,BOHANAN-BLOCKER 3B,4H,hyperbolic,56,282.74341516256703
31743171,BOHANAN-BLOCKER 3B,4H,hyperbolic,57,261.8981624052848
31743171,BOHANAN-BLOCKER 3B,4H,hyperbolic,58,242.6606054939516
31743171,BOHANAN-BLOCKER 3B,4H,hyperbolic,59,224.9013240340404
31743171,BOHANAN-BLOCKER 3B,4H,hyperbolic,60,208.5017496698885
31743171,BOHANAN-BLOCKER 3B,4H,hyperbolic,61,193.35322003516413
31743171,BOHANAN-BLOCKER 3B,4H,hyperbolic,62,179.3561183009183
31743171,BOHANAN-BLOCKER 3B,4H,hyperbolic,63,166.41909029586148
31743171,BOHANAN-BLOCKER 3B,4H,hyperbolic,64,154.45833195205134
31743171,BOHANAN-BLOCKER 3B,4H,hyperbolic,65,143.3969405296852
31743171,BOHANAN-BLOCKER 3B,4H,hyperbolic,66,133.16432370522637
31743171,BOHANAN-BLOCKER 3B,4H,hyperbolic,67,123.69566117487285
31743171,BOHANAN-BLOCKER 3B,4H,hyperbolic,68,114.93141393684522
31743171,BOHANAN-BLOCKER 3B,4H,hyperbolic,69,106.81687687689116
31743171,BOHANAN-BLOCKER 3B,4H,hyperbolic,70,99.30177069693427
31743171,BOHANAN-BLOCKER 3B,4H,hyperbolic,71,92.33986960154579
31743171,BOHANAN-BLOCKER 3B,4H,hyperbolic,72,85.88866149502113
31743171,BOHANAN-BLOCKER 3B,4H,hyperbolic,73,79.90903774699808
31743171,BOHANAN-BLOCKER 3B,4H,hyperbolic,74,74.36500986007256
31743171,BOHANAN-BLOCKER 3B,4H,hyperbolic,75,69.22345062172253
31743171,BOHANAN-BLOCKER 3B,4H,hyperbolic,76,64.45385754770481
31743171,BOHANAN-BLOCKER 3B,4H,hyperbolic,77,60.0281366273312
31743171,BOHANAN-BLOCKER 3B,4H,hyperbolic,78,55.92040456480389
31743171,BOHANAN-BLOCKER 3B,4H,hyperbolic,79,52.10680787702204
31743171,BOHANAN-BLOCKER 3B,4H,hyperbolic,80,48.56535735868666
31743171,BOHANAN-BLOCKER 3B,4H,hyperbolic,81,45.27577656168607
31743171,BOHANAN-BLOCKER 3B,4H,hyperbolic,82,42.21936305903347
31743171,BOHANAN-BLOCKER 3B,4H,hyperbolic,83,39.37886137530526
31743171,BOHANAN-BLOCKER 3B,4H,hyperbolic,84,36.73834656672515
31743171,BOHANAN-BLOCKER 3B,4H,hyperbolic,85,34.28311752576771
31743171,BOHANAN-BLOCKER 3B,4H,hyperbolic,86,31.99959916833194
31743171,BOHANAN-BLOCKER 3B,4H,hyperbolic,87,29.87525273698218
31743171,BOHANAN-BLOCKER 3B,4H,hyperbolic,88,27.898493522213435
31743171,BOHANAN-BLOCKER 3B,4H,hyperbolic,89,26.058615365837355
31743171,BOHANAN-BLOCKER 3B,4H,hyperbolic,90,24.345721367007094
31743171,BOHANAN-BLOCKER 3B,4H,hyperbolic,91,22.750660262646814
31743171,BOHANAN-BLOCKER 3B,4H,hyperbolic,92,21.264968000614275
31743171,BOHANAN-BLOCKER 3B,4H,hyperbolic,93,19.88081406624551
31743171,BOHANAN-BLOCKER 3B,4H,hyperbolic,94,18.59095216140727
31743171,BOHANAN-BLOCKER 3B,4H,hyperbolic,95,17.388674870176676
31743171,BOHANAN-BLOCKER 3B,4H,hyperbolic,96,16.26777197710385
31743171,BOHANAN-BLOCKER 3B,4H,hyperbolic,97,15.222492132985648
31743171,BOHANAN-BLOCKER 3B,4H,hyperbolic,98,14.247507589454127
31743171,BOHANAN-BLOCKER 3B,4H,hyperbolic,99,13.337881747700905
31743171,BOHANAN-BLOCKER 3B,4H,hyperbolic,100,12.489039288537274
31743171,BOHANAN-BLOCKER 3B,4H,hyperbolic,101,11.69673867092512
31743171,BOHANAN-BLOCKER 3B,4H,hyperbolic,102,10.957046804284504
31743171,BOHANAN-BLOCKER 3B,4H,hyperbolic,103,10.266315716451013
31743171,BOHANAN-BLOCKER 3B,4H,hyperbolic,104,9.621161054265828
31743171,BOHANAN-BLOCKER 3B,4H,hyperbolic,105,9.018442267566408
31743171,BOHANAN-BLOCKER 3B,4H,hyperbolic,106,8.455244339925427
31743171,BOHANAN-BLOCKER 3B,4H,hyperbolic,107,7.928860940969253
31743171,BOHANAN-BLOCKER 3B,4H,hyperbolic,108,7.43677888559321
31743171,BOHANAN-BLOCKER 3B,4H,hyperbolic,109,6.976663794968255
31743171,BOHANAN-BLOCKER 3B,4H,hyperbolic,110,6.54634686298524
31743171,BOHANAN-BLOCKER 3B,4H,hyperbolic,111,6.143812639779781
31743171,BOHANAN-BLOCKER 3B,4H,hyperbolic,112,5.767187751292504
31743171,BOHANAN-BLOCKER 3B,4H,hyperbolic,113,5.414730480505154
31743171,BOHANAN-BLOCKER 3B,4H,hyperbolic,114,5.084821142108652
31743171,BOHANAN-BLOCKER 3B,4H,hyperbolic,115,4.775953187954806
31743171,BOHANAN-BLOCKER 3B,4H,hyperbolic,116,4.486724985764652
31743171,BOHANAN-BLOCKER 3B,4H,hyperbolic,117,4.215832218254772
31743171,BOHANAN-BLOCKER 3B,4H,hyperbolic,118,3.962060854136348
31743171,BOHANAN-BLOCKER 3B,4H,hyperbolic,119,3.7242806463743543
31743171,BOHANAN-BLOCKER 3B,4H,hyperbolic,120,3.501439116697615
31744066,EPLEY-MARTIN 31K,111H,hyperbolic,34,1785.2774914285997
31744066,EPLEY-MARTIN 31K,111H,hyperbolic,35,1637.2380604654052
31744066,EPLEY-MARTIN 31K,111H,hyperbolic,36,1502.0346310391662
31744066,EPLEY-MARTIN 31K,111H,hyperbolic,37,1378.5060635773827
31744066,EPLEY-MARTIN 31K,111H,hyperbolic,38,1265.600576533223
31744066,EPLEY-MARTIN 31K,111H,hyperbolic,39,1162.3650431732547
31744066,EPLEY-MARTIN 31K,111H,hyperbolic,40,1067.9353751099643
31744066,EPLEY-MARTIN 31K,111H,hyperbolic,41,981.527878290574
31744066,EPLEY-MARTIN 31K,111H,hyperbolic,42,902.4314795844423
31744066,EPLEY-MARTIN 31K,111H,hyperbolic,43,830.0007331458805
31744066,EPLEY-MARTIN 31K,111H,hyperbolic,44,763.6495255289574
31744066,EPLEY-MARTIN 31K,111H,hyperbolic,45,702.8454072384732
31744066,EPLEY-MARTIN 31K,111H,hyperbolic,46,647.1044861423233
31744066,EPLEY-MARTIN 31K,111H,hyperbolic,47,595.9868250555138
31744066,EPLEY-MARTIN 31K,111H,hyperbolic,48,549.0922919330154
31744066,EPLEY-MARTIN 31K,111H,hyperbolic,49,506.0568165632375
31744066,EPLEY-MARTIN 31K,111H,hyperbolic,50,466.549012512605
31744066,EPLEY-MARTIN 31K,111H,hyperbolic,51,430.2671274014832
31744066,EPLEY-MARTIN 31K,111H,hyperbolic,52,396.93628845195315
31744066,EPLEY-MARTIN 31K,111H,hyperbolic,53,366.3060136913923
31744066,EPLEY-MARTIN 31K,111H,hyperbolic,54,338.1479622685214
31744066,EPLEY-MARTIN 31K,111H,hyperbolic,55,312.25390008221655
31744066,EPLEY-MARTIN 31K,111H,hyperbolic,56,288.43385937384124
31744066,EPLEY-MARTIN 31K,111H,hyperbolic,57,266.514473123779
31744066,EPLEY-MARTIN 31K,111H,hyperbolic,58,246.33746705067335
31744066,EPLEY-MARTIN 31K,111H,hyperbolic,59,227.75829376299296
31744066,EPLEY-MARTIN 31K,111H,hyperbolic,60,210.64489517956542
31744066,EPLEY-MARTIN 31K,111H,hyperbolic,61,194.87658073842312
31744066,EPLEY-MARTIN 31K,111H,hyperbolic,62,180.34301016972827
31744066,EPLEY-MARTIN 31K,111H,hyperbolic,63,166.94327073417307
31744066,EPLEY-MARTIN 31K,111H,hyperbolic,64,154.5850398373181
31744066,EPLEY-MARTIN 31K,111H,hyperbolic,65,143.18382483520094
31744066,EPLEY-MARTIN 31K,111H,hyperbolic,66,132.66227265833896
31744066,EPLEY-MARTIN 31K,111H,hyperbolic,67,122.9495426098757
31744066,EPLEY-MARTIN 31K,111H,hyperbolic,68,113.98073634781247
31744066,EPLEY-MARTIN 31K,111H,hyperbolic,69,105.69637964893343
31744066,EPLEY-MARTIN 31K,111H,hyperbolic,70,98.0419510801126
31744066,EPLEY-MARTIN 31K,111H,hyperbolic,71,90.96745317743917
31744066,EPLEY-MARTIN 31K,111H,hyperbolic,72,84.42702216056728
31744066,EPLEY-MARTIN 31K,111H,hyperbolic,73,78.3785725938426
31744066,EPLEY-MARTIN 31K,111H,hyperbolic,74,72.78347375153555
31744066,EPLEY-MARTIN 31K,111H,hyperbolic,75,67.6062547558396
31744066,EPLEY-MARTIN 31K,111H,hyperbolic,76,62.814335836750395
31744066,EPLEY-MARTIN 31K,111H,hyperbolic,77,58.377783315663045
31744066,EPLEY-MARTIN 31K,111H,hyperbolic,78,54.26908614235108
31744066,EPLEY-MARTIN 31K,111H,hyperbolic,79,50.46295202045245
31744066,EPLEY-MARTIN 31K,111H,hyperbolic,80,46.93612134194418
31744066,EPLEY-MARTIN 31K,111H,hyperbolic,81,43.66719731838361
31744066,EPLEY-MARTIN 31K,111H,hyperbolic,82,40.63649084772533
31744066,EPLEY-MARTIN 31K,111H,hyperbolic,83,37.825878791941705
31744066,EPLEY-MARTIN 31K,111H,hyperbolic,84,35.21867446392693
31744066,EPLEY-MARTIN 31K,111H,hyperbolic,85,32.799509233567576
31744066,EPLEY-MARTIN 31K,111H,hyperbolic,86,30.55422426359068
31744066,EPLEY-MARTIN 31K,111H,hyperbolic,87,28.46977147690773
31744066,EPLEY-MARTIN 31K,111H,hyperbolic,88,26.53412293961415
31744066,EPLEY-MARTIN 31K,111H,hyperbolic,89,24.736187918419372
31744066,EPLEY-MARTIN 31K,111H,hyperbolic,90,23.065736938850176
31744066,EPLEY-MARTIN 31K,111H,hyperbolic,91,21.51333223176919
31744066,EPLEY-MARTIN 31K,111H,hyperbolic,92,20.070264011204255
31744066,EPLEY-MARTIN 31K,111H,hyperbolic,93,18.728492076748903
31744066,EPLEY-MARTIN 31K,111H,hyperbolic,94,17.48059227936941
31744066,EPLEY-MARTIN 31K,111H,hyperbolic,95,16.319707430795052
31744066,EPLEY-MARTIN 31K,111H,hyperbolic,96,15.239502274175557
31744066,EPLEY-MARTIN 31K,111H,hyperbolic,97,14.234122167736269
31744066,EPLEY-MARTIN 31K,111H,hyperbolic,98,13.298155164073144
31744066,EPLEY-MARTIN 31K,111H,hyperbolic,99,12.426597195804328
31744066,EPLEY-MARTIN 31K,111H,hyperbolic,100,11.614820103806224
31744066,EPLEY-MARTIN 31K,111H,hyperbolic,101,10.858542267441694
31744066,EPLEY-MARTIN 31K,111H,hyperbolic,102,10.153801617268988
31744066,EPLEY-MARTIN 31K,111H,hyperbolic,103,9.49693082988613
31744066,EPLEY-MARTIN 31K,111H,hyperbolic,104,8.88453452200497
31744066,EPLEY-MARTIN 31K,111H,hyperbolic,105,8.3134682767184
31744066,EPLEY-MARTIN 31K,111H,hyperbolic,106,7.780819349369618
31744066,EPLEY-MARTIN 31K,111H,hyperbolic,107,7.283888913588527
31744066,EPLEY-MARTIN 31K,111H,hyperbolic,108,6.820175720040496
31744066,EPLEY-MARTIN 31K,111H,hyperbolic,109,6.3873610513527845
31744066,EPLEY-MARTIN 31K,111H,hyperbolic,110,5.983294866633577
31744066,EPLEY-MARTIN 31K,111H,hyperbolic,111,5.60598303807192
31744066,EPLEY-MARTIN 31K,111H,hyperbolic,112,5.253575590381116
31744066,EPLEY-MARTIN 31K,111H,hyperbolic,113,4.924355861396245
31744066,EPLEY-MARTIN 31K,111H,hyperbolic,114,4.616730509025824
31744066,EPLEY-MARTIN 31K,111H,hyperbolic,115,4.329220296044192
31744066,EPLEY-MARTIN 31K,111H,hyperbolic,116,4.060451589954023
31744066,EPLEY-MARTIN 31K,111H,hyperbolic,117,3.8091485203915285
31744066,EPLEY-MARTIN 31K,111H,hyperbolic,118,3.574125741338422
31744066,EPLEY-MARTIN 31K,111H,hyperbolic,119,3.354281749783358
31744066,EPLEY-MARTIN 31K,111H,hyperbolic,120,3.148592716477977
31744057,DAVIS-LACY 31I,209H,hyperbolic,34,3498.5692417749347
31744057,DAVIS-LACY 31I,209H,hyperbolic,35,3390.222631573814
31744057,DAVIS-LACY 31I,209H,hyperbolic,36,3287.9210334494437
31744057,DAVIS-LACY 31I,209H,hyperbolic,37,3191.1846116723277
31744057,DAVIS-LACY 31I,209H,hyperbolic,38,3099.5823831438593
31744057,DAVIS-LACY 31I,209H,hyperbolic,39,3012.726199853858
31744057,DAVIS-LACY 31I,209H,hyperbolic,40,2930.2655951592055
31744057,DAVIS-LACY 31I,209H,hyperbolic,41,2851.8833530825086
31744057,DAVIS-LACY 31I,209H,hyperbolic,42,2777.2916853966067
31744057,DAVIS-LACY 31I,209H,hyperbolic,43,2706.22892173066
31744057,DAVIS-LACY 31I,209H,hyperbolic,44,2638.4566344093887
31744057,DAVIS-LACY 31I,209H,hyperbolic,45,2573.757133065027
31744057,DAVIS-LACY 31I,209H,hyperbolic,46,2511.931274895066
31744057,DAVIS-LACY 31I,209H,hyperbolic,47,2452.796545285256
31744057,DAVIS-LACY 31I,209H,hyperbolic,48,2396.1853707728706
31744057,DAVIS-LACY 31I,209H,hyperbolic,49,2341.943632301179
31744057,DAVIS-LACY 31I,209H,hyperbolic,50,2289.9293516577654
31744057,DAVIS-LACY 31I,209H,hyperbolic,51,2240.0115280918203
31744057,DAVIS-LACY 31I,209H,hyperbolic,52,2192.0691055238303
31744057,DAVIS-LACY 31I,209H,hyperbolic,53,2145.9900536195123
31744057,DAVIS-LACY 31I,209H,hyperbolic,54,2101.6705483983687
31744057,DAVIS-LACY 31I,209H,hyperbolic,55,2059.0142400663985
31744057,DAVIS-LACY 31I,209H,hyperbolic,56,2017.931597467808
31744057,DAVIS-LACY 31I,209H,hyperbolic,57,1978.3393199951356
31744057,DAVIS-LACY 31I,209H,hyperbolic,58,1940.1598090246075
31744057,DAVIS-LACY 31I,209H,hyperbolic,59,1903.3206919893132
31744057,DAVIS-LACY 31I,209H,hyperbolic,60,1867.754393096319
31744057,DAVIS-LACY 31I,209H,hyperbolic,61,1833.3977454593182
31744057,DAVIS-LACY 31I,209H,hyperbolic,62,1800.1916400758373
31744057,DAVIS-LACY 31I,209H,hyperbolic,63,1768.0807076441058
31744057,DAVIS-LACY 31I,209H,hyperbolic,64,1737.0130297032536
31744057,DAVIS-LACY 31I,209H,hyperbolic,65,1706.9398760031654
31744057,DAVIS-LACY 31I,209H,hyperbolic,66,1677.8154653767986
31744057,DAVIS-LACY 31I,209H,hyperbolic,67,1649.5967477062118
31744057,DAVIS-LACY 31I,209H,hyperbolic,68,1622.2432048508579
31744057,DAVIS-LACY 31I,209H,hyperbolic,69,1595.716668648673
31744057,DAVIS-LACY 31I,209H,hyperbolic,70,1569.9811543120486
31744057,DAVIS-LACY 31I,209H,hyperbolic,71,1545.0027077261282
31744057,DAVIS-LACY 31I,209H,hyperbolic,72,1520.7492653195243
31744057,DAVIS-LACY 31I,209H,hyperbolic,73,1497.1905253206003
31744057,DAVIS-LACY 31I,209H,hyperbolic,74,1474.2978293384467
31744057,DAVIS-LACY 31I,209H,hyperbolic,75,1452.0440533188605
31744057,DAVIS-LACY 31I,209H,hyperbolic,76,1430.4035070239001
31744057,DAVIS-LACY 31I,209H,hyperbolic,77,1409.351841270591
31744057,DAVIS-LACY 31I,209H,hyperbolic,78,1388.8659622414928
31744057,DAVIS-LACY 31I,209H,hyperbolic,79,1368.9239522483583
31744057,DAVIS-LACY 31I,209H,hyperbolic,80,1349.5049963910562
31744057,DAVIS-LACY 31I,209H,hyperbolic,81,1330.589314608207
31744057,DAVIS-LACY 31I,209H,hyperbolic,82,1312.1580986644192
31744057,DAVIS-LACY 31I,209H,hyperbolic,83,1294.193453662263
31744057,DAVIS-LACY 31I,209H,hyperbolic,84,1276.6783437058211
31744057,DAVIS-LACY 31I,209H,hyperbolic,85,1259.5965413773233
31744057,DAVIS-LACY 31I,209H,hyperbolic,86,1242.932580719456
31744057,DAVIS-LACY 31I,209H,hyperbolic,87,1226.6717134438638
31744057,DAVIS-LACY 31I,209H,hyperbolic,88,1210.7998681114702
31744057,DAVIS-LACY 31I,209H,hyperbolic,89,1195.3036120528352
31744057,DAVIS-LACY 31I,209H,hyperbolic,90,1180.170115817154
31744057,DAVIS-LACY 31I,209H,hyperbolic,91,1165.3871199568835
31744057,DAVIS-LACY 31I,209H,hyperbolic,92,1150.942903971579
31744057,DAVIS-LACY 31I,209H,hyperbolic,93,1136.826257249569
31744057,DAVIS-LACY 31I,209H,hyperbolic,94,1123.026451859673
31744057,DAVIS-LACY 31I,209H,hyperbolic,95,1109.5332170575143
31744057,DAVIS-LACY 31I,209H,hyperbolic,96,1096.3367153821528
31744057,DAVIS-LACY 31I,209H,hyperbolic,97,1083.4275202289252
31744057,DAVIS-LACY 31I,209H,hyperbolic,98,1070.7965947936239
31744057,DAVIS-LACY 31I,209H,hyperbolic,99,1058.4352722915353
31744057,DAVIS-LACY 31I,209H,hyperbolic,100,1046.3352373625337
31744057,DAVIS-LACY 31I,209H,hyperbolic,101,1034.488508580392
31744057,DAVIS-LACY 31I,209H,hyperbolic,102,1022.8874219908541
31744057,DAVIS-LACY 31I,209H,hyperbolic,103,1011.5246156088268
31744057,DAVIS-LACY 31I,209H,hyperbolic,104,1000.3930148103672
31744057,DAVIS-LACY 31I,209H,hyperbolic,105,989.4858185600243
31744057,DAVIS-LACY 31I,209H,hyperbolic,106,978.7964864185324
31744057,DAVIS-LACY 31I,209H,hyperbolic,107,968.3187262799589
31744057,DAVIS-LACY 31I,209H,hyperbolic,108,958.0464827911467
31744057,DAVIS-LACY 31I,209H,hyperbolic,109,947.9739264097399
31744057,DAVIS-LACY 31I,209H,hyperbolic,110,938.0954430602411
31744057,DAVIS-LACY 31I,209H,hyperbolic,111,928.4056243504554
31744057,DAVIS-LACY 31I,209H,hyperbolic,112,918.899258313359
31744057,DAVIS-LACY 31I,209H,hyperbolic,113,909.5713206418836
31744057,DAVIS-LACY 31I,209H,hyperbolic,114,900.4169663863921
31744057,DAVIS-LACY 31I,209H,hyperbolic,115,891.4315220867022
31744057,DAVIS-LACY 31I,209H,hyperbolic,116,882.6104783124596
31744057,DAVIS-LACY 31I,209H,hyperbolic,117,873.9494825874385
31744057,DAVIS-LACY 31I,209H,hyperbolic,118,865.4443326750028
31744057,DAVIS-LACY 31I,209H,hyperbolic,119,857.090970203485
31744057,DAVIS-LACY 31I,209H,hyperbolic,120,848.8854746116497
31744053,EPLEY-MARTIN 31D,104H,hyperbolic,34,2040.848555002494
31744053,EPLEY-MARTIN 31D,104H,hyperbolic,35,1924.2326269506577
31744053,EPLEY-MARTIN 31D,104H,hyperbolic,36,1814.59339263462
31744053,EPLEY-MARTIN 31D,104H,hyperbolic,37,1711.4948346798883
31744053,EPLEY-MARTIN 31D,104H,hyperbolic,38,1614.5293427272259
31744053,EPLEY-MARTIN 31D,104H,hyperbolic,39,1523.3157876961297
31744053,EPLEY-MARTIN 31D,104H,hyperbolic,40,1437.4977316503932
31744053,EPLEY-MARTIN 31D,104H,hyperbolic,41,1356.7417633633977
31744053,EPLEY-MARTIN 31D,104H,hyperbolic,42,1280.7359504294006
31744053,EPLEY-MARTIN 31D,104H,hyperbolic,43,1209.1883994575737
31744053,EPLEY-MARTIN 31D,104H,hyperbolic,44,1141.8259165218592
31744053,EPLEY-MARTIN 31D,104H,hyperbolic,45,1078.392760626704
31744053,EPLEY-MARTIN 31D,104H,hyperbolic,46,1018.6494834901594
31744053,EPLEY-MARTIN 31D,104H,hyperbolic,47,962.3718494453598
31744053,EPLEY-MARTIN 31D,104H,hyperbolic,48,909.3498297225078
31744053,EPLEY-MARTIN 31D,104H,hyperbolic,49,859.3866657989198
31744053,EPLEY-MARTIN 31D,104H,hyperbolic,50,812.2979968977536
31744053,EPLEY-MARTIN 31D,104H,hyperbolic,51,767.9110470788258
31744053,EPLEY-MARTIN 31D,104H,hyperbolic,52,726.0638677001288
31744053,EPLEY-MARTIN 31D,104H,hyperbolic,53,686.6046313383919
31744053,EPLEY-MARTIN 31D,104H,hyperbolic,54,649.3909735431316
31744053,EPLEY-MARTIN 31D,104H,hyperbolic,55,614.2893790632662
31744053,EPLEY-MARTIN 31D,104H,hyperbolic,56,581.1746094298848
31744053,EPLEY-MARTIN 31D,104H,hyperbolic,57,549.9291690049516
31744053,EPLEY-MARTIN 31D,104H,hyperbolic,58,520.4428068148974
31744053,EPLEY-MARTIN 31D,104H,hyperbolic,59,492.61205168162553
31744053,EPLEY-MARTIN 31D,104H,hyperbolic,60,466.3397783424718
31744053,EPLEY-MARTIN 31D,104H,hyperbolic,61,441.5348024164753
31744053,EPLEY-MARTIN 31D,104H,hyperbolic,62,418.1115022277161
31744053,EPLEY-MARTIN 31D,104H,hyperbolic,63,395.98946563856305
31744053,EPLEY-MARTIN 31D,104H,hyperbolic,64,375.09316017724615
31744053,EPLEY-MARTIN 31D,104H,hyperbolic,65,355.3516248660787
31744053,EPLEY-MARTIN 31D,104H,hyperbolic,66,336.69818226953726
31744053,EPLEY-MARTIN 31D,104H,hyperbolic,67,319.07016938610565
31744053,EPLEY-MARTIN 31D,104H,hyperbolic,68,302.4086861047649
31744053,EPLEY-MARTIN 31D,104H,hyperbolic,69,286.65836003694824
31744053,EPLEY-MARTIN 31D,104H,hyperbolic,70,271.76712661816356
31744053,EPLEY-MARTIN 31D,104H,hyperbolic,71,257.6860234508488
31744053,EPLEY-MARTIN 31D,104H,hyperbolic,72,244.36899793173478
31744053,EPLEY-MARTIN 31D,104H,hyperbolic,73,231.7727272735962
31744053,EPLEY-MARTIN 31D,104H,hyperbolic,74,219.8564500930278
31744053,EPLEY-MARTIN 31D,104H,hyperbolic,75,208.58180879323362
31744053,EPLEY-MARTIN 31D,104H,hyperbolic,76,197.9127020240474
31744053,EPLEY-MARTIN 31D,104H,hyperbolic,77,187.81514655085456
31744053,EPLEY-MARTIN 31D,104H,hyperbolic,78,178.25714790997023
31744053,EPLEY-MARTIN 31D,104H,hyperbolic,79,169.2085792707071
31744053,EPLEY-MARTIN 31D,104H,hyperbolic,80,160.6410679639777
31744053,EPLEY-MARTIN 31D,104H,hyperbolic,81,152.52788917410174
31744053,EPLEY-MARTIN 31D,104H,hyperbolic,82,144.84386632473505
31744053,EPLEY-MARTIN 31D,104H,hyperbolic,83,137.56527772162016
31744053,EPLEY-MARTIN 31D,104H,hyperbolic,84,130.6697690444987
31744053,EPLEY-MARTIN 31D,104H,hyperbolic,85,124.13627130799169
31744053,EPLEY-MARTIN 31D,104H,hyperbolic,86,117.94492393688412
31744053,EPLEY-MARTIN 31D,104H,hyperbolic,87,112.0770026250486
31744053,EPLEY-MARTIN 31D,104H,hyperbolic,88,106.51485166940186
31744053,EPLEY-MARTIN 31D,104H,hyperbolic,89,101.24182049092015
31744053,EPLEY-MARTIN 31D,104H,hyperbolic,90,96.24220407392207
31744053,EPLEY-MARTIN 31D,104H,hyperbolic,91,91.50118707271534
31744053,EPLEY-MARTIN 31D,104H,hyperbolic,92,87.00479135133986
31744053,EPLEY-MARTIN 31D,104H,hyperbolic,93,82.7398267376415
31744053,EPLEY-MARTIN 31D,104H,hyperbolic,94,78.6938447873602
31744053,EPLEY-MARTIN 31D,104H,hyperbolic,95,74.855095367352
31744053,EPLEY-MARTIN 31D,104H,hyperbolic,96,71.21248587962867
31744053,EPLEY-MARTIN 31D,104H,hyperbolic,97,67.75554295955907
31744053,EPLEY-MARTIN 31D,104H,hyperbolic,98,64.47437649248774
31744053,EPLEY-MARTIN 31D,104H,hyperbolic,99,61.3596458031751
31744053,EPLEY-MARTIN 31D,104H,hyperbolic,100,58.40252788193658
31744053,EPLEY-MARTIN 31D,104H,hyperbolic,101,55.59468752019626
31744053,EPLEY-MARTIN 31D,104H,hyperbolic,102,52.928249236404426
31744053,EPLEY-MARTIN 31D,104H,hyperbolic,103,50.395770880964896
31744053,EPLEY-MARTIN 31D,104H,hyperbolic,104,47.990218815989344
31744053,EPLEY-MARTIN 31D,104H,hyperbolic,105,45.70494457239286
31744053,EPLEY-MARTIN 31D,104H,hyperbolic,106,43.53366289310002
31744053,EPLEY-MARTIN 31D,104H,hyperbolic,107,41.470431076962115
31744053,EPLEY-MARTIN 31D,104H,hyperbolic,108,39.509629543441946
31744053,EPLEY-MARTIN 31D,104H,hyperbolic,109,37.645943543210265
31744053,EPLEY-MARTIN 31D,104H,hyperbolic,110,35.87434594455416
31744053,EPLEY-MARTIN 31D,104H,hyperbolic,111,34.19008102994017
31744053,EPLEY-MARTIN 31D,104H,hyperbolic,112,32.58864924122589
31744053,EPLEY-MARTIN 31D,104H,hyperbolic,113,31.065792815895854
31744053,EPLEY-MARTIN 31D,104H,hyperbolic,114,29.617482260319967
31744053,EPLEY-MARTIN 31D,104H,hyperbolic,115,28.23990360942771
31744053,EPLEY-MARTIN 31D,104H,hyperbolic,116,26.929446425358723
31744053,EPLEY-MARTIN 31D,104H,hyperbolic,117,25.68269249061578
31744053,EPLEY-MARTIN 31D,104H,hyperbolic,118,24.49640515402058
31744053,EPLEY-MARTIN 31D,104H,hyperbolic,119,23.36751929036427
31744053,EPLEY-MARTIN 31D,104H,hyperbolic,120,22.293131837074466
31744064,EPLEY-MARTIN 31I,109H,hyperbolic,34,2102.114046406812
31744064,EPLEY-MARTIN 31I,109H,hyperbolic,35,1946.227025419237
31744064,EPLEY-MARTIN 31I,109H,hyperbolic,36,1802.7466116061598
31744064,EPLEY-MARTIN 31I,109H,hyperbolic,37,1670.6188215604884
31744064,EPLEY-MARTIN 31I,109H,hyperbolic,38,1548.8848013070622
31744064,EPLEY-MARTIN 31I,109H,hyperbolic,39,1436.6717415157923
31744064,EPLEY-MARTIN 31I,109H,hyperbolic,40,1333.1847073800864
31744064,EPLEY-MARTIN 31I,109H,hyperbolic,41,1237.6992863858886
31744064,EPLEY-MARTIN 31I,109H,hyperbolic,42,1149.5549679258006
31744064,EPLEY-MARTIN 31I,109H,hyperbolic,43,1068.1491781987381
31744064,EPLEY-MARTIN 31I,109H,hyperbolic,44,992.9319022283826
31744064,EPLEY-MARTIN 31I,109H,hyperbolic,45,923.4008322650028
31744064,EPLEY-MARTIN 31I,109H,hyperbolic,46,859.0969884196045
31744064,EPLEY-MARTIN 31I,109H,hyperbolic,47,799.6007632176481
31744064,EPLEY-MARTIN 31I,109H,hyperbolic,48,744.5283469398805
31744064,EPLEY-MARTIN 31I,109H,hyperbolic,49,693.5284952174648
31744064,EPLEY-MARTIN 31I,109H,hyperbolic,50,646.2796044354815
31744064,EPLEY-MARTIN 31I,109H,hyperbolic,51,602.4870641325983
31744064,EPLEY-MARTIN 31I,109H,hyperbolic,52,561.8808588176908
31744064,EPLEY-MARTIN 31I,109H,hyperbolic,53,524.2133945025305
31744064,EPLEY-MARTIN 31I,109H,hyperbolic,54,489.25752781392015
31744064,EPLEY-MARTIN 31I,109H,hyperbolic,55,456.804777834591
31744064,EPLEY-MARTIN 31I,109H,hyperbolic,56,426.6637028613038
31744064,EPLEY-MARTIN 31I,109H,hyperbolic,57,398.65842608870275
31744064,EPLEY-MARTIN 31I,109H,hyperbolic,58,372.6272958530996
31744064,EPLEY-MARTIN 31I,109H,hyperbolic,59,348.42166752320077
31744064,EPLEY-MARTIN 31I,109H,hyperbolic,60,325.9047954239778
31744064,EPLEY-MARTIN 31I,109H,hyperbolic,61,304.95082434239004
31744064,EPLEY-MARTIN 31I,109H,hyperbolic,62,285.4438712044838
31744064,EPLEY-MARTIN 31I,109H,hyperbolic,63,267.27718844581926
31744064,EPLEY-MARTIN 31I,109H,hyperbolic,64,250.3524014329761
31744064,EPLEY-MARTIN 31I,109H,hyperbolic,65,234.5788130435247
31744064,EPLEY-MARTIN 31I,109H,hyperbolic,66,219.87276918457658
31744064,EPLEY-MARTIN 31I,109H,hyperbolic,67,206.15707963408556
31744064,EPLEY-MARTIN 31I,109H,hyperbolic,68,193.36048913177262
31744064,EPLEY-MARTIN 31I,109H,hyperbolic,69,181.41719413439424
31744064,EPLEY-MARTIN 31I,109H,hyperbolic,70,170.26640108885243
31744064,EPLEY-MARTIN 31I,109H,hyperbolic,71,159.8519224715049
31744064,EPLEY-MARTIN 31I,109H,hyperbolic,72,150.12180719756302
31744064,EPLEY-MARTIN 31I,109H,hyperbolic,73,141.02800232475184
31744064,EPLEY-MARTIN 31I,109H,hyperbolic,74,132.52604326409536
31744064,EPLEY-MARTIN 31I,109H,hyperbolic,75,124.57476997103545
31744064,EPLEY-MARTIN 31I,109H,hyperbolic,76,117.13606682499893
31744064,EPLEY-MARTIN 31I,109H,hyperbolic,77,110.17462411758656
31744064,EPLEY-MARTIN 31I,109H,hyperbolic,78,103.65771926109215
31744064,EPLEY-MARTIN 31I,109H,hyperbolic,79,97.55501600213998
31744064,EPLEY-MARTIN 31I,109H,hyperbolic,80,91.83838008171227
31744064,EPLEY-MARTIN 31I,109H,hyperbolic,81,86.48170992438628
31744064,EPLEY-MARTIN 31I,109H,hyperbolic,82,81.46078106769723
31744064,EPLEY-MARTIN 31I,109H,hyperbolic,83,76.753103158533
31744064,EPLEY-MARTIN 31I,109H,hyperbolic,84,72.33778844852498
31744064,EPLEY-MARTIN 31I,109H,hyperbolic,85,68.19543081562695
31744064,EPLEY-MARTIN 31I,109H,hyperbolic,86,64.30799442540648
31744064,EPLEY-MARTIN 31I,109H,hyperbolic,87,60.65871122389607
31744064,EPLEY-MARTIN 31I,109H,hyperbolic,88,57.23198652492912
31744064,EPLEY-MARTIN 31I,109H,hyperbolic,89,54.01331201942471
31744064,EPLEY-MARTIN 31I,109H,hyperbolic,90,50.98918559270939
31744064,EPLEY-MARTIN 31I,109H,hyperbolic,91,48.147037389241454
31744064,EPLEY-MARTIN 31I,109H,hyperbolic,92,45.47516161254183
31744064,EPLEY-MARTIN 31I,109H,hyperbolic,93,42.96265359219529
31744064,EPLEY-MARTIN 31I,109H,hyperbolic,94,40.5993516898781
31744064,EPLEY-MARTIN 31I,109H,hyperbolic,95,38.375783652868414
31744064,EPLEY-MARTIN 31I,109H,hyperbolic,96,36.283117056737694
31744064,EPLEY-MARTIN 31I,109H,hyperbolic,97,34.31311350921024
31744064,EPLEY-MARTIN 31I,109H,hyperbolic,98,32.458086314787174
31744064,EPLEY-MARTIN 31I,109H,hyperbolic,99,30.710861324907693
31744064,EPLEY-MARTIN 31I,109H,hyperbolic,100,29.064740721389303
31744064,EPLEY-MARTIN 31I,109H,hyperbolic,101,27.513469501850615
31744064,EPLEY-MARTIN 31I,109H,hyperbolic,102,26.051204454959777
31744064,EPLEY-MARTIN 31I,109H,hyperbolic,103,24.672485430832744
31744064,EPLEY-MARTIN 31I,109H,hyperbolic,104,23.372208727879663
31744064,EPLEY-MARTIN 31I,109H,hyperbolic,105,22.145602431999215
31744064,EPLEY-MARTIN 31I,109H,hyperbolic,106,20.988203557374035
31744064,EPLEY-MARTIN 31I,109H,hyperbolic,107,19.895836850335737
31744064,EPLEY-MARTIN 31I,109H,hyperbolic,108,18.864595128947677
31744064,EPLEY-MARTIN 31I,109H,hyperbolic,109,17.890821041188616
31744064,EPLEY-MARTIN 31I,109H,hyperbolic,110,16.971090133994515
31744064,EPLEY-MARTIN 31I,109H,hyperbolic,111,16.10219513400422
31744064,EPLEY-MARTIN 31I,109H,hyperbolic,112,15.281131348726761
31744064,EPLEY-MARTIN 31I,109H,hyperbolic,113,14.50508310406561
31744064,EPLEY-MARTIN 31I,109H,hyperbolic,114,13.77141114075552
31744064,EPLEY-MARTIN 31I,109H,hyperbolic,115,13.077640898341913
31744064,EPLEY-MARTIN 31I,109H,hyperbolic,116,12.421451620908512
31744064,EPLEY-MARTIN 31I,109H,hyperbolic,117,11.800666223878439
31744064,EPLEY-MARTIN 31I,109H,hyperbolic,118,11.213241865916586
31744064,EPLEY-MARTIN 31I,109H,hyperbolic,119,10.657261174282002
31744064,EPLEY-MARTIN 31I,109H,hyperbolic,120,10.130924075950801
31744059,DAVIS-LACY 31G,207H,hyperbolic,34,1856.7759376799495
31744059,DAVIS-LACY 31G,207H,hyperbolic,35,1779.8100293652346
31744059,DAVIS-LACY 31G,207H,hyperbolic,36,1707.8602664748587
31744059,DAVIS-LACY 31G,207H,hyperbolic,37,1640.4864894000655
31744059,DAVIS-LACY 31G,207H,hyperbolic,38,1577.2966293145018
31744059,DAVIS-LACY 31G,207H,hyperbolic,39,1517.9404672179578
31744059,DAVIS-LACY 31G,207H,hyperbolic,40,1462.1043251689819
31744059,DAVIS-LACY 31G,207H,hyperbolic,41,1409.5065330106124
31744059,DAVIS-LACY 31G,207H,hyperbolic,42,1359.893543041171
31744059,DAVIS-LACY 31G,207H,hyperbolic,43,1313.036588307587
31744059,DAVIS-LACY 31G,207H,hyperbolic,44,1268.728798802784
31744059,DAVIS-LACY 31G,207H,hyperbolic,45,1226.782704825712
31744059,DAVIS-LACY 31G,207H,hyperbolic,46,1187.0280688776913
31744059,DAVIS-LACY 31G,207H,hyperbolic,47,1149.3099973137655
31744059,DAVIS-LACY 31G,207H,hyperbolic,48,1113.4872910032495
31744059,DAVIS-LACY 31G,207H,hyperbolic,49,1079.4310008398757
31744059,DAVIS-LACY 31G,207H,hyperbolic,50,1047.0231593620956
31744059,DAVIS-LACY 31G,207H,hyperbolic,51,1016.1556642219235
31744059,DAVIS-LACY 31G,207H,hyperbolic,52,986.729292953886
31744059,DAVIS-LACY 31G,207H,hyperbolic,53,958.6528315857336
31744059,DAVIS-LACY 31G,207H,hyperbolic,54,931.8423022130376
31744059,DAVIS-LACY 31G,207H,hyperbolic,55,906.2202768218556
31744059,DAVIS-LACY 31G,207H,hyperbolic,56,881.7152664609101
31744059,DAVIS-LACY 31G,207H,hyperbolic,57,858.2611763969347
31744059,DAVIS-LACY 31G,207H,hyperbolic,58,835.7968191825365
31744059,DAVIS-LACY 31G,207H,hyperbolic,59,814.2654786647735
31744059,DAVIS-LACY 31G,207H,hyperbolic,60,793.614518897149
31744059,DAVIS-LACY 31G,207H,hyperbolic,61,773.7950327145955
31744059,DAVIS-LACY 31G,207H,hyperbolic,62,754.7615254122978
31744059,DAVIS-LACY 31G,207H,hyperbolic,63,736.4716295531207
31744059,DAVIS-LACY 31G,207H,hyperbolic,64,718.8858474300978
31744059,DAVIS-LACY 31G,207H,hyperbolic,65,701.9673181424922
31744059,DAVIS-LACY 31G,207H,hyperbolic,66,685.68160661689
31744059,DAVIS-LACY 31G,207H,hyperbolic,67,669.9965122274167
31744059,DAVIS-LACY 31G,207H,hyperbolic,68,654.881894948876
31744059,DAVIS-LACY 31G,207H,hyperbolic,69,640.3095172196132
31744059,DAVIS-LACY 31G,207H,hyperbolic,70,626.2528999024488
31744059,DAVIS-LACY 31G,207H,hyperbolic,71,612.6871909165449
31744059,DAVIS-LACY 31G,207H,hyperbolic,72,599.5890452743178
31744059,DAVIS-LACY 31G,207H,hyperbolic,73,586.9365153987055
31744059,DAVIS-LACY 31G,207H,hyperbolic,74,574.7089507199272
31744059,DAVIS-LACY 31G,207H,hyperbolic,75,562.8869056596938
31744059,DAVIS-LACY 31G,207H,hyperbolic,76,551.4520552066122
31744059,DAVIS-LACY 31G,207H,hyperbolic,77,540.38711737096
31744059,DAVIS-LACY 31G,207H,hyperbolic,78,529.6757818815912
31744059,DAVIS-LACY 31G,207H,hyperbolic,79,519.3026445536892
31744059,DAVIS-LACY 31G,207H,hyperbolic,80,509.2531468145167
31744059,DAVIS-LACY 31G,207H,hyperbolic,81,499.51351992615247
31744059,DAVIS-LACY 31G,207H,hyperbolic,82,490.0707334902722
31744059,DAVIS-LACY 31G,207H,hyperbolic,83,480.912447861008
31744059,DAVIS-LACY 31G,207H,hyperbolic,84,472.02697012844624
31744059,DAVIS-LACY 31G,207H,hyperbolic,85,463.4032133679086
31744059,DAVIS-LACY 31G,207H,hyperbolic,86,455.0306588792669
31744059,DAVIS-LACY 31G,207H,hyperbolic,87,446.899321166595
31744059,DAVIS-LACY 31G,207H,hyperbolic,88,438.99971543178384
31744059,DAVIS-LACY 31G,207H,hyperbolic,89,431.3228273766732
31744059,DAVIS-LACY 31G,207H,hyperbolic,90,423.86008512703694
31744059,DAVIS-LACY 31G,207H,hyperbolic,91,416.60333310865656
31744059,DAVIS-LACY 31G,207H,hyperbolic,92,409.5448077209128
31744059,DAVIS-LACY 31G,207H,hyperbolic,93,402.6771146670327
31744059,DAVIS-LACY 31G,207H,hyperbolic,94,395.9932078124807
31744059,DAVIS-LACY 31G,207H,hyperbolic,95,389.486369454151
31744059,DAVIS-LACY 31G,207H,hyperbolic,96,383.1501918930999
31744059,DAVIS-LACY 31G,207H,hyperbolic,97,376.97856021269536
31744059,DAVIS-LACY 31G,207H,hyperbolic,98,370.96563617233176
31744059,DAVIS-LACY 31G,207H,hyperbolic,99,365.10584313435527
31744059,DAVIS-LACY 31G,207H,hyperbolic,100,359.393851948662
31744059,DAVIS-LACY 31G,207H,hyperbolic,101,353.82456772561403
31744059,DAVIS-LACY 31G,207H,hyperbolic,102,348.39311743354483
31744059,DAVIS-LACY 31G,207H,hyperbolic,103,343.09483826225136
31744059,DAVIS-LACY 31G,207H,hyperbolic,104,337.9252666985355
31744059,DAVIS-LACY 31G,207H,hyperbolic,105,332.8801282641129
31744059,DAVIS-LACY 31G,207H,hyperbolic,106,327.9553278700939
31744059,DAVIS-LACY 31G,207H,hyperbolic,107,323.1469407457902
31744059,DAVIS-LACY 31G,207H,hyperbolic,108,318.45120390284285
31744059,DAVIS-LACY 31G,207H,hyperbolic,109,313.8645080986413
31744059,DAVIS-LACY 31G,207H,hyperbolic,110,309.3833902657176
31744059,DAVIS-LACY 31G,207H,hyperbolic,111,305.0045263762947
31744059,DAVIS-LACY 31G,207H,hyperbolic,112,300.72472471345316
31744059,DAVIS-LACY 31G,207H,hyperbolic,113,296.54091952247956
31744059,DAVIS-LACY 31G,207H,hyperbolic,114,292.45016501788484
31744059,DAVIS-LACY 31G,207H,hyperbolic,115,288.4496297233576
31744059,DAVIS-LACY 31G,207H,hyperbolic,116,284.53659112354325
31744059,DAVIS-LACY 31G,207H,hyperbolic,117,280.7084306080437
31744059,DAVIS-LACY 31G,207H,hyperbolic,118,276.96262868941346
31744059,DAVIS-LACY 31G,207H,hyperbolic,119,273.296760478204
31744059,DAVIS-LACY 31G,207H,hyperbolic,120,269.708491399285
31744061,EPLEY-MARTIN 31C,103H,hyperbolic,34,2880.3954962848034
31744061,EPLEY-MARTIN 31C,103H,hyperbolic,35,2715.807098418519
31744061,EPLEY-MARTIN 31C,103H,hyperbolic,36,2561.065407289143
31744061,EPLEY-MARTIN 31C,103H,hyperbolic,37,2415.5550403986886
31744061,EPLEY-MARTIN 31C,103H,hyperbolic,38,2278.700708101039
31744061,EPLEY-MARTIN 31C,103H,hyperbolic,39,2149.9644956722955
31744061,EPLEY-MARTIN 31C,103H,hyperbolic,40,2028.8433367660411
31744061,EPLEY-MARTIN 31C,103H,hyperbolic,41,1914.8666642776232
31744061,EPLEY-MARTIN 31C,103H,hyperbolic,42,1807.594225698131
31744061,EPLEY-MARTIN 31C,103H,hyperbolic,43,1706.61405101329
31744061,EPLEY-MARTIN 31C,103H,hyperbolic,44,1611.5405621005582
31744061,EPLEY-MARTIN 31C,103H,hyperbolic,45,1522.0128134061858
31744061,EPLEY-MARTIN 31C,103H,hyperbolic,46,1437.6928544481393
31744061,EPLEY-MARTIN 31C,103H,hyperbolic,47,1358.2642053958302
31744061,EPLEY-MARTIN 31C,103H,hyperbolic,48,1283.4304376283635
31744061,EPLEY-MARTIN 31C,103H,hyperbolic,49,1212.913851773483
31744061,EPLEY-MARTIN 31C,103H,hyperbolic,50,1146.4542462841382
31744061,EPLEY-MARTIN 31C,103H,hyperbolic,51,1083.807770121627
31744061,EPLEY-MARTIN 31C,103H,hyperbolic,52,1024.7458535873675
31744061,EPLEY-MARTIN 31C,103H,hyperbolic,53,969.054211782498
31744061,EPLEY-MARTIN 31C,103H,hyperbolic,54,916.5319155782994
31744061,EPLEY-MARTIN 31C,103H,hyperbolic,55,866.9905253539297
31744061,EPLEY-MARTIN 31C,103H,hyperbolic,56,820.2532831030542
31744061,EPLEY-MARTIN 31C,103H,hyperbolic,57,776.1543588302031
31744061,EPLEY-MARTIN 31C,103H,hyperbolic,58,734.5381474528964
31744061,EPLEY-MARTIN 31C,103H,hyperbolic,59,695.2586126987934
31744061,EPLEY-MARTIN 31C,103H,hyperbolic,60,658.1786747397666
31744061,EPLEY-MARTIN 31C,103H,hyperbolic,61,623.169638538839
31744061,EPLEY-MARTIN 31C,103H,hyperbolic,62,590.1106601024177
31744061,EPLEY-MARTIN 31C,103H,hyperbolic,63,558.8882480308046
31744061,EPLEY-MARTIN 31C,103H,hyperbolic,64,529.395797945651
31744061,EPLEY-MARTIN 31C,103H,hyperbolic,65,501.53315754509237
31744061,EPLEY-MARTIN 31C,103H,hyperbolic,66,475.2062201966131
31744061,EPLEY-MARTIN 31C,103H,hyperbolic,67,450.32654512546367
31744061,EPLEY-MARTIN 31C,103H,hyperbolic,68,426.81100239331835
31744061,EPLEY-MARTIN 31C,103H,hyperbolic,69,404.5814409887971
31744061,EPLEY-MARTIN 31C,103H,hyperbolic,70,383.5643784691626
31744061,EPLEY-MARTIN 31C,103H,hyperbolic,71,363.69071070168553
31744061,EPLEY-MARTIN 31C,103H,hyperbolic,72,344.8954403543869
31744061,EPLEY-MARTIN 31C,103H,hyperbolic,73,327.1174228798651
31744061,EPLEY-MARTIN 31C,103H,hyperbolic,74,310.29912882308315
31744061,EPLEY-MARTIN 31C,103H,hyperbolic,75,294.38642136492774
31744061,EPLEY-MARTIN 31C,103H,hyperbolic,76,279.328348088487
31744061,EPLEY-MARTIN 31C,103H,hyperbolic,77,265.07694602478267
31744061,EPLEY-MARTIN 31C,103H,hyperbolic,78,251.5870590994562
31744061,EPLEY-MARTIN 31C,103H,hyperbolic,79,238.8161671621436
31744061,EPLEY-MARTIN 31C,103H,hyperbolic,80,226.72422583617768
31744061,EPLEY-MARTIN 31C,103H,hyperbolic,81,215.2735164782344
31744061,EPLEY-MARTIN 31C,103H,hyperbolic,82,204.4285055858714
31744061,EPLEY-MARTIN 31C,103H,hyperbolic,83,194.15571303576647
31744061,EPLEY-MARTIN 31C,103H,hyperbolic,84,184.42358857729621
31744061,EPLEY-MARTIN 31C,103H,hyperbolic,85,175.20239604486025
31744061,EPLEY-MARTIN 31C,103H,hyperbolic,86,166.46410478852977
31744061,EPLEY-MARTIN 31C,103H,hyperbolic,87,158.1822878561881
31744061,EPLEY-MARTIN 31C,103H,hyperbolic,88,150.33202649160515
31744061,EPLEY-MARTIN 31C,103H,hyperbolic,89,142.88982054200713
31744061,EPLEY-MARTIN 31C,103H,hyperbolic,90,135.83350439577782
31744061,EPLEY-MARTIN 31C,103H,hyperbolic,91,129.14216809617236
31744061,EPLEY-MARTIN 31C,103H,hyperbolic,92,122.79608330040546
31744061,EPLEY-MARTIN 31C,103H,hyperbolic,93,116.77663377535441
31744061,EPLEY-MARTIN 31C,103H,hyperbolic,94,111.06625014151071
31744061,EPLEY-MARTIN 31C,103H,hyperbolic,95,105.64834859577647
31744061,EPLEY-MARTIN 31C,103H,hyperbolic,96,100.50727336143612
31744061,EPLEY-MARTIN 31C,103H,hyperbolic,97,95.6282426300892
31744061,EPLEY-MARTIN 31C,103H,hyperbolic,98,90.9972977757311
31744061,EPLEY-MARTIN 31C,103H,hyperbolic,99,86.60125563549242
31744061,EPLEY-MARTIN 31C,103H,hyperbolic,100,82.42766366491716
31744061,EPLEY-MARTIN 31C,103H,hyperbolic,101,78.46475778813415
31744061,EPLEY-MARTIN 31C,103H,hyperbolic,102,74.70142277489697
31744061,EPLEY-MARTIN 31C,103H,hyperbolic,103,71.12715498733063
31744061,EPLEY-MARTIN 31C,103H,hyperbolic,104,67.73202734934392
31744061,EPLEY-MARTIN 31C,103H,hyperbolic,105,64.50665640111943
31744061,EPLEY-MARTIN 31C,103H,hyperbolic,106,61.44217130992011
31744061,EPLEY-MARTIN 31C,103H,hyperbolic,107,58.53018471668274
31744061,EPLEY-MARTIN 31C,103H,hyperbolic,108,55.76276530556777
31744061,EPLEY-MARTIN 31C,103H,hyperbolic,109,53.132411990816394
31744061,EPLEY-MARTIN 31C,103H,hyperbolic,110,50.632029621977765
31744061,EPLEY-MARTIN 31C,103H,hyperbolic,111,48.254906114839955
31744061,EPLEY-MARTIN 31C,103H,hyperbolic,112,45.994690921256286
31744061,EPLEY-MARTIN 31C,103H,hyperbolic,113,43.84537475653791
31744061,EPLEY-MARTIN 31C,103H,hyperbolic,114,41.801270508196254
31744061,EPLEY-MARTIN 31C,103H,hyperbolic,115,39.856995254610226
31744061,EPLEY-MARTIN 31C,103H,hyperbolic,116,38.007453326663615
31744061,EPLEY-MARTIN 31C,103H,hyperbolic,117,36.24782034958337
31744061,EPLEY-MARTIN 31C,103H,hyperbolic,118,34.57352820612527
31744061,EPLEY-MARTIN 31C,103H,hyperbolic,119,32.980250865910655
31744061,EPLEY-MARTIN 31C,103H,hyperbolic,120,31.463891029148012
31744782,FORTUNE-ASHLEY 31M,213H,hyperbolic,34,2227.037142394029
31744782,FORTUNE-ASHLEY 31M,213H,hyperbolic,35,2112.9615102569282
31744782,FORTUNE-ASHLEY 31M,213H,hyperbolic,36,2005.1685446876907
31744782,FORTUNE-ASHLEY 31M,213H,hyperbolic,37,1903.2882291285223
31744782,FORTUNE-ASHLEY 31M,213H,hyperbolic,38,1806.9737412112015
31744782,FORTUNE-ASHLEY 31M,213H,hyperbolic,39,1715.8999116644436
31744782,FORTUNE-ASHLEY 31M,213H,hyperbolic,40,1629.7617913624458
31744782,FORTUNE-ASHLEY 31M,213H,hyperbolic,41,1548.2733185261575
31744782,FORTUNE-ASHLEY 31M,213H,hyperbolic,42,1471.1660787082246
31744782,FORTUNE-ASHLEY 31M,213H,hyperbolic,43,1398.1881507616997
31744782,FORTUNE-ASHLEY 31M,213H,hyperbolic,44,1329.1030325157635
31744782,FORTUNE-ASHLEY 31M,213H,hyperbolic,45,1263.6886403626763
31744782,FORTUNE-ASHLEY 31M,213H,hyperbolic,46,1201.7363774025546
31744782,FORTUNE-ASHLEY 31M,213H,hyperbolic,47,1143.0502651996067
31744782,FORTUNE-ASHLEY 31M,213H,hyperbolic,48,1087.4461345781212
31744782,FORTUNE-ASHLEY 31M,213H,hyperbolic,49,1034.7508712314252
31744782,FORTUNE-ASHLEY 31M,213H,hyperbolic,50,984.8017122346828
31744782,FORTUNE-ASHLEY 31M,213H,hyperbolic,51,937.4455898450855
31744782,FORTUNE-ASHLEY 31M,213H,hyperbolic,52,892.5385192427407
31744782,FORTUNE-ASHLEY 31M,213H,hyperbolic,53,849.9450271142209
31744782,FORTUNE-ASHLEY 31M,213H,hyperbolic,54,809.537618210046
31744782,FORTUNE-ASHLEY 31M,213H,hyperbolic,55,771.1962772189138
31744782,FORTUNE-ASHLEY 31M,213H,hyperbolic,56,734.8080034967206
31744782,FORTUNE-ASHLEY 31M,213H,hyperbolic,57,700.2663763686136
31744782,FORTUNE-ASHLEY 31M,213H,hyperbolic,58,667.4711488886409
31744782,FORTUNE-ASHLEY 31M,213H,hyperbolic,59,636.3278680953339
31744782,FORTUNE-ASHLEY 31M,213H,hyperbolic,60,606.7475199434418
31744782,FORTUNE-ASHLEY 31M,213H,hyperbolic,61,578.6461972233577
31744782,FORTUNE-ASHLEY 31M,213H,hyperbolic,62,551.9447889009983
31744782,FORTUNE-ASHLEY 31M,213H,hyperbolic,63,526.5686894231754
31744782,FORTUNE-ASHLEY 31M,213H,hyperbolic,64,502.44752663718236
31744782,FORTUNE-ASHLEY 31M,213H,hyperbolic,65,479.51490706943076
31744782,FORTUNE-ASHLEY 31M,213H,hyperbolic,66,457.7081773967691
31744782,FORTUNE-ASHLEY 31M,213H,hyperbolic,67,436.9682010264743
31744782,FORTUNE-ASHLEY 31M,213H,hyperbolic,68,417.2391487770466
31744782,FORTUNE-ASHLEY 31M,213H,hyperbolic,69,398.4683027225981
31744782,FORTUNE-ASHLEY 31M,213H,hyperbolic,70,380.60587232897916
31744782,FORTUNE-ASHLEY 31M,213H,hyperbolic,71,363.6048220704814
31744782,FORTUNE-ASHLEY 31M,213H,hyperbolic,72,347.4207097721162
31744782,FORTUNE-ASHLEY 31M,213H,hyperbolic,73,332.0115349746592
31744782,FORTUNE-ASHLEY 31M,213H,hyperbolic,74,317.3375966679649
31744782,FORTUNE-ASHLEY 31M,213H,hyperbolic,75,303.361359782984
31744782,FORTUNE-ASHLEY 31M,213H,hyperbolic,76,290.0473298745266
31744782,FORTUNE-ASHLEY 31M,213H,hyperbolic,77,277.36193546553164
31744782,FORTUNE-ASHLEY 31M,213H,hyperbolic,78,265.27341755948066
31744782,FORTUNE-ASHLEY 31M,213H,hyperbolic,79,253.7517258609836
31744782,FORTUNE-ASHLEY 31M,213H,hyperbolic,80,242.76842127555452
31744782,FORTUNE-ASHLEY 31M,213H,hyperbolic,81,232.29658428840432
31744782,FORTUNE-ASHLEY 31M,213H,hyperbolic,82,222.31072884886254
31744782,FORTUNE-ASHLEY 31M,213H,hyperbolic,83,212.78672141195008
31744782,FORTUNE-ASHLEY 31M,213H,hyperbolic,84,203.7017048117906
31744782,FORTUNE-ASHLEY 31M,213H,hyperbolic,85,195.03402666309694
31744782,FORTUNE-ASHLEY 31M,213H,hyperbolic,86,186.76317200702707
31744782,FORTUNE-ASHLEY 31M,213H,hyperbolic,87,178.86969993637663
31744782,FORTUNE-ASHLEY 31M,213H,hyperbolic,88,171.3351839524579
31744782,FORTUNE-ASHLEY 31M,213H,hyperbolic,89,164.1421558221985
31744782,FORTUNE-ASHLEY 31M,213H,hyperbolic,90,157.27405271907614
31744782,FORTUNE-ASHLEY 31M,213H,hyperbolic,91,150.71516744555632
31744782,FORTUNE-ASHLEY 31M,213H,hyperbolic,92,144.45060154779574
31744782,FORTUNE-ASHLEY 31M,213H,hyperbolic,93,138.46622114557823
31744782,FORTUNE-ASHLEY 31M,213H,hyperbolic,94,132.74861531183203
31744782,FORTUNE-ASHLEY 31M,213H,hyperbolic,95,127.28505684669517
31744782,FORTUNE-ASHLEY 31M,213H,hyperbolic,96,122.06346530099795
31744782,FORTUNE-ASHLEY 31M,213H,hyperbolic,97,117.07237211326894
31744782,FORTUNE-ASHLEY 31M,213H,hyperbolic,98,112.30088773299556
31744782,FORTUNE-ASHLEY 31M,213H,hyperbolic,99,107.73867061092164
31744782,FORTUNE-ASHLEY 31M,213H,hyperbolic,100,103.37589794468268
31744782,FORTUNE-ASHLEY 31M,213H,hyperbolic,101,99.20323807509251
31744782,FORTUNE-ASHLEY 31M,213H,hyperbolic,102,95.21182443496404
31744782,FORTUNE-ASHLEY 31M,213H,hyperbolic,103,91.3932309584623
31744782,FORTUNE-ASHLEY 31M,213H,hyperbolic,104,87.73944886472532
31744782,FORTUNE-ASHLEY 31M,213H,hyperbolic,105,84.24286473483416
31744782,FORTUNE-ASHLEY 31M,213H,hyperbolic,106,80.89623980622089
31744782,FORTUNE-ASHLEY 31M,213H,hyperbolic,107,77.69269041328417
31744782,FORTUNE-ASHLEY 31M,213H,hyperbolic,108,74.62566950736169
31744782,FORTUNE-ASHLEY 31M,213H,hyperbolic,109,71.68894919330084
31744782,FORTUNE-ASHLEY 31M,213H,hyperbolic,110,68.87660422370644
31744782,FORTUNE-ASHLEY 31M,213H,hyperbolic,111,66.18299639553072
31744782,FORTUNE-ASHLEY 31M,213H,hyperbolic,112,63.6027597970296
31744782,FORTUNE-ASHLEY 31M,213H,hyperbolic,113,61.130786856254055
31744782,FORTUNE-ASHLEY 31M,213H,hyperbolic,114,58.76221514519263
31744782,FORTUNE-ASHLEY 31M,213H,hyperbolic,115,56.49241489644053
31744782,FORTUNE-ASHLEY 31M,213H,hyperbolic,116,54.316977191855734
31744782,FORTUNE-ASHLEY 31M,213H,hyperbolic,117,52.231702785085645
31744782,FORTUNE-ASHLEY 31M,213H,hyperbolic,118,50.23259152212055
31744782,FORTUNE-ASHLEY 31M,213H,hyperbolic,119,48.315832326159104
31744782,FORTUNE-ASHLEY 31M,213H,hyperbolic,120,46.47779371506809
31744056,DAVIS-LACY 31J,210H,hyperbolic,34,806.0616839013145
31744056,DAVIS-LACY 31J,210H,hyperbolic,35,730.8443282481883
31744056,DAVIS-LACY 31J,210H,hyperbolic,36,662.9623210050636
31744056,DAVIS-LACY 31J,210H,hyperbolic,37,601.6697288739027
31744056,DAVIS-LACY 31J,210H,hyperbolic,38,546.2995530921517
31744056,DAVIS-LACY 31J,210H,hyperbolic,39,496.25505363173374
31744056,DAVIS-LACY 31J,210H,hyperbolic,40,451.00206213833593
31744056,DAVIS-LACY 31J,210H,hyperbolic,41,410.0621669572382
31744056,DAVIS-LACY 31J,210H,hyperbolic,42,373.00666781926907
31744056,DAVIS-LACY 31J,210H,hyperbolic,43,339.4512101965975
31744056,DAVIS-LACY 31J,210H,hyperbolic,44,309.051020215346
31744056,DAVIS-LACY 31J,210H,hyperbolic,45,281.49667053192707
31744056,DAVIS-LACY 31J,210H,hyperbolic,46,256.5103159173161
31744056,DAVIS-LACY 31J,210H,hyperbolic,47,233.8423445995156
31744056,DAVIS-LACY 31J,210H,hyperbolic,48,213.26839782086262
31744056,DAVIS-LACY 31J,210H,hyperbolic,49,194.58671568780372
31744056,DAVIS-LACY 31J,210H,hyperbolic,50,177.6157723255348
31744056,DAVIS-LACY 31J,210H,hyperbolic,51,162.19216768498885
31744056,DAVIS-LACY 31J,210H,hyperbolic,52,148.16874716004642
31744056,DAVIS-LACY 31J,210H,hyperbolic,53,135.41292352417446
31744056,DAVIS-LACY 31J,210H,hyperbolic,54,123.80517864490048
31744056,DAVIS-LACY 31J,210H,hyperbolic,55,113.2377250314145
31744056,DAVIS-LACY 31J,210H,hyperbolic,56,103.61330955855598
31744056,DAVIS-LACY 31J,210H,hyperbolic,57,94.84414372736171
31744056,DAVIS-LACY 31J,210H,hyperbolic,58,86.85094660138242
31744056,DAVIS-LACY 31J,210H,hyperbolic,59,79.5620881280204
31744056,DAVIS-LACY 31J,210H,hyperbolic,60,72.91282194052607
31744056,DAVIS-LACY 31J,210H,hyperbolic,61,66.8445979611974
31744056,DAVIS-LACY 31J,210H,hyperbolic,62,61.30444620911927
31744056,DAVIS-LACY 31J,210H,hyperbolic,63,56.244424173494636
31744056,DAVIS-LACY 31J,210H,hyperbolic,64,51.62112096113153
31744056,DAVIS-LACY 31J,210H,hyperbolic,65,47.39521217706749
31744056,DAVIS-LACY 31J,210H,hyperbolic,66,43.53106016208688
31744056,DAVIS-LACY 31J,210H,hyperbolic,67,39.996354800104804
31744056,DAVIS-LACY 31J,210H,hyperbolic,68,36.761790630922505
31744056,DAVIS-LACY 31J,210H,hyperbolic,69,33.80077646747275
31744056,DAVIS-LACY 31J,210H,hyperbolic,70,31.089174128232372
31744056,DAVIS-LACY 31J,210H,hyperbolic,71,28.60506326101231
31744056,DAVIS-LACY 31J,210H,hyperbolic,72,26.32852955914299
31744056,DAVIS-LACY 31J,210H,hyperbolic,73,24.24147395985241
31744056,DAVIS-LACY 31J,210H,hyperbolic,74,22.327440671488194
31744056,DAVIS-LACY 31J,210H,hyperbolic,75,20.571462104822725
31744056,DAVIS-LACY 31J,210H,hyperbolic,76,18.95991898719829
31744056,DAVIS-LACY 31J,210H,hyperbolic,77,17.48041411955975
31744056,DAVIS-LACY 31J,210H,hyperbolic,78,16.12165839798971
31744056,DAVIS-LACY 31J,210H,hyperbolic,79,14.87336786541499
31744056,DAVIS-LACY 31J,210H,hyperbolic,80,13.726170687658623
31744056,DAVIS-LACY 31J,210H,hyperbolic,81,12.67152306269449
31744056,DAVIS-LACY 31J,210H,hyperbolic,82,11.701633174357497
31744056,DAVIS-LACY 31J,210H,hyperbolic,83,10.809392393231924
31744056,DAVIS-LACY 31J,210H,hyperbolic,84,9.988313009182411
31744056,DAVIS-LACY 31J,210H,hyperbolic,85,9.232471853078069
31744056,DAVIS-LACY 31J,210H,hyperbolic,86,8.536459230631698
31744056,DAVIS-LACY 31J,210H,hyperbolic,87,7.895332649777621
31744056,DAVIS-LACY 31J,210H,hyperbolic,88,7.3045748753850175
31744056,DAVIS-LACY 31J,210H,hyperbolic,89,6.760055892011696
31744056,DAVIS-LACY 31J,210H,hyperbolic,90,6.257998397436437
31744056,DAVIS-LACY 31J,210H,hyperbolic,91,5.794946487386559
31744056,DAVIS-LACY 31J,210H,hyperbolic,92,5.367737225668196
31744056,DAVIS-LACY 31J,210H,hyperbolic,93,4.973474824224035
31744056,DAVIS-LACY 31J,210H,hyperbolic,94,4.609507184853775
31744056,DAVIS-LACY 31J,210H,hyperbolic,95,4.273404578767573
31744056,DAVIS-LACY 31J,210H,hyperbolic,96,3.9629402620911303
31744056,DAVIS-LACY 31J,210H,hyperbolic,97,3.676072845167042
31744056,DAVIS-LACY 31J,210H,hyperbolic,98,3.4109302512305635
31744056,DAVIS-LACY 31J,210H,hyperbolic,99,3.1657951159878848
31744056,DAVIS-LACY 31J,210H,hyperbolic,100,2.9390914939763246
31744056,DAVIS-LACY 31J,210H,hyperbolic,101,2.729372750503225
31744056,DAVIS-LACY 31J,210H,hyperbolic,102,2.5353105295929397
31744056,DAVIS-LACY 31J,210H,hyperbolic,103,2.355684698849363
31744056,DAVIS-LACY 31J,210H,hyperbolic,104,2.189374181584825
31744056,DAVIS-LACY 31J,210H,hyperbolic,105,2.035348595079099
31744056,DAVIS-LACY 31J,210H,hyperbolic,106,1.8926606215100759
31744056,DAVIS-LACY 31J,210H,hyperbolic,107,1.7604390450245326
31744056,DAVIS-LACY 31J,210H,hyperbolic,108,1.6378823946694376
31744056,DAVIS-LACY 31J,210H,hyperbolic,109,1.52425313854895
31744056,DAVIS-LACY 31J,210H,hyperbolic,110,1.4188723796708058
31744056,DAVIS-LACY 31J,210H,hyperbolic,111,1.321115008552676
31744056,DAVIS-LACY 31J,210H,hyperbolic,112,1.2304052718230518
31744056,DAVIS-LACY 31J,210H,hyperbolic,113,1.1462127198164822
31744056,DAVIS-LACY 31J,210H,hyperbolic,114,1.0680484995687463
31744056,DAVIS-LACY 31J,210H,hyperbolic,115,0.9954619626994285
31744056,DAVIS-LACY 31J,210H,hyperbolic,116,0.9280375604588544
31744056,DAVIS-LACY 31J,210H,hyperbolic,117,0.8653920007425369
31744056,DAVIS-LACY 31J,210H,hyperbolic,118,0.8071716441642796
31744056,DAVIS-LACY 31J,210H,hyperbolic,119,0.7530501183525822
31744056,DAVIS-LACY 31J,210H,hyperbolic,120,0.7027261315143823
31744052,EPLEY-MARTIN 31F,106H,hyperbolic,34,1641.559653314734
31744052,EPLEY-MARTIN 31F,106H,hyperbolic,35,1552.8353695571357
31744052,EPLEY-MARTIN 31F,106H,hyperbolic,36,1469.1326679313522
31744052,EPLEY-MARTIN 31F,106H,hyperbolic,37,1390.154608812145
31744052,EPLEY-MARTIN 31F,106H,hyperbolic,38,1315.6225601233234
31744052,EPLEY-MARTIN 31F,106H,hyperbolic,39,1245.2750226886808
31744052,EPLEY-MARTIN 31F,106H,hyperbolic,40,1178.8665338809315
31744052,EPLEY-MARTIN 31F,106H,hyperbolic,41,1116.1666441552234
31744052,EPLEY-MARTIN 31F,106H,hyperbolic,42,1056.9589614415913
31744052,EPLEY-MARTIN 31F,106H,hyperbolic,43,1001.040258729513
31744052,EPLEY-MARTIN 31F,106H,hyperbolic,44,948.2196405102386
31744052,EPLEY-MARTIN 31F,106H,hyperbolic,45,898.3177640503519
31744052,EPLEY-MARTIN 31F,106H,hyperbolic,46,851.1661117554232
31744052,EPLEY-MARTIN 31F,106H,hyperbolic,47,806.6063111469906
31744052,EPLEY-MARTIN 31F,106H,hyperbolic,48,764.4894992210724
31744052,EPLEY-MARTIN 31F,106H,hyperbolic,49,724.675728183705
31744052,EPLEY-MARTIN 31F,106H,hyperbolic,50,687.0334097696657
31744052,EPLEY-MARTIN 31F,106H,hyperbolic,51,651.438795545852
31744052,EPLEY-MARTIN 31F,106H,hyperbolic,52,617.7754907821358
31744052,EPLEY-MARTIN 31F,106H,hyperbolic,53,585.9339996406806
31744052,EPLEY-MARTIN 31F,106H,hyperbolic,54,555.8112995907196
31744052,EPLEY-MARTIN 31F,106H,hyperbolic,55,527.3104431007554
31744052,EPLEY-MARTIN 31F,106H,hyperbolic,56,500.3401847945744
31744052,EPLEY-MARTIN 31F,106H,hyperbolic,57,474.814632382426
31744052,EPLEY-MARTIN 31F,106H,hyperbolic,58,450.6529197946414
31744052,EPLEY-MARTIN 31F,106H,hyperbolic,59,427.77890105278505
31744052,EPLEY-MARTIN 31F,106H,hyperbolic,60,406.12086351354264
31744052,EPLEY-MARTIN 31F,106H,hyperbolic,61,385.6112592135449
31744052,EPLEY-MARTIN 31F,106H,hyperbolic,62,366.18645312985797
31744052,EPLEY-MARTIN 31F,106H,hyperbolic,63,347.78648725125953
31744052,EPLEY-MARTIN 31F,106H,hyperbolic,64,330.3548594301401
31744052,EPLEY-MARTIN 31F,106H,hyperbolic,65,313.8383160544319
31744052,EPLEY-MARTIN 31F,106H,hyperbolic,66,298.1866576436355
31744052,EPLEY-MARTIN 31F,106H,hyperbolic,67,283.3525565331445
31744052,EPLEY-MARTIN 31F,106H,hyperbolic,68,269.2913858671023
31744052,EPLEY-MARTIN 31F,106H,hyperbolic,69,255.96105917209545
31744052,EPLEY-MARTIN 31F,106H,hyperbolic,70,243.32187983252462
31744052,EPLEY-MARTIN 31F,106H,hyperbolic,71,231.33639983362002
31744052,EPLEY-MARTIN 31F,106H,hyperbolic,72,219.96928718014928
31744052,EPLEY-MARTIN 31F,106H,hyperbolic,73,209.1872014380335
31744052,EPLEY-MARTIN 31F,106H,hyperbolic,74,198.95867688254967
31744052,EPLEY-MARTIN 31F,106H,hyperbolic,75,189.25401277082432
31744052,EPLEY-MARTIN 31F,106H,hyperbolic,76,180.04517028798094
31744052,EPLEY-MARTIN 31F,106H,hyperbolic,77,171.3056757458512
31744052,EPLEY-MARTIN 31F,106H,hyperbolic,78,163.01052964065792
31744052,EPLEY-MARTIN 31F,106H,hyperbolic,79,155.1361212017785
31744052,EPLEY-MARTIN 31F,106H,hyperbolic,80,147.6601480875951
31744052,EPLEY-MARTIN 31F,106H,hyperbolic,81,140.56154090678731
31744052,EPLEY-MARTIN 31F,106H,hyperbolic,82,133.8203922642296
31744052,EPLEY-MARTIN 31F,106H,hyperbolic,83,127.41789005009996
31744052,EPLEY-MARTIN 31F,106H,hyperbolic,84,121.33625470891948
31744052,EPLEY-MARTIN 31F,106H,hyperbolic,85,115.55868024217958
31744052,EPLEY-MARTIN 31F,106H,hyperbolic,86,110.06927871400882
31744052,EPLEY-MARTIN 31F,106H,hyperbolic,87,104.85302804406928
31744052,EPLEY-MARTIN 31F,106H,hyperbolic,88,99.89572288566009
31744052,EPLEY-MARTIN 31F,106H,hyperbolic,89,95.1839283998575
31744052,EPLEY-MARTIN 31F,106H,hyperbolic,90,90.7049367485481
31744052,EPLEY-MARTIN 31F,106H,hyperbolic,91,86.4467261404229
31744052,EPLEY-MARTIN 31F,106H,hyperbolic,92,82.3979222745097
31744052,EPLEY-MARTIN 31F,106H,hyperbolic,93,78.54776203560655
31744052,EPLEY-MARTIN 31F,106H,hyperbolic,94,74.88605930515739
31744052,EPLEY-MARTIN 31F,106H,hyperbolic,95,71.40317275966999
31744052,EPLEY-MARTIN 31F,106H,hyperbolic,96,68.08997553679485
31744052,EPLEY-MARTIN 31F,106H,hyperbolic,97,64.93782665666669
31744052,EPLEY-MARTIN 31F,106H,hyperbolic,98,61.938544093125124
31744052,EPLEY-MARTIN 31F,106H,hyperbolic,99,59.08437939598624
31744052,EPLEY-MARTIN 31F,106H,hyperbolic,100,56.36799377166366
31744052,EPLEY-MARTIN 31F,106H,hyperbolic,101,53.78243553518611
31744052,EPLEY-MARTIN 31F,106H,hyperbolic,102,51.32111885202369
31744052,EPLEY-MARTIN 31F,106H,hyperbolic,103,48.97780369317004
31744052,EPLEY-MARTIN 31F,106H,hyperbolic,104,46.746576931627
31744052,EPLEY-MARTIN 31F,106H,hyperbolic,105,44.6218345128575
31744052,EPLEY-MARTIN 31F,106H,hyperbolic,106,42.59826463589034
31744052,EPLEY-MARTIN 31F,106H,hyperbolic,107,40.670831885635664
31744052,EPLEY-MARTIN 31F,106H,hyperbolic,108,38.83476226058806
31744052,EPLEY-MARTIN 31F,106H,hyperbolic,109,37.08552904348944
31744052,EPLEY-MARTIN 31F,106H,hyperbolic,110,35.41883946570671
31744052,EPLEY-MARTIN 31F,106H,hyperbolic,111,33.83062211905509
31744052,EPLEY-MARTIN 31F,106H,hyperbolic,112,32.31701507159929
31744052,EPLEY-MARTIN 31F,106H,hyperbolic,113,30.874354646577352
31744052,EPLEY-MARTIN 31F,106H,hyperbolic,114,29.499164826053693
31744052,EPLEY-MARTIN 31F,106H,hyperbolic,115,28.188147243207936
31744052,EPLEY-MARTIN 31F,106H,hyperbolic,116,26.93817172932952
31744052,EPLEY-MARTIN 31F,106H,hyperbolic,117,25.746267383611308
31744052,EPLEY-MARTIN 31F,106H,hyperbolic,118,24.609614135739726
31744052,EPLEY-MARTIN 31F,106H,hyperbolic,119,23.52553477306284
31744052,EPLEY-MARTIN 31F,106H,hyperbolic,120,22.49148740578981
31744068,DAVIS-LACY 31E,205H,hyperbolic,34,1927.4543829013212
31744068,DAVIS-LACY 31E,205H,hyperbolic,35,1840.2737114602858
31744068,DAVIS-LACY 31E,205H,hyperbolic,36,1759.0674778490736
31744068,DAVIS-LACY 31E,205H,hyperbolic,37,1683.293704804397
31744068,DAVIS-LACY 31E,205H,hyperbolic,38,1612.471045353228
31744068,DAVIS-LACY 31E,205H,hyperbolic,39,1546.1707760928832
31744068,DAVIS-LACY 31E,205H,hyperbolic,40,1484.0100022767174
31744068,DAVIS-LACY 31E,205H,hyperbolic,41,1425.645868942139
31744068,DAVIS-LACY 31E,205H,hyperbolic,42,1370.7706108906361
31744068,DAVIS-LACY 31E,205H,hyperbolic,43,1319.1073050185673
31744068,DAVIS-LACY 31E,205H,hyperbolic,44,1270.406213041997
31744068,DAVIS-LACY 31E,205H,hyperbolic,45,1224.441622387374
31744068,DAVIS-LACY 31E,205H,hyperbolic,46,1181.0091089532427
31744068,DAVIS-LACY 31E,205H,hyperbolic,47,1139.9231583754126
31744068,DAVIS-LACY 31E,205H,hyperbolic,48,1101.0150929623176
31744068,DAVIS-LACY 31E,205H,hyperbolic,49,1064.1312600877056
31744068,DAVIS-LACY 31E,205H,hyperbolic,50,1029.131444910502
31744068,DAVIS-LACY 31E,205H,hyperbolic,51,995.8874761335796
31744068,DAVIS-LACY 31E,205H,hyperbolic,52,964.281998349528
31744068,DAVIS-LACY 31E,205H,hyperbolic,53,934.207388539815
31744068,DAVIS-LACY 31E,205H,hyperbolic,54,905.5647976438412
31744068,DAVIS-LACY 31E,205H,hyperbolic,55,878.2633009167091
31744068,DAVIS-LACY 31E,205H,hyperbolic,56,852.2191431461537
31744068,DAVIS-LACY 31E,205H,hyperbolic,57,827.3550667785742
31744068,DAVIS-LACY 31E,205H,hyperbolic,58,803.5997126753556
31744068,DAVIS-LACY 31E,205H,hyperbolic,59,780.8870846357128
31744068,DAVIS-LACY 31E,205H,hyperbolic,60,759.1560700237642
31744068,DAVIS-LACY 31E,205H,hyperbolic,61,738.3500098604148
31744068,DAVIS-LACY 31E,205H,hyperbolic,62,718.4163126137263
31744068,DAVIS-LACY 31E,205H,hyperbolic,63,699.3061066685782
31744068,DAVIS-LACY 31E,205H,hyperbolic,64,680.9739270973271
31744068,DAVIS-LACY 31E,205H,hyperbolic,65,663.3774329042477
31744068,DAVIS-LACY 31E,205H,hyperbolic,66,646.4771513914623
31744068,DAVIS-LACY 31E,205H,hyperbolic,67,630.2362467042879
31744068,DAVIS-LACY 31E,205H,hyperbolic,68,614.6203099690103
31744068,DAVIS-LACY 31E,205H,hyperbolic,69,599.597168744109
31744068,DAVIS-LACY 31E,205H,hyperbolic,70,585.1367137736672
31744068,DAVIS-LACY 31E,205H,hyperbolic,71,571.2107412648738
31744068,DAVIS-LACY 31E,205H,hyperbolic,72,557.7928091149671
31744068,DAVIS-LACY 31E,205H,hyperbolic,73,544.8581056908363
31744068,DAVIS-LACY 31E,205H,hyperbolic,74,532.383329920275
31744068,DAVIS-LACY 31E,205H,hyperbolic,75,520.3465815905506
31744068,DAVIS-LACY 31E,205H,hyperbolic,76,508.72726087007504
31744068,DAVIS-LACY 31E,205H,hyperbolic,77,497.5059761747033
31744068,DAVIS-LACY 31E,205H,hyperbolic,78,486.6644595934475
31744068,DAVIS-LACY 31E,205H,hyperbolic,79,476.1854891707376
31744068,DAVIS-LACY 31E,205H,hyperbolic,80,466.0528174152244
31744068,DAVIS-LACY 31E,205H,hyperbolic,81,456.2511054696533
31744068,DAVIS-LACY 31E,205H,hyperbolic,82,446.7658624336074
31744068,DAVIS-LACY 31E,205H,hyperbolic,83,437.583389381795
31744068,DAVIS-LACY 31E,205H,hyperbolic,84,428.69072766582656
31744068,DAVIS-LACY 31E,205H,hyperbolic,85,420.0756111277697
31744068,DAVIS-LACY 31E,205H,hyperbolic,86,411.72642188974834
31744068,DAVIS-LACY 31E,205H,hyperbolic,87,403.6321494160128
31744068,DAVIS-LACY 31E,205H,hyperbolic,88,395.7823525726599
31744068,DAVIS-LACY 31E,205H,hyperbolic,89,388.1671244359419
31744068,DAVIS-LACY 31E,205H,hyperbolic,90,380.7770596232031
31744068,DAVIS-LACY 31E,205H,hyperbolic,91,373.6032239412133
31744068,DAVIS-LACY 31E,205H,hyperbolic,92,366.63712616531717
31744068,DAVIS-LACY 31E,205H,hyperbolic,93,359.87069177958284
31744068,DAVIS-LACY 31E,205H,hyperbolic,94,353.2962385232522
31744068,DAVIS-LACY 31E,205H,hyperbolic,95,346.9064536024197
31744068,DAVIS-LACY 31E,205H,hyperbolic,96,340.6943724381758
31744068,DAVIS-LACY 31E,205H,hyperbolic,97,334.6533588335693
31744068,DAVIS-LACY 31E,205H,hyperbolic,98,328.777086451809
31744068,DAVIS-LACY 31E,205H,hyperbolic,99,323.0595215072368
31744068,DAVIS-LACY 31E,205H,hyperbolic,100,317.494906578865
31744068,DAVIS-LACY 31E,205H,hyperbolic,101,312.07774546377163
31744068,DAVIS-LACY 31E,205H,hyperbolic,102,306.8027889944534
31744068,DAVIS-LACY 31E,205H,hyperbolic,103,301.6650217504305
31744068,DAVIS-LACY 31E,205H,hyperbolic,104,296.65964960002924
31744068,DAVIS-LACY 31E,205H,hyperbolic,105,291.7820880134019
31744068,DAVIS-LACY 31E,205H,hyperbolic,106,287.0279510925201
31744068,DAVIS-LACY 31E,205H,hyperbolic,107,282.3930412681473
31744068,DAVIS-LACY 31E,205H,hyperbolic,108,277.87333961769326
31744068,DAVIS-LACY 31E,205H,hyperbolic,109,273.46499676141497
31744068,DAVIS-LACY 31E,205H,hyperbolic,110,269.1643242976897
31744068,DAVIS-LACY 31E,205H,hyperbolic,111,264.96778674106474
31744068,DAVIS-LACY 31E,205H,hyperbolic,112,260.8719939295257
31744068,DAVIS-LACY 31E,205H,hyperbolic,113,256.87369386992646
31744068,DAVIS-LACY 31E,205H,hyperbolic,114,252.9697659928267
31744068,DAVIS-LACY 31E,205H,hyperbolic,115,249.15721479009161
31744068,DAVIS-LACY 31E,205H,hyperbolic,116,245.43316381054905
31744068,DAVIS-LACY 31E,205H,hyperbolic,117,241.7948499907842
31744068,DAVIS-LACY 31E,205H,hyperbolic,118,238.23961829979166
31744068,DAVIS-LACY 31E,205H,hyperbolic,119,234.76491667771938
31744068,DAVIS-LACY 31E,205H,hyperbolic,120,231.36829125032844
31743566,WELCH-COX E39A,301H,hyperbolic,34,596.9578395498834
31743566,WELCH-COX E39A,301H,hyperbolic,35,550.6978449763116
31743566,WELCH-COX E39A,301H,hyperbolic,36,508.1872961615643
31743566,WELCH-COX E39A,301H,hyperbolic,37,469.1090547068693
31743566,WELCH-COX E39A,301H,hyperbolic,38,433.1739178869103
31743566,WELCH-COX E39A,301H,hyperbolic,39,400.11806075454166
31743566,WELCH-COX E39A,301H,hyperbolic,40,369.7007212819855
31743566,WELCH-COX E39A,301H,hyperbolic,41,341.7021046143796
31743566,WELCH-COX E39A,301H,hyperbolic,42,315.92148494789456
31743566,WELCH-COX E39A,301H,hyperbolic,43,292.1754857246668
31743566,WELCH-COX E39A,301H,hyperbolic,44,270.29652078832385
31743566,WELCH-COX E39A,301H,hyperbolic,45,250.13138089160498
31743566,WELCH-COX E39A,301H,hyperbolic,46,231.5399515135142
31743566,WELCH-COX E39A,301H,hyperbolic,47,214.39404934700292
31743566,WELCH-COX E39A,301H,hyperbolic,48,198.57636607686268
31743566,WELCH-COX E39A,301H,hyperbolic,49,183.97950919663256
31743566,WELCH-COX E39A,301H,hyperbolic,50,170.50513062672175
31743566,WELCH-COX E39A,301H,hyperbolic,51,158.0631348058294
31743566,WELCH-COX E39A,301H,hyperbolic,52,146.57095874502224
31743566,WELCH-COX E39A,301H,hyperbolic,53,135.952917268252
31743566,WELCH-COX E39A,301H,hyperbolic,54,126.13960732327999
31743566,WELCH-COX E39A,301H,hyperbolic,55,117.06736584074052
31743566,WELCH-COX E39A,301H,hyperbolic,56,108.67777615324306
31743566,WELCH-COX E39A,301H,hyperbolic,57,100.917218467206
31743566,WELCH-COX E39A,301H,hyperbolic,58,93.73646031301655
31743566,WELCH-COX E39A,301H,hyperbolic,59,87.09028328904623
31743566,WELCH-COX E39A,301H,hyperbolic,60,80.93714276643516
31743566,WELCH-COX E39A,301H,hyperbolic,61,75.23885753828603
31743566,WELCH-COX E39A,301H,hyperbolic,62,69.96032668257726
31743566,WELCH-COX E39A,301H,hyperbolic,63,65.0692711657671
31743566,WELCH-COX E39A,301H,hyperbolic,64,60.53599794663701
31743566,WELCH-COX E39A,301H,hyperbolic,65,56.33318454987375
31743566,WELCH-COX E39A,301H,hyperbolic,66,52.43568226851511
31743566,WELCH-COX E39A,301H,hyperbolic,67,48.8203363257137
31743566,WELCH-COX E39A,301H,hyperbolic,68,45.46582148110744
31743566,WELCH-COX E39A,301H,hyperbolic,69,42.35249170710602
31743566,WELCH-COX E39A,301H,hyperbolic,70,39.462242687016335
31743566,WELCH-COX E39A,301H,hyperbolic,71,36.77838600151604
31743566,WELCH-COX E39A,301H,hyperbolic,72,34.28553397368343
31743566,WELCH-COX E39A,301H,hyperbolic,73,31.969494236691915
31743566,WELCH-COX E39A,301H,hyperbolic,74,29.817173173326598
31743566,WELCH-COX E39A,301H,hyperbolic,75,27.8164874535409
31743566,WELCH-COX E39A,301H,hyperbolic,76,25.956282966121393
31743566,WELCH-COX E39A,301H,hyperbolic,77,24.226260503856103
31743566,WELCH-COX E39A,301H,hyperbolic,78,22.616907619047332
31743566,WELCH-COX E39A,301H,hyperbolic,79,21.119436118326142
31743566,WELCH-COX E39A,301H,hyperbolic,80,19.72572471303016
31743566,WELCH-COX E39A,301H,hyperbolic,81,18.428266384354895
31743566,WELCH-COX E39A,301H,hyperbolic,82,17.22012006149546
31743566,WELCH-COX E39A,301H,hyperbolic,83,16.094866246436442
31743566,WELCH-COX E39A,301H,hyperbolic,84,15.04656625125207
31743566,WELCH-COX E39A,301H,hyperbolic,85,14.069724743065343
31743566,WELCH-COX E39A,301H,hyperbolic,86,13.159255318438198
31743566,WELCH-COX E39A,301H,hyperbolic,87,12.31044885319297
31743566,WELCH-COX E39A,301H,hyperbolic,88,11.518944395707848
31743566,WELCH-COX E39A,301H,hyperbolic,89,10.780702391796215
31743566,WELCH-COX E39A,301H,hyperbolic,90,10.0919800475517
31743566,WELCH-COX E39A,301H,hyperbolic,91,9.449308653183959
31743566,WELCH-COX E39A,301H,hyperbolic,92,8.84947270603523
31743566,WELCH-COX E39A,301H,hyperbolic,93,8.289490684787781
31743566,WELCH-COX E39A,301H,hyperbolic,94,7.766597339474206
31743566,WELCH-COX E39A,301H,hyperbolic,95,7.278227373393617
31743566,WELCH-COX E39A,301H,hyperbolic,96,6.822000403520192
31743566,WELCH-COX E39A,301H,hyperbolic,97,6.395707095556899
31743566,WELCH-COX E39A,301H,hyperbolic,98,5.997296378519209
31743566,WELCH-COX E39A,301H,hyperbolic,99,5.624863651707098
31743566,WELCH-COX E39A,301H,hyperbolic,100,5.276639904205029
31743566,WELCH-COX E39A,301H,hyperbolic,101,4.950981673703363
31743566,WELCH-COX E39A,301H,hyperbolic,102,4.646361777514161
31743566,WELCH-COX E39A,301H,hyperbolic,103,4.361360754212496
31743566,WELCH-COX E39A,301H,hyperbolic,104,4.094658959416512
31743566,WELCH-COX E39A,301H,hyperbolic,105,3.8450292638679104
31743566,WELCH-COX E39A,301H,hyperbolic,106,3.611330306227811
31743566,WELCH-COX E39A,301H,hyperbolic,107,3.3925002568944658
31743566,WELCH-COX E39A,301H,hyperbolic,108,3.187551052713426
31743566,WELCH-COX E39A,301H,hyperbolic,109,2.995563065712373
31743566,WELCH-COX E39A,301H,hyperbolic,110,2.8156801719819646
31743566,WELCH-COX E39A,301H,hyperbolic,111,2.647105189561675
31743566,WELCH-COX E39A,301H,hyperbolic,112,2.489095656698815
31743566,WELCH-COX E39A,301H,hyperbolic,113,2.340959924149273
31743566,WELCH-COX E39A,301H,hyperbolic,114,2.202053537297111
31743566,WELCH-COX E39A,301H,hyperbolic,115,2.0717758858053212
31743566,WELCH-COX E39A,301H,hyperbolic,116,1.9495671002838426
31743566,WELCH-COX E39A,301H,hyperbolic,117,1.834905177090393
31743566,WELCH-COX E39A,301H,hyperbolic,118,1.727303313873842
31743566,WELCH-COX E39A,301H,hyperbolic,119,1.6263074398428499
31743566,WELCH-COX E39A,301H,hyperbolic,120,1.5314939260028104
31744051,EPLEY-MARTIN 31E,105H,hyperbolic,34,5518.156221415115
31744051,EPLEY-MARTIN 31E,105H,hyperbolic,35,5512.912071507011
31744051,EPLEY-MARTIN 31E,105H,hyperbolic,36,5507.6803632375695
31744051,EPLEY-MARTIN 31E,105H,hyperbolic,37,5502.461049445867
31744051,EPLEY-MARTIN 31E,105H,hyperbolic,38,5497.254083216434
31744051,EPLEY-MARTIN 31E,105H,hyperbolic,39,5492.059417877635
31744051,EPLEY-MARTIN 31E,105H,hyperbolic,40,5486.877007000054
31744051,EPLEY-MARTIN 31E,105H,hyperbolic,41,5481.706804394899
31744051,EPLEY-MARTIN 31E,105H,hyperbolic,42,5476.548764112422
31744051,EPLEY-MARTIN 31E,105H,hyperbolic,43,5471.402840440331
31744051,EPLEY-MARTIN 31E,105H,hyperbolic,44,5466.268987902251
31744051,EPLEY-MARTIN 31E,105H,hyperbolic,45,5461.147161256159
31744051,EPLEY-MARTIN 31E,105H,hyperbolic,46,5456.03731549286
31744051,EPLEY-MARTIN 31E,105H,hyperbolic,47,5450.9394058344615
31744051,EPLEY-MARTIN 31E,105H,hyperbolic,48,5445.853387732861
31744051,EPLEY-MARTIN 31E,105H,hyperbolic,49,5440.779216868247
31744051,EPLEY-MARTIN 31E,105H,hyperbolic,50,5435.716849147613
31744051,EPLEY-MARTIN 31E,105H,hyperbolic,51,5430.666240703286
31744051,EPLEY-MARTIN 31E,105H,hyperbolic,52,5425.627347891458
31744051,EPLEY-MARTIN 31E,105H,hyperbolic,53,5420.600127290734
31744051,EPLEY-MARTIN 31E,105H,hyperbolic,54,5415.584535700693
31744051,EPLEY-MARTIN 31E,105H,hyperbolic,55,5410.5805301404625
31744051,EPLEY-MARTIN 31E,105H,hyperbolic,56,5405.588067847294
31744051,EPLEY-MARTIN 31E,105H,hyperbolic,57,5400.607106275159
31744051,EPLEY-MARTIN 31E,105H,hyperbolic,58,5395.637603093352
31744051,EPLEY-MARTIN 31E,105H,hyperbolic,59,5390.679516185107
31744051,EPLEY-MARTIN 31E,105H,hyperbolic,60,5385.732803646224
31744051,EPLEY-MARTIN 31E,105H,hyperbolic,61,5380.797423783705
31744051,EPLEY-MARTIN 31E,105H,hyperbolic,62,5375.873335114395
31744051,EPLEY-MARTIN 31E,105H,hyperbolic,63,5370.960496363648
31744051,EPLEY-MARTIN 31E,105H,hyperbolic,64,5366.058866463994
31744051,EPLEY-MARTIN 31E,105H,hyperbolic,65,5361.168404553811
31744051,EPLEY-MARTIN 31E,105H,hyperbolic,66,5356.28906997602
31744051,EPLEY-MARTIN 31E,105H,hyperbolic,67,5351.420822276779
31744051,EPLEY-MARTIN 31E,105H,hyperbolic,68,5346.563621204197
31744051,EPLEY-MARTIN 31E,105H,hyperbolic,69,5341.717426707049
31744051,EPLEY-MARTIN 31E,105H,hyperbolic,70,5336.8821989335
31744051,EPLEY-MARTIN 31E,105H,hyperbolic,71,5332.057898229858
31744051,EPLEY-MARTIN 31E,105H,hyperbolic,72,5327.244485139305
31744051,EPLEY-MARTIN 31E,105H,hyperbolic,73,5322.441920400664
31744051,EPLEY-MARTIN 31E,105H,hyperbolic,74,5317.650164947162
31744051,EPLEY-MARTIN 31E,105H,hyperbolic,75,5312.869179905214
31744051,EPLEY-MARTIN 31E,105H,hyperbolic,76,5308.098926593198
31744051,EPLEY-MARTIN 31E,105H,hyperbolic,77,5303.339366520259
31744051,EPLEY-MARTIN 31E,105H,hyperbolic,78,5298.590461385107
31744051,EPLEY-MARTIN 31E,105H,hyperbolic,79,5293.852173074835
31744051,EPLEY-MARTIN 31E,105H,hyperbolic,80,5289.124463663739
31744051,EPLEY-MARTIN 31E,105H,hyperbolic,81,5284.40729541215
31744051,EPLEY-MARTIN 31E,105H,hyperbolic,82,5279.700630765271
31744051,EPLEY-MARTIN 31E,105H,hyperbolic,83,5275.004432352035
31744051,EPLEY-MARTIN 31E,105H,hyperbolic,84,5270.318662983948
31744051,EPLEY-MARTIN 31E,105H,hyperbolic,85,5265.64328565397
31744051,EPLEY-MARTIN 31E,105H,hyperbolic,86,5260.978263535382
31744051,EPLEY-MARTIN 31E,105H,hyperbolic,87,5256.3235599806685
31744051,EPLEY-MARTIN 31E,105H,hyperbolic,88,5251.679138520414
31744051,EPLEY-MARTIN 31E,105H,hyperbolic,89,5247.044962862197
31744051,EPLEY-MARTIN 31E,105H,hyperbolic,90,5242.420996889502
31744051,EPLEY-MARTIN 31E,105H,hyperbolic,91,5237.807204660636
31744051,EPLEY-MARTIN 31E,105H,hyperbolic,92,5233.203550407651
31744051,EPLEY-MARTIN 31E,105H,hyperbolic,93,5228.609998535278
31744051,EPLEY-MARTIN 31E,105H,hyperbolic,94,5224.026513619866
31744051,EPLEY-MARTIN 31E,105H,hyperbolic,95,5219.453060408332
31744051,EPLEY-MARTIN 31E,105H,hyperbolic,96,5214.889603817113
31744051,EPLEY-MARTIN 31E,105H,hyperbolic,97,5210.336108931139
31744051,EPLEY-MARTIN 31E,105H,hyperbolic,98,5205.792541002791
31744051,EPLEY-MARTIN 31E,105H,hyperbolic,99,5201.258865450893
31744051,EPLEY-MARTIN 31E,105H,hyperbolic,100,5196.735047859691
31744051,EPLEY-MARTIN 31E,105H,hyperbolic,101,5192.221053977851
31744051,EPLEY-MARTIN 31E,105H,hyperbolic,102,5187.716849717455
31744051,EPLEY-MARTIN 31E,105H,hyperbolic,103,5183.222401153018
31744051,EPLEY-MARTIN 31E,105H,hyperbolic,104,5178.737674520501
31744051,EPLEY-MARTIN 31E,105H,hyperbolic,105,5174.262636216329
31744051,EPLEY-MARTIN 31E,105H,hyperbolic,106,5169.79725279643
31744051,EPLEY-MARTIN 31E,105H,hyperbolic,107,5165.341490975266
31744051,EPLEY-MARTIN 31E,105H,hyperbolic,108,5160.895317624883
31744051,EPLEY-MARTIN 31E,105H,hyperbolic,109,5156.458699773962
31744051,EPLEY-MARTIN 31E,105H,hyperbolic,110,5152.031604606869
31744051,EPLEY-MARTIN 31E,105H,hyperbolic,111,5147.613999462735
31744051,EPLEY-MARTIN 31E,105H,hyperbolic,112,5143.205851834518
31744051,EPLEY-MARTIN 31E,105H,hyperbolic,113,5138.807129368084
31744051,EPLEY-MARTIN 31E,105H,hyperbolic,114,5134.417799861296
31744051,EPLEY-MARTIN 31E,105H,hyperbolic,115,5130.037831263101
31744051,EPLEY-MARTIN 31E,105H,hyperbolic,116,5125.667191672636
31744051,EPLEY-MARTIN 31E,105H,hyperbolic,117,5121.305849338325
31744051,EPLEY-MARTIN 31E,105H,hyperbolic,118,5116.953772656998
31744051,EPLEY-MARTIN 31E,105H,hyperbolic,119,5112.610930173008
31744051,EPLEY-MARTIN 31E,105H,hyperbolic,120,5108.277290577351
31744072,DAVIS-LACY 31A,201H,hyperbolic,34,3621.034769347864
31744072,DAVIS-LACY 31A,201H,hyperbolic,35,3529.2141781447576
31744072,DAVIS-LACY 31A,201H,hyperbolic,36,3442.056100063344
31744072,DAVIS-LACY 31A,201H,hyperbolic,37,3359.2112790846245
31744072,DAVIS-LACY 31A,201H,hyperbolic,38,3280.3646303421983
31744072,DAVIS-LACY 31A,201H,hyperbolic,39,3205.2311510969057
31744072,DAVIS-LACY 31A,201H,hyperbolic,40,3133.5524060378125
31744072,DAVIS-LACY 31A,201H,hyperbolic,41,3065.0934948515737
31744072,DAVIS-LACY 31A,201H,hyperbolic,42,2999.6404265014776
31744072,DAVIS-LACY 31A,201H,hyperbolic,43,2936.9978379009626
31744072,DAVIS-LACY 31A,201H,hyperbolic,44,2876.9870053529376
31744072,DAVIS-LACY 31A,201H,hyperbolic,45,2819.4441057930826
31744072,DAVIS-LACY 31A,201H,hyperbolic,46,2764.2186919380656
31744072,DAVIS-LACY 31A,201H,hyperbolic,47,2711.172351221672
31744072,DAVIS-LACY 31A,201H,hyperbolic,48,2660.177523156244
31744072,DAVIS-LACY 31A,201H,hyperbolic,49,2611.116453682695
31744072,DAVIS-LACY 31A,201H,hyperbolic,50,2563.8802683271647
31744072,DAVIS-LACY 31A,201H,hyperbolic,51,2518.3681486912055
31744072,DAVIS-LACY 31A,201H,hyperbolic,52,2474.4865990652556
31744072,DAVIS-LACY 31A,201H,hyperbolic,53,2432.148791852149
31744072,DAVIS-LACY 31A,201H,hyperbolic,54,2391.2739820831825
31744072,DAVIS-LACY 31A,201H,hyperbolic,55,2351.786982656018
31744072,DAVIS-LACY 31A,201H,hyperbolic,56,2313.617693063936
31744072,DAVIS-LACY 31A,201H,hyperbolic,57,2276.7006753542664
31744072,DAVIS-LACY 31A,201H,hyperbolic,58,2240.974771878573
31744072,DAVIS-LACY 31A,201H,hyperbolic,59,2206.382760101585
31744072,DAVIS-LACY 31A,201H,hyperbolic,60,2172.871040339254
31744072,DAVIS-LACY 31A,201H,hyperbolic,61,2140.389352814385
31744072,DAVIS-LACY 31A,201H,hyperbolic,62,2108.890520864415
31744072,DAVIS-LACY 31A,201H,hyperbolic,63,2078.3302175208637
31744072,DAVIS-LACY 31A,201H,hyperbolic,64,2048.6667530130726
31744072,DAVIS-LACY 31A,201H,hyperbolic,65,2019.860881037665
31744072,DAVIS-LACY 31A,201H,hyperbolic,66,1991.8756218861674
31744072,DAVIS-LACY 31A,201H,hyperbolic,67,1964.6761007418413
31744072,DAVIS-LACY 31A,201H,hyperbolic,68,1938.2293996476124
31744072,DAVIS-LACY 31A,201H,hyperbolic,69,1912.5044218138328
31744072,DAVIS-LACY 31A,201H,hyperbolic,70,1887.4717670808955
31744072,DAVIS-LACY 31A,201H,hyperbolic,71,1863.103617480079
31744072,DAVIS-LACY 31A,201H,hyperbolic,72,1839.3736319489897
31744072,DAVIS-LACY 31A,201H,hyperbolic,73,1816.2568493574763
31744072,DAVIS-LACY 31A,201H,hyperbolic,74,1793.729599087777
31744072,DAVIS-LACY 31A,201H,hyperbolic,75,1771.7694184903619
31744072,DAVIS-LACY 31A,201H,hyperbolic,76,1750.3549766057633
31744072,DAVIS-LACY 31A,201H,hyperbolic,77,1729.466003603754
31744072,DAVIS-LACY 31A,201H,hyperbolic,78,1709.0832254455092
31744072,DAVIS-LACY 31A,201H,hyperbolic,79,1689.1883033226834
31744072,DAVIS-LACY 31A,201H,hyperbolic,80,1669.763777470376
31744072,DAVIS-LACY 31A,201H,hyperbolic,81,1650.7930149894098
31744072,DAVIS-LACY 31A,201H,hyperbolic,82,1632.260161347678
31744072,DAVIS-LACY 31A,201H,hyperbolic,83,1614.1500952610768
31744072,DAVIS-LACY 31A,201H,hyperbolic,84,1596.4483866821115
31744072,DAVIS-LACY 31A,201H,hyperbolic,85,1579.1412576489886
31744072,DAVIS-LACY 31A,201H,hyperbolic,86,1562.21554577026
31744072,DAVIS-LACY 31A,201H,hyperbolic,87,1545.6586701400795
31744072,DAVIS-LACY 31A,201H,hyperbolic,88,1529.4585994971728
31744072,DAVIS-LACY 31A,201H,hyperbolic,89,1513.603822456866
31744072,DAVIS-LACY 31A,201H,hyperbolic,90,1498.0833196602237
31744072,DAVIS-LACY 31A,201H,hyperbolic,91,1482.8865376976084
31744072,DAVIS-LACY 31A,201H,hyperbolic,92,1468.003364676007
31744072,DAVIS-LACY 31A,201H,hyperbolic,93,1453.4241073103412
31744072,DAVIS-LACY 31A,201H,hyperbolic,94,1439.1394694288822
31744072,DAVIS-LACY 31A,201H,hyperbolic,95,1425.1405317918482
31744072,DAVIS-LACY 31A,201H,hyperbolic,96,1411.4187331304122
31744072,DAVIS-LACY 31A,201H,hyperbolic,97,1397.9658523207831
31744072,DAVIS-LACY 31A,201H,hyperbolic,98,1384.7739916147784
31744072,DAVIS-LACY 31A,201H,hyperbolic,99,1371.8355608544575
31744072,DAVIS-LACY 31A,201H,hyperbolic,100,1359.1432626040232
31744072,DAVIS-LACY 31A,201H,hyperbolic,101,1346.690078137331
31744072,DAVIS-LACY 31A,201H,hyperbolic,102,1334.469254224035
31744072,DAVIS-LACY 31A,201H,hyperbolic,103,1322.4742906617096
31744072,DAVIS-LACY 31A,201H,hyperbolic,104,1310.6989285052068
31744072,DAVIS-LACY 31A,201H,hyperbolic,105,1299.1371389481374
31744072,DAVIS-LACY 31A,201H,hyperbolic,106,1287.7831128146447
31744072,DAVIS-LACY 31A,201H,hyperbolic,107,1276.6312506227125
31744072,DAVIS-LACY 31A,201H,hyperbolic,108,1265.6761531830157
31744072,DAVIS-LACY 31A,201H,hyperbolic,109,1254.9126126998988
31744072,DAVIS-LACY 31A,201H,hyperbolic,110,1244.335604343436
31744072,DAVIS-LACY 31A,201H,hyperbolic,111,1233.9402782636985
31744072,DAVIS-LACY 31A,201H,hyperbolic,112,1223.7219520203578
31744072,DAVIS-LACY 31A,201H,hyperbolic,113,1213.676103402616
31744072,DAVIS-LACY 31A,201H,hyperbolic,114,1203.7983636161532
31744072,DAVIS-LACY 31A,201H,hyperbolic,115,1194.08451081536
31744072,DAVIS-LACY 31A,201H,hyperbolic,116,1184.5304639605943
31744072,DAVIS-LACY 31A,201H,hyperbolic,117,1175.132276981533
31744072,DAVIS-LACY 31A,201H,hyperbolic,118,1165.8861332289587
31744072,DAVIS-LACY 31A,201H,hyperbolic,119,1156.7883401984568
31744072,DAVIS-LACY 31A,201H,hyperbolic,120,1147.8353245105955
31743816,SCHARBAUER-DOVE 7D,4H,hyperbolic,34,5183.974740232228
31743816,SCHARBAUER-DOVE 7D,4H,hyperbolic,35,5131.888565353176
31743816,SCHARBAUER-DOVE 7D,4H,hyperbolic,36,5081.091317025164
31743816,SCHARBAUER-DOVE 7D,4H,hyperbolic,37,5031.532708262897
31743816,SCHARBAUER-DOVE 7D,4H,hyperbolic,38,4983.165110848389
31743816,SCHARBAUER-DOVE 7D,4H,hyperbolic,39,4935.94337896076
31743816,SCHARBAUER-DOVE 7D,4H,hyperbolic,40,4889.824686813626
31743816,SCHARBAUER-DOVE 7D,4H,hyperbolic,41,4844.768379009332
31743816,SCHARBAUER-DOVE 7D,4H,hyperbolic,42,4800.735832454202
31743816,SCHARBAUER-DOVE 7D,4H,hyperbolic,43,4757.690328798151
31743816,SCHARBAUER-DOVE 7D,4H,hyperbolic,44,4715.596936467516
31743816,SCHARBAUER-DOVE 7D,4H,hyperbolic,45,4674.422401453411
31743816,SCHARBAUER-DOVE 7D,4H,hyperbolic,46,4634.135046101004
31743816,SCHARBAUER-DOVE 7D,4H,hyperbolic,47,4594.704675218903
31743816,SCHARBAUER-DOVE 7D,4H,hyperbolic,48,4556.102488893641
31743816,SCHARBAUER-DOVE 7D,4H,hyperbolic,49,4518.301001452941
31743816,SCHARBAUER-DOVE 7D,4H,hyperbolic,50,4481.273966073853
31743816,SCHARBAUER-DOVE 7D,4H,hyperbolic,51,4444.996304578777
31743816,SCHARBAUER-DOVE 7D,4H,hyperbolic,52,4409.444042004418
31743816,SCHARBAUER-DOVE 7D,4H,hyperbolic,53,4374.594245566445
31743816,SCHARBAUER-DOVE 7D,4H,hyperbolic,54,4340.4249676765
31743816,SCHARBAUER-DOVE 7D,4H,hyperbolic,55,4306.915192698694
31743816,SCHARBAUER-DOVE 7D,4H,hyperbolic,56,4274.044787160179
31743816,SCHARBAUER-DOVE 7D,4H,hyperbolic,57,4241.7944531551675
31743816,SCHARBAUER-DOVE 7D,4H,hyperbolic,58,4210.1456847041245
31743816,SCHARBAUER-DOVE 7D,4H,hyperbolic,59,4179.080726850069
31743816,SCHARBAUER-DOVE 7D,4H,hyperbolic,60,4148.58253729224
31743816,SCHARBAUER-DOVE 7D,4H,hyperbolic,61,4118.634750373952
31743816,SCHARBAUER-DOVE 7D,4H,hyperbolic,62,4089.2216432565147
31743816,SCHARBAUER-DOVE 7D,4H,hyperbolic,63,4060.328104124753
31743816,SCHARBAUER-DOVE 7D,4H,hyperbolic,64,4031.9396022820697
31743816,SCHARBAUER-DOVE 7D,4H,hyperbolic,65,4004.042160004332
31743816,SCHARBAUER-DOVE 7D,4H,hyperbolic,66,3976.6223260321103
31743816,SCHARBAUER-DOVE 7D,4H,hyperbolic,67,3949.667150590226
31743816,SCHARBAUER-DOVE 7D,4H,hyperbolic,68,3923.164161832126
31743816,SCHARBAUER-DOVE 7D,4H,hyperbolic,69,3897.101343614407
31743816,SCHARBAUER-DOVE 7D,4H,hyperbolic,70,3871.467114514021
31743816,SCHARBAUER-DOVE 7D,4H,hyperbolic,71,3846.2503080071906
31743816,SCHARBAUER-DOVE 7D,4H,hyperbolic,72,3821.4401537351196
31743816,SCHARBAUER-DOVE 7D,4H,hyperbolic,73,3797.026259787054
31743816,SCHARBAUER-DOVE 7D,4H,hyperbolic,74,3772.9985959363185
31743816,SCHARBAUER-DOVE 7D,4H,hyperbolic,75,3749.347477769584
31743816,SCHARBAUER-DOVE 7D,4H,hyperbolic,76,3726.06355165391
31743816,SCHARBAUER-DOVE 7D,4H,hyperbolic,77,3703.1377804899885
31743816,SCHARBAUER-DOVE 7D,4H,hyperbolic,78,3680.56143020369
31743816,SCHARBAUER-DOVE 7D,4H,hyperbolic,79,3658.3260569312774
31743816,SCHARBAUER-DOVE 7D,4H,hyperbolic,80,3636.4234948567764
31743816,SCHARBAUER-DOVE 7D,4H,hyperbolic,81,3614.8458446627997
31743816,SCHARBAUER-DOVE 7D,4H,hyperbolic,82,3593.585462558737
31743816,SCHARBAUER-DOVE 7D,4H,hyperbolic,83,3572.6349498526665
31743816,SCHARBAUER-DOVE 7D,4H,hyperbolic,84,3551.9871430355456
31743816,SCHARBAUER-DOVE 7D,4H,hyperbolic,85,3531.6351043483373
31743816,SCHARBAUER-DOVE 7D,4H,hyperbolic,86,3511.5721128046416
31743816,SCHARBAUER-DOVE 7D,4H,hyperbolic,87,3491.791655643158
31743816,SCHARBAUER-DOVE 7D,4H,hyperbolic,88,3472.2874201859872
31743816,SCHARBAUER-DOVE 7D,4H,hyperbolic,89,3453.0532860802746
31743816,SCHARBAUER-DOVE 7D,4H,hyperbolic,90,3434.083317902154
31743816,SCHARBAUER-DOVE 7D,4H,hyperbolic,91,3415.3717581032265
31743816,SCHARBAUER-DOVE 7D,4H,hyperbolic,92,3396.91302028109
31743816,SCHARBAUER-DOVE 7D,4H,hyperbolic,93,3378.7016827565194
31743816,SCHARBAUER-DOVE 7D,4H,hyperbolic,94,3360.732482441007
31743816,SCHARBAUER-DOVE 7D,4H,hyperbolic,95,3343.0003089793345
31743816,SCHARBAUER-DOVE 7D,4H,hyperbolic,96,3325.5001991527834
31743816,SCHARBAUER-DOVE 7D,4H,hyperbolic,97,3308.227331529435
31743816,SCHARBAUER-DOVE 7D,4H,hyperbolic,98,3291.17702134885
31743816,SCHARBAUER-DOVE 7D,4H,hyperbolic,99,3274.3447156291018
31743816,SCHARBAUER-DOVE 7D,4H,hyperbolic,100,3257.7259884849204
31743816,SCHARBAUER-DOVE 7D,4H,hyperbolic,101,3241.316536646279
31743816,SCHARBAUER-DOVE 7D,4H,hyperbolic,102,3225.1121751674245
31743816,SCHARBAUER-DOVE 7D,4H,hyperbolic,103,3209.1088333168896
31743816,SCHARBAUER-DOVE 7D,4H,hyperbolic,104,3193.3025506395734
31743816,SCHARBAUER-DOVE 7D,4H,hyperbolic,105,3177.6894731824873
31743816,SCHARBAUER-DOVE 7D,4H,hyperbolic,106,3162.265849876211
31743816,SCHARBAUER-DOVE 7D,4H,hyperbolic,107,3147.0280290645555
31743816,SCHARBAUER-DOVE 7D,4H,hyperbolic,108,3131.972455175357
31743816,SCHARBAUER-DOVE 7D,4H,hyperbolic,109,3117.0956655256764
31743816,SCHARBAUER-DOVE 7D,4H,hyperbolic,110,3102.394287255085
31743816,SCHARBAUER-DOVE 7D,4H,hyperbolic,111,3087.8650343810255
31743816,SCHARBAUER-DOVE 7D,4H,hyperbolic,112,3073.504704970573
31743816,SCHARBAUER-DOVE 7D,4H,hyperbolic,113,3059.3101784232304
31743816,SCHARBAUER-DOVE 7D,4H,hyperbolic,114,3045.278412859646
31743816,SCHARBAUER-DOVE 7D,4H,hyperbolic,115,3031.4064426114464
31743816,SCHARBAUER-DOVE 7D,4H,hyperbolic,116,3017.6913758076053
31743816,SCHARBAUER-DOVE 7D,4H,hyperbolic,117,3004.130392052997
31743816,SCHARBAUER-DOVE 7D,4H,hyperbolic,118,2990.7207401950423
31743816,SCHARBAUER-DOVE 7D,4H,hyperbolic,119,2977.459736174522
31743816,SCHARBAUER-DOVE 7D,4H,hyperbolic,120,2964.344760956858
31743818,SCHARBAUER-DOVE 7F,6H,hyperbolic,34,4067.261022067599
31743818,SCHARBAUER-DOVE 7F,6H,hyperbolic,35,3972.583414585508
31743818,SCHARBAUER-DOVE 7F,6H,hyperbolic,36,3880.2807150274107
31743818,SCHARBAUER-DOVE 7F,6H,hyperbolic,37,3790.289077184344
31743818,SCHARBAUER-DOVE 7F,6H,hyperbolic,38,3702.546485734013
31743818,SCHARBAUER-DOVE 7F,6H,hyperbolic,39,3616.992700466962
31743818,SCHARBAUER-DOVE 7F,6H,hyperbolic,40,3533.5692023109777
31743818,SCHARBAUER-DOVE 7F,6H,hyperbolic,41,3452.219141092618
31743818,SCHARBAUER-DOVE 7F,6H,hyperbolic,42,3372.8872849768813
31743818,SCHARBAUER-DOVE 7F,6H,hyperbolic,43,3295.5199715281324
31743818,SCHARBAUER-DOVE 7F,6H,hyperbolic,44,3220.065060337441
31743818,SCHARBAUER-DOVE 7F,6H,hyperbolic,45,3146.4718871634477
31743818,SCHARBAUER-DOVE 7F,6H,hyperbolic,46,3074.6912195357227
31743818,SCHARBAUER-DOVE 7F,6H,hyperbolic,47,3004.675213771431
31743818,SCHARBAUER-DOVE 7F,6H,hyperbolic,48,2936.3773733578228
31743818,SCHARBAUER-DOVE 7F,6H,hyperbolic,49,2869.752508654767
31743818,SCHARBAUER-DOVE 7F,6H,hyperbolic,50,2804.7566978731584
31743818,SCHARBAUER-DOVE 7F,6H,hyperbolic,51,2741.3472492865703
31743818,SCHARBAUER-DOVE 7F,6H,hyperbolic,52,2679.482664635038
31743818,SCHARBAUER-DOVE 7F,6H,hyperbolic,53,2619.122603681296
31743818,SCHARBAUER-DOVE 7F,6H,hyperbolic,54,2560.2278498811743
31743818,SCHARBAUER-DOVE 7F,6H,hyperbolic,55,2502.7602771312054
31743818,SCHARBAUER-DOVE 7F,6H,hyperbolic,56,2446.682817557781
31743818,SCHARBAUER-DOVE 7F,6H,hyperbolic,57,2391.959430313439
31743818,SCHARBAUER-DOVE 7F,6H,hyperbolic,58,2338.55507134705
31743818,SCHARBAUER-DOVE 7F,6H,hyperbolic,59,2286.4356641158442
31743818,SCHARBAUER-DOVE 7F,6H,hyperbolic,60,2235.568071208331
31743818,SCHARBAUER-DOVE 7F,6H,hyperbolic,61,2185.920066848157
31743818,SCHARBAUER-DOVE 7F,6H,hyperbolic,62,2137.4603102501496
31743818,SCHARBAUER-DOVE 7F,6H,hyperbolic,63,2090.1583198005974
31743818,SCHARBAUER-DOVE 7F,6H,hyperbolic,64,2043.9844480349018
31743818,SCHARBAUER-DOVE 7F,6H,hyperbolic,65,1998.9098573866102
31743818,SCHARBAUER-DOVE 7F,6H,hyperbolic,66,1954.9064966827464
31743818,SCHARBAUER-DOVE 7F,6H,hyperbolic,67,1911.9470783611982
31743818,SCHARBAUER-DOVE 7F,6H,hyperbolic,68,1870.0050563867653
31743818,SCHARBAUER-DOVE 7F,6H,hyperbolic,69,1829.0546048432611
31743818,SCHARBAUER-DOVE 7F,6H,hyperbolic,70,1789.0705971798304
31743818,SCHARBAUER-DOVE 7F,6H,hyperbolic,71,1750.0285860903896
31743818,SCHARBAUER-DOVE 7F,6H,hyperbolic,72,1711.9047840058113
31743818,SCHARBAUER-DOVE 7F,6H,hyperbolic,73,1674.6760441791646
31743818,SCHARBAUER-DOVE 7F,6H,hyperbolic,74,1638.3198423449876
31743818,SCHARBAUER-DOVE 7F,6H,hyperbolic,75,1602.8142589342121
31743818,SCHARBAUER-DOVE 7F,6H,hyperbolic,76,1568.1379618269787
31743818,SCHARBAUER-DOVE 7F,6H,hyperbolic,77,1534.2701896261742
31743818,SCHARBAUER-DOVE 7F,6H,hyperbolic,78,1501.190735435111
31743818,SCHARBAUER-DOVE 7F,6H,hyperbolic,79,1468.8799311233074
31743818,SCHARBAUER-DOVE 7F,6H,hyperbolic,80,1437.3186320648747
31743818,SCHARBAUER-DOVE 7F,6H,hyperbolic,81,1406.4882023345572
31743818,SCHARBAUER-DOVE 7F,6H,hyperbolic,82,1376.3705003468647
31743818,SCHARBAUER-DOVE 7F,6H,hyperbolic,83,1346.9478649244506
31743818,SCHARBAUER-DOVE 7F,6H,hyperbolic,84,1318.2031017820243
31743818,SCHARBAUER-DOVE 7F,6H,hyperbolic,85,1290.1194704128584
31743818,SCHARBAUER-DOVE 7F,6H,hyperbolic,86,1262.6806713651667
31743818,SCHARBAUER-DOVE 7F,6H,hyperbolic,87,1235.8708338961435
31743818,SCHARBAUER-DOVE 7F,6H,hyperbolic,88,1209.6745039918355
31743818,SCHARBAUER-DOVE 7F,6H,hyperbolic,89,1184.0766327414046
31743818,SCHARBAUER-DOVE 7F,6H,hyperbolic,90,1159.0625650547238
31743818,SCHARBAUER-DOVE 7F,6H,hyperbolic,91,1134.6180287126049
31743818,SCHARBAUER-DOVE 7F,6H,hyperbolic,92,1110.7291237393122
31743818,SCHARBAUER-DOVE 7F,6H,hyperbolic,93,1087.3823120873496
31743818,SCHARBAUER-DOVE 7F,6H,hyperbolic,94,1064.5644076248464
31743818,SCHARBAUER-DOVE 7F,6H,hyperbolic,95,1042.2625664161646
31743818,SCHARBAUER-DOVE 7F,6H,hyperbolic,96,1020.4642772866781
31743818,SCHARBAUER-DOVE 7F,6H,hyperbolic,97,999.1573526629477
31743818,SCHARBAUER-DOVE 7F,6H,hyperbolic,98,978.3299196798172
31743818,SCHARBAUER-DOVE 7F,6H,hyperbolic,99,957.9704115462174
31743818,SCHARBAUER-DOVE 7F,6H,hyperbolic,100,938.0675591617403
31743818,SCHARBAUER-DOVE 7F,6H,hyperbolic,101,918.6103829762975
31743818,SCHARBAUER-DOVE 7F,6H,hyperbolic,102,899.5881850854232
31743818,SCHARBAUER-DOVE 7F,6H,hyperbolic,103,880.9905415540278
31743818,SCHARBAUER-DOVE 7F,6H,hyperbolic,104,862.8072949616311
31743818,SCHARBAUER-DOVE 7F,6H,hyperbolic,105,845.0285471623336
31743818,SCHARBAUER-DOVE 7F,6H,hyperbolic,106,827.6446522530099
31743818,SCHARBAUER-DOVE 7F,6H,hyperbolic,107,810.6462097433653
31743818,SCHARBAUER-DOVE 7F,6H,hyperbolic,108,794.0240579218158
31743818,SCHARBAUER-DOVE 7F,6H,hyperbolic,109,777.7692674111762
31743818,SCHARBAUER-DOVE 7F,6H,hyperbolic,110,761.8731349084992
31743818,SCHARBAUER-DOVE 7F,6H,hyperbolic,111,746.3271771034742
31743818,SCHARBAUER-DOVE 7F,6H,hyperbolic,112,731.1231247700239
31743818,SCHARBAUER-DOVE 7F,6H,hyperbolic,113,716.2529170258904
31743818,SCHARBAUER-DOVE 7F,6H,hyperbolic,114,701.708695755174
31743818,SCHARBAUER-DOVE 7F,6H,hyperbolic,115,687.4828001889392
31743818,SCHARBAUER-DOVE 7F,6H,hyperbolic,116,673.5677616391654
31743818,SCHARBAUER-DOVE 7F,6H,hyperbolic,117,659.9562983814593
31743818,SCHARBAUER-DOVE 7F,6H,hyperbolic,118,646.6413106820985
31743818,SCHARBAUER-DOVE 7F,6H,hyperbolic,119,633.6158759651072
31743818,SCHARBAUER-DOVE 7F,6H,hyperbolic,120,620.8732441152056
31743759,GLYNN-ATCHISON 44L,212H,hyperbolic,34,2293.7058573693325
31743759,GLYNN-ATCHISON 44L,212H,hyperbolic,35,2259.2832878196195
31743759,GLYNN-ATCHISON 44L,212H,hyperbolic,36,2226.123786087513
31743759,GLYNN-ATCHISON 44L,212H,hyperbolic,37,2194.1547953900663
31743759,GLYNN-ATCHISON 44L,212H,hyperbolic,38,2163.3093691821555
31743759,GLYNN-ATCHISON 44L,212H,hyperbolic,39,2133.5256304495742
31743759,GLYNN-ATCHISON 44L,212H,hyperbolic,40,2104.7462930019483
31743759,GLYNN-ATCHISON 44L,212H,hyperbolic,41,2076.9182365675374
31743759,GLYNN-ATCHISON 44L,212H,hyperbolic,42,2049.992128714321
31743759,GLYNN-ATCHISON 44L,212H,hyperbolic,43,2023.9220876420193
31743759,GLYNN-ATCHISON 44L,212H,hyperbolic,44,1998.6653807443943
31743759,GLYNN-ATCHISON 44L,212H,hyperbolic,45,1974.1821545597868
31743759,GLYNN-ATCHISON 44L,212H,hyperbolic,46,1950.4351923340528
31743759,GLYNN-ATCHISON 44L,212H,hyperbolic,47,1927.3896959331498
31743759,GLYNN-ATCHISON 44L,212H,hyperbolic,48,1905.0130892782759
31743759,GLYNN-ATCHISON 44L,212H,hyperbolic,49,1883.2748408474768
31743759,GLYNN-ATCHISON 44L,212H,hyperbolic,50,1862.1463031045384
31743759,GLYNN-ATCHISON 44L,212H,hyperbolic,51,1841.6005669874223
31743759,GLYNN-ATCHISON 44L,212H,hyperbolic,52,1821.6123298216473
31743759,GLYNN-ATCHISON 44L,212H,hyperbolic,53,1802.157775224784
31743759,GLYNN-ATCHISON 44L,212H,hyperbolic,54,1783.2144637415656
31743759,GLYNN-ATCHISON 44L,212H,hyperbolic,55,1764.7612330991337
31743759,GLYNN-ATCHISON 44L,212H,hyperbolic,56,1746.7781071020718
31743759,GLYNN-ATCHISON 44L,212H,hyperbolic,57,1729.2462123000453
31743759,GLYNN-ATCHISON 44L,212H,hyperbolic,58,1712.1477016594704
31743759,GLYNN-ATCHISON 44L,212H,hyperbolic,59,1695.4656845567654
31743759,GLYNN-ATCHISON 44L,212H,hyperbolic,60,1679.1841624860983
31743759,GLYNN-ATCHISON 44L,212H,hyperbolic,61,1663.287969940643
31743759,GLYNN-ATCHISON 44L,212H,hyperbolic,62,1647.7627199844294
31743759,GLYNN-ATCHISON 44L,212H,hyperbolic,63,1632.5947540829934
31743759,GLYNN-ATCHISON 44L,212H,hyperbolic,64,1617.771095806122
31743759,GLYNN-ATCHISON 44L,212H,hyperbolic,65,1603.2794080558324
31743759,GLYNN-ATCHISON 44L,212H,hyperbolic,66,1589.107953507971
31743759,GLYNN-ATCHISON 44L,212H,hyperbolic,67,1575.2455579870943
31743759,GLYNN-ATCHISON 44L,212H,hyperbolic,68,1561.681576522045
31743759,GLYNN-ATCHISON 44L,212H,hyperbolic,69,1548.4058618543297
31743759,GLYNN-ATCHISON 44L,212H,hyperbolic,70,1535.4087351934195
31743759,GLYNN-ATCHISON 44L,212H,hyperbolic,71,1522.6809590326884
31743759,GLYNN-ATCHISON 44L,212H,hyperbolic,72,1510.2137118572946
31743759,GLYNN-ATCHISON 44L,212H,hyperbolic,73,1497.9985645909426
31743759,GLYNN-ATCHISON 44L,212H,hyperbolic,74,1486.0274586425903
31743759,GLYNN-ATCHISON 44L,212H,hyperbolic,75,1474.2926854267325
31743759,GLYNN-ATCHISON 44L,212H,hyperbolic,76,1462.7868672422705
31743759,GLYNN-ATCHISON 44L,212H,hyperbolic,77,1451.502939405154
31743759,GLYNN-ATCHISON 44L,212H,hyperbolic,78,1440.4341335391903
31743759,GLYNN-ATCHISON 44L,212H,hyperbolic,79,1429.5739619376957
31743759,GLYNN-ATCHISON 44L,212H,hyperbolic,80,1418.916202916155
31743759,GLYNN-ATCHISON 44L,212H,hyperbolic,81,1408.4548870828203
31743759,GLYNN-ATCHISON 44L,212H,hyperbolic,82,1398.1842844603152
31743759,GLYNN-ATCHISON 44L,212H,hyperbolic,83,1388.098892396854
31743759,GLYNN-ATCHISON 44L,212H,hyperbolic,84,1378.1934242107307
31743759,GLYNN-ATCHISON 44L,212H,hyperbolic,85,1368.4627985163045
31743759,GLYNN-ATCHISON 44L,212H,hyperbolic,86,1358.9021291838656
31743759,GLYNN-ATCHISON 44L,212H,hyperbolic,87,1349.5067158895597
31743759,GLYNN-ATCHISON 44L,212H,hyperbolic,88,1340.2720352149865
31743759,GLYNN-ATCHISON 44L,212H,hyperbolic,89,1331.1937322592455
31743759,GLYNN-ATCHISON 44L,212H,hyperbolic,90,1322.2676127290617
31743759,GLYNN-ATCHISON 44L,212H,hyperbolic,91,1313.4896354752573
31743759,GLYNN-ATCHISON 44L,212H,hyperbolic,92,1304.855905446226
31743759,GLYNN-ATCHISON 44L,212H,hyperbolic,93,1296.3626670312726
31743759,GLYNN-ATCHISON 44L,212H,hyperbolic,94,1288.0062977686785
31743759,GLYNN-ATCHISON 44L,212H,hyperbolic,95,1279.783302395217
31743759,GLYNN-ATCHISON 44L,212H,hyperbolic,96,1271.6903072155185
31743759,GLYNN-ATCHISON 44L,212H,hyperbolic,97,1263.7240547712506
31743759,GLYNN-ATCHISON 44L,212H,hyperbolic,98,1255.8813987915107
31743759,GLYNN-ATCHISON 44L,212H,hyperbolic,99,1248.159299407133
31743759,GLYNN-ATCHISON 44L,212H,hyperbolic,100,1240.5548186128349
31743759,GLYNN-ATCHISON 44L,212H,hyperbolic,101,1233.0651159622407
31743759,GLYNN-ATCHISON 44L,212H,hyperbolic,102,1225.687444481842
31743759,GLYNN-ATCHISON 44L,212H,hyperbolic,103,1218.4191467909218
31743759,GLYNN-ATCHISON 44L,212H,hyperbolic,104,1211.257651415327
31743759,GLYNN-ATCHISON 44L,212H,hyperbolic,105,1204.2004692838004
31743759,GLYNN-ATCHISON 44L,212H,hyperbolic,106,1197.2451903963265
31743759,GLYNN-ATCHISON 44L,212H,hyperbolic,107,1190.3894806546396
31743759,GLYNN-ATCHISON 44L,212H,hyperbolic,108,1183.6310788456885
31743759,GLYNN-ATCHISON 44L,212H,hyperbolic,109,1176.9677937694485
31743759,GLYNN-ATCHISON 44L,212H,hyperbolic,110,1170.397501503019
31743759,GLYNN-ATCHISON 44L,212H,hyperbolic,111,1163.9181427934639
31743759,GLYNN-ATCHISON 44L,212H,hyperbolic,112,1157.527720572328
31743759,GLYNN-ATCHISON 44L,212H,hyperbolic,113,1151.2242975851993
31743759,GLYNN-ATCHISON 44L,212H,hyperbolic,114,1145.0059941301054
31743759,GLYNN-ATCHISON 44L,212H,hyperbolic,115,1138.870985898914
31743759,GLYNN-ATCHISON 44L,212H,hyperbolic,116,1132.8175019162568
31743759,GLYNN-ATCHISON 44L,212H,hyperbolic,117,1126.8438225708423
31743759,GLYNN-ATCHISON 44L,212H,hyperbolic,118,1120.948277734317
31743759,GLYNN-ATCHISON 44L,212H,hyperbolic,119,1115.1292449631305
31743759,GLYNN-ATCHISON 44L,212H,hyperbolic,120,1109.3851477791363
31744060,EPLEY-MARTIN 31G,107H,hyperbolic,34,2542.469237201548
31744060,EPLEY-MARTIN 31G,107H,hyperbolic,35,2474.4785987391615
31744060,EPLEY-MARTIN 31G,107H,hyperbolic,36,2410.0245161172766
31744060,EPLEY-MARTIN 31G,107H,hyperbolic,37,2348.8381781092407
31744060,EPLEY-MARTIN 31G,107H,hyperbolic,38,2290.6773370622477
31744060,EPLEY-MARTIN 31G,107H,hyperbolic,39,2235.323107215017
31744060,EPLEY-MARTIN 31G,107H,hyperbolic,40,2182.5772151505234
31744060,EPLEY-MARTIN 31G,107H,hyperbolic,41,2132.259629609989
31744060,EPLEY-MARTIN 31G,107H,hyperbolic,42,2084.2065109795826
31744060,EPLEY-MARTIN 31G,107H,hyperbolic,43,2038.2684312578433
31744060,EPLEY-MARTIN 31G,107H,hyperbolic,44,1994.3088237765587
31744060,EPLEY-MARTIN 31G,107H,hyperbolic,45,1952.2026288084287
31744060,EPLEY-MARTIN 31G,107H,hyperbolic,46,1911.835106782204
31744060,EPLEY-MARTIN 31G,107H,hyperbolic,47,1873.10079539726
31744060,EPLEY-MARTIN 31G,107H,hyperbolic,48,1835.9025906860609
31744060,EPLEY-MARTIN 31G,107H,hyperbolic,49,1800.150935172864
31744060,EPLEY-MARTIN 31G,107H,hyperbolic,50,1765.7630988454223
31744060,EPLEY-MARTIN 31G,107H,hyperbolic,51,1732.6625407926967
31744060,EPLEY-MARTIN 31G,107H,hyperbolic,52,1700.7783411450268
31744060,EPLEY-MARTIN 31G,107H,hyperbolic,53,1670.0446944473674
31744060,EPLEY-MARTIN 31G,107H,hyperbolic,54,1640.4004568523253
31744060,EPLEY-MARTIN 31G,107H,hyperbolic,55,1611.7887405791998
31744060,EPLEY-MARTIN 31G,107H,hyperbolic,56,1584.1565499816788
31744060,EPLEY-MARTIN 31G,107H,hyperbolic,57,1557.45445432767
31744060,EPLEY-MARTIN 31G,107H,hyperbolic,58,1531.6362930423647
31744060,EPLEY-MARTIN 31G,107H,hyperbolic,59,1506.6589097184733
31744060,EPLEY-MARTIN 31G,107H,hyperbolic,60,1482.4819116707652
31744060,EPLEY-MARTIN 31G,107H,hyperbolic,61,1459.0674522181864
31744060,EPLEY-MARTIN 31G,107H,hyperbolic,62,1436.3800332262647
31744060,EPLEY-MARTIN 31G,107H,hyperbolic,63,1414.3863257439377
31744060,EPLEY-MARTIN 31G,107H,hyperbolic,64,1393.0550068295565
31744060,EPLEY-MARTIN 31G,107H,hyperbolic,65,1372.3566108866826
31744060,EPLEY-MARTIN 31G,107H,hyperbolic,66,1352.2633940264707
31744060,EPLEY-MARTIN 31G,107H,hyperbolic,67,1332.7492101442142
31744060,EPLEY-MARTIN 31G,107H,hyperbolic,68,1313.7893975465784
31744060,EPLEY-MARTIN 31G,107H,hyperbolic,69,1295.360675096272
31744060,EPLEY-MARTIN 31G,107H,hyperbolic,70,1277.4410469549491
31744060,EPLEY-MARTIN 31G,107H,hyperbolic,71,1260.0097151051984
31744060,EPLEY-MARTIN 31G,107H,hyperbolic,72,1243.0469989204748
31744060,EPLEY-MARTIN 31G,107H,hyperbolic,73,1226.5342611293138
31744060,EPLEY-MARTIN 31G,107H,hyperbolic,74,1210.4538395885431
31744060,EPLEY-MARTIN 31G,107H,hyperbolic,75,1194.7889843406435
31744060,EPLEY-MARTIN 31G,107H,hyperbolic,76,1179.523799483907
31744060,EPLEY-MARTIN 31G,107H,hyperbolic,77,1164.6431894314876
31744060,EPLEY-MARTIN 31G,107H,hyperbolic,78,1150.1328091775797
31744060,EPLEY-MARTIN 31G,107H,hyperbolic,79,1135.9790182264414
31744060,EPLEY-MARTIN 31G,107H,hyperbolic,80,1122.1688378733716
31744060,EPLEY-MARTIN 31G,107H,hyperbolic,81,1108.6899115565523
31744060,EPLEY-MARTIN 31G,107H,hyperbolic,82,1095.5304680252739
31744060,EPLEY-MARTIN 31G,107H,hyperbolic,83,1082.6792870938937
31744060,EPLEY-MARTIN 31G,107H,hyperbolic,84,1070.1256677722008
31744060,EPLEY-MARTIN 31G,107H,hyperbolic,85,1057.8593985820178
31744060,EPLEY-MARTIN 31G,107H,hyperbolic,86,1045.870729887055
31744060,EPLEY-MARTIN 31G,107H,hyperbolic,87,1034.1503480785043
31744060,EPLEY-MARTIN 31G,107H,hyperbolic,88,1022.6893514727874
31744060,EPLEY-MARTIN 31G,107H,hyperbolic,89,1011.4792277904279
31744060,EPLEY-MARTIN 31G,107H,hyperbolic,90,1000.5118330963552
31744060,EPLEY-MARTIN 31G,107H,hyperbolic,91,989.7793720921918
31744060,EPLEY-MARTIN 31G,107H,hyperbolic,92,979.2743796603405
31744060,EPLEY-MARTIN 31G,107H,hyperbolic,93,968.9897035680888
31744060,EPLEY-MARTIN 31G,107H,hyperbolic,94,958.9184882475508
31744060,EPLEY-MARTIN 31G,107H,hyperbolic,95,949.0541595741847
31744060,EPLEY-MARTIN 31G,107H,hyperbolic,96,939.3904105728936
31744060,EPLEY-MARTIN 31G,107H,hyperbolic,97,929.9211879864316
31744060,EPLEY-MARTIN 31G,107H,hyperbolic,98,920.6406796460334
31744060,EPLEY-MARTIN 31G,107H,hyperbolic,99,911.5433025889204
31744060,EPLEY-MARTIN 31G,107H,hyperbolic,100,902.6236918716619
31744060,EPLEY-MARTIN 31G,107H,hyperbolic,101,893.8766900323105
31744060,EPLEY-MARTIN 31G,107H,hyperbolic,102,885.2973371578395
31744060,EPLEY-MARTIN 31G,107H,hyperbolic,103,876.8808615167031
31744060,EPLEY-MARTIN 31G,107H,hyperbolic,104,868.622670719366
31744060,EPLEY-MARTIN 31G,107H,hyperbolic,105,860.5183433724086
31744060,EPLEY-MARTIN 31G,107H,hyperbolic,106,852.5636211943513
31744060,EPLEY-MARTIN 31G,107H,hyperbolic,107,844.7544015636763
31744060,EPLEY-MARTIN 31G,107H,hyperbolic,108,837.0867304716521
31744060,EPLEY-MARTIN 31G,107H,hyperbolic,109,829.5567958545422
31744060,EPLEY-MARTIN 31G,107H,hyperbolic,110,822.1609212815824
31744060,EPLEY-MARTIN 31G,107H,hyperbolic,111,814.8955599767764
31744060,EPLEY-MARTIN 31G,107H,hyperbolic,112,807.7572891540943
31744060,EPLEY-MARTIN 31G,107H,hyperbolic,113,800.7428046470754
31744060,EPLEY-MARTIN 31G,107H,hyperbolic,114,793.8489158151352
31744060,EPLEY-MARTIN 31G,107H,hyperbolic,115,787.0725407100907
31744060,EPLEY-MARTIN 31G,107H,hyperbolic,116,780.410701487523
31744060,EPLEY-MARTIN 31G,107H,hyperbolic,117,773.8605200486338
31744060,EPLEY-MARTIN 31G,107H,hyperbolic,118,767.4192138991971
31744060,EPLEY-MARTIN 31G,107H,hyperbolic,119,761.0840922130981
31744060,EPLEY-MARTIN 31G,107H,hyperbolic,120,754.8525520887613
31744063,EPLEY-MARTIN 31H,108H,hyperbolic,34,4259.0043066095195
31744063,EPLEY-MARTIN 31H,108H,hyperbolic,35,4237.817401352888
31744063,EPLEY-MARTIN 31H,108H,hyperbolic,36,4216.741135090028
31744063,EPLEY-MARTIN 31H,108H,hyperbolic,37,4195.774902697108
31744063,EPLEY-MARTIN 31H,108H,hyperbolic,38,4174.918102509505
31744063,EPLEY-MARTIN 31H,108H,hyperbolic,39,4154.170136301132
31744063,EPLEY-MARTIN 31H,108H,hyperbolic,40,4133.530409264037
31744063,EPLEY-MARTIN 31H,108H,hyperbolic,41,4112.998329987981
31744063,EPLEY-MARTIN 31H,108H,hyperbolic,42,4092.5733104401297
31744063,EPLEY-MARTIN 31H,108H,hyperbolic,43,4072.254765945046
31744063,EPLEY-MARTIN 31H,108H,hyperbolic,44,4052.042115164635
31744063,EPLEY-MARTIN 31H,108H,hyperbolic,45,4031.9347800782175
31744063,EPLEY-MARTIN 31H,108H,hyperbolic,46,4011.932185962891
31744063,EPLEY-MARTIN 31H,108H,hyperbolic,47,3992.0337613738457
31744063,EPLEY-MARTIN 31H,108H,hyperbolic,48,3972.2389381248054
31744063,EPLEY-MARTIN 31H,108H,hyperbolic,49,3952.547151268752
31744063,EPLEY-MARTIN 31H,108H,hyperbolic,50,3932.9578390786037
31744063,EPLEY-MARTIN 31H,108H,hyperbolic,51,3913.470443028021
31744063,EPLEY-MARTIN 31H,108H,hyperbolic,52,3894.084407772483
31744063,EPLEY-MARTIN 31H,108H,hyperbolic,53,3874.7991811303245
31744063,EPLEY-MARTIN 31H,108H,hyperbolic,54,3855.614214063896
31744063,EPLEY-MARTIN 31H,108H,hyperbolic,55,3836.528960660988
31744063,EPLEY-MARTIN 31H,108H,hyperbolic,56,3817.54287811622
31744063,EPLEY-MARTIN 31H,108H,hyperbolic,57,3798.655426712546
31744063,EPLEY-MARTIN 31H,108H,hyperbolic,58,3779.8660698030403
31744063,EPLEY-MARTIN 31H,108H,hyperbolic,59,3761.1742737925424
31744063,EPLEY-MARTIN 31H,108H,hyperbolic,60,3742.5795081196743
31744063,EPLEY-MARTIN 31H,108H,hyperbolic,61,3724.0812452387913
31744063,EPLEY-MARTIN 31H,108H,hyperbolic,62,3705.6789606020534
31744063,EPLEY-MARTIN 31H,108H,hyperbolic,63,3687.3721326417513
31744063,EPLEY-MARTIN 31H,108H,hyperbolic,64,3669.1602427525936
31744063,EPLEY-MARTIN 31H,108H,hyperbolic,65,3651.0427752741075
31744063,EPLEY-MARTIN 31H,108H,hyperbolic,66,3633.019217473287
31744063,EPLEY-MARTIN 31H,108H,hyperbolic,67,3615.0890595272117
31744063,EPLEY-MARTIN 31H,108H,hyperbolic,68,3597.2517945057643
31744063,EPLEY-MARTIN 31H,108H,hyperbolic,69,3579.506918354605
31744063,EPLEY-MARTIN 31H,108H,hyperbolic,70,3561.8539298781043
31744063,EPLEY-MARTIN 31H,108H,hyperbolic,71,3544.292330722381
31744063,EPLEY-MARTIN 31H,108H,hyperbolic,72,3526.8216253585883
31744063,EPLEY-MARTIN 31H,108H,hyperbolic,73,3509.4413210661596
31744063,EPLEY-MARTIN 31H,108H,hyperbolic,74,3492.150927916161
31744063,EPLEY-MARTIN 31H,108H,hyperbolic,75,3474.949958754881
31744063,EPLEY-MARTIN 31H,108H,hyperbolic,76,3457.8379291873857
31744063,EPLEY-MARTIN 31H,108H,hyperbolic,77,3440.814357561175
31744063,EPLEY-MARTIN 31H,108H,hyperbolic,78,3423.878764950076
31744063,EPLEY-MARTIN 31H,108H,hyperbolic,79,3407.0306751380976
31744063,EPLEY-MARTIN 31H,108H,hyperbolic,80,3390.269614603389
31744063,EPLEY-MARTIN 31H,108H,hyperbolic,81,3373.595112502424
31744063,EPLEY-MARTIN 31H,108H,hyperbolic,82,3357.006700654157
31744063,EPLEY-MARTIN 31H,108H,hyperbolic,83,3340.5039135242705
31744063,EPLEY-MARTIN 31H,108H,hyperbolic,84,3324.0862882096544
31744063,EPLEY-MARTIN 31H,108H,hyperbolic,85,3307.7533644228456
31744063,EPLEY-MARTIN 31H,108H,hyperbolic,86,3291.5046844765707
31744063,EPLEY-MARTIN 31H,108H,hyperbolic,87,3275.3397932685043
31744063,EPLEY-MARTIN 31H,108H,hyperbolic,88,3259.2582382659975
31744063,EPLEY-MARTIN 31H,108H,hyperbolic,89,3243.259569490901
31744063,EPLEY-MARTIN 31H,108H,hyperbolic,90,3227.343339504601
31744063,EPLEY-MARTIN 31H,108H,hyperbolic,91,3211.5091033930307
31744063,EPLEY-MARTIN 31H,108H,hyperbolic,92,3195.7564187517673
31744063,EPLEY-MARTIN 31H,108H,hyperbolic,93,3180.084845671346
31744063,EPLEY-MARTIN 31H,108H,hyperbolic,94,3164.4939467225395
31744063,EPLEY-MARTIN 31H,108H,hyperbolic,95,3148.9832869417314
31744063,EPLEY-MARTIN 31H,108H,hyperbolic,96,3133.552433816498
31744063,EPLEY-MARTIN 31H,108H,hyperbolic,97,3118.200957271156
31744063,EPLEY-MARTIN 31H,108H,hyperbolic,98,3102.928429652403
31744063,EPLEY-MARTIN 31H,108H,hyperbolic,99,3087.7344257151617
31744063,EPLEY-MARTIN 31H,108H,hyperbolic,100,3072.6185226083944
31744063,EPLEY-MARTIN 31H,108H,hyperbolic,101,3057.580299861002
31744063,EPLEY-MARTIN 31H,108H,hyperbolic,102,3042.6193393679278
31744063,EPLEY-MARTIN 31H,108H,hyperbolic,103,3027.7352253762297
31744063,EPLEY-MARTIN 31H,108H,hyperbolic,104,3012.9275444712393
31744063,EPLEY-MARTIN 31H,108H,hyperbolic,105,2998.1958855629155
31744063,EPLEY-MARTIN 31H,108H,hyperbolic,106,2983.5398398721745
31744063,EPLEY-MARTIN 31H,108H,hyperbolic,107,2968.959000917294
31744063,EPLEY-MARTIN 31H,108H,hyperbolic,108,2954.4529645005246
31744063,EPLEY-MARTIN 31H,108H,hyperbolic,109,2940.021328694661
31744063,EPLEY-MARTIN 31H,108H,hyperbolic,110,2925.6636938296983
31744063,EPLEY-MARTIN 31H,108H,hyperbolic,111,2911.379662479686
31744063,EPLEY-MARTIN 31H,108H,hyperbolic,112,2897.1688394495413
31744063,EPLEY-MARTIN 31H,108H,hyperbolic,113,2883.030831761952
31744063,EPLEY-MARTIN 31H,108H,hyperbolic,114,2868.9652486444656
31744063,EPLEY-MARTIN 31H,108H,hyperbolic,115,2854.971701516547
31744063,EPLEY-MARTIN 31H,108H,hyperbolic,116,2841.049803976715
31744063,EPLEY-MARTIN 31H,108H,hyperbolic,117,2827.1991717898677
31744063,EPLEY-MARTIN 31H,108H,hyperbolic,118,2813.419422874578
31744063,EPLEY-MARTIN 31H,108H,hyperbolic,119,2799.7101772904584
31744063,EPLEY-MARTIN 31H,108H,hyperbolic,120,2786.0710572257226
31744407,DAVIS-LACY 31L,212H,hyperbolic,34,4064.5562580671076
31744407,DAVIS-LACY 31L,212H,hyperbolic,35,3891.6504580449423
31744407,DAVIS-LACY 31L,212H,hyperbolic,36,3726.6585997741367
31744407,DAVIS-LACY 31L,212H,hyperbolic,37,3569.193067815313
31744407,DAVIS-LACY 31L,212H,hyperbolic,38,3418.8864669952054
31744407,DAVIS-LACY 31L,212H,hyperbolic,39,3275.39050359072
31744407,DAVIS-LACY 31L,212H,hyperbolic,40,3138.3749319367594
31744407,DAVIS-LACY 31L,212H,hyperbolic,41,3007.5265624277386
31744407,DAVIS-LACY 31L,212H,hyperbolic,42,2882.5483271434864
31744407,DAVIS-LACY 31L,212H,hyperbolic,43,2763.1583995733
31744407,DAVIS-LACY 31L,212H,hyperbolic,44,2649.089365138567
31744407,DAVIS-LACY 31L,212H,hyperbolic,45,2540.087439425779
31744407,DAVIS-LACY 31L,212H,hyperbolic,46,2435.9117312389553
31744407,DAVIS-LACY 31L,212H,hyperbolic,47,2336.333547764508
31744407,DAVIS-LACY 31L,212H,hyperbolic,48,2241.135739313315
31744407,DAVIS-LACY 31L,212H,hyperbolic,49,2150.1120812651047
31744407,DAVIS-LACY 31L,212H,hyperbolic,50,2063.066690989946
31744407,DAVIS-LACY 31L,212H,hyperbolic,51,1979.8134776614522
31744407,DAVIS-LACY 31L,212H,hyperbolic,52,1900.1756230069286
31744407,DAVIS-LACY 31L,212H,hyperbolic,53,1823.9850911617227
31744407,DAVIS-LACY 31L,212H,hyperbolic,54,1751.0821659090964
31744407,DAVIS-LACY 31L,212H,hyperbolic,55,1681.3150136935633
31744407,DAVIS-LACY 31L,212H,hyperbolic,56,1614.5392708953134
31744407,DAVIS-LACY 31L,212H,hyperbolic,57,1550.6176539465919
31744407,DAVIS-LACY 31L,212H,hyperbolic,58,1489.4195909580885
31744407,DAVIS-LACY 31L,212H,hyperbolic,59,1430.8208736050085
31744407,DAVIS-LACY 31L,212H,hyperbolic,60,1374.7033280988276
31744407,DAVIS-LACY 31L,212H,hyperbolic,61,1320.9545041422273
31744407,DAVIS-LACY 31L,212H,hyperbolic,62,1269.4673808315927
31744407,DAVIS-LACY 31L,212H,hyperbolic,63,1220.1400885341457
31744407,DAVIS-LACY 31L,212H,hyperbolic,64,1172.8756458254047
31744407,DAVIS-LACY 31L,212H,hyperbolic,65,1127.5817106277316
31744407,DAVIS-LACY 31L,212H,hyperbolic,66,1084.170344742146
31744407,DAVIS-LACY 31L,212H,hyperbolic,67,1042.5577910139157
31744407,DAVIS-LACY 31L,212H,hyperbolic,68,1002.6642624176632
31744407,DAVIS-LACY 31L,212H,hyperbolic,69,964.4137423901635
31744407,DAVIS-LACY 31L,212H,hyperbolic,70,927.7337957787863
31744407,DAVIS-LACY 31L,212H,hyperbolic,71,892.5553898108569
31744407,DAVIS-LACY 31L,212H,hyperbolic,72,858.8127245242166
31744407,DAVIS-LACY 31L,212H,hyperbolic,73,826.4430721321114
31744407,DAVIS-LACY 31L,212H,hyperbolic,74,795.3866248263652
31744407,DAVIS-LACY 31L,212H,hyperbolic,75,765.586350551731
31744407,DAVIS-LACY 31L,212H,hyperbolic,76,736.9878563114859
31744407,DAVIS-LACY 31L,212H,hyperbolic,77,709.5392585898406
31744407,DAVIS-LACY 31L,212H,hyperbolic,78,683.1910605007054
31744407,DAVIS-LACY 31L,212H,hyperbolic,79,657.8960352948543
31744407,DAVIS-LACY 31L,212H,hyperbolic,80,633.6091158786908
31744407,DAVIS-LACY 31L,212H,hyperbolic,81,610.2872900176816
31744407,DAVIS-LACY 31L,212H,hyperbolic,82,587.8895009162177
31744407,DAVIS-LACY 31L,212H,hyperbolic,83,566.3765528832195
31744407,DAVIS-LACY 31L,212H,hyperbolic,84,545.711021809318
31744407,DAVIS-LACY 31L,212H,hyperbolic,85,525.8571701969755
31744407,DAVIS-LACY 31L,212H,hyperbolic,86,506.7808664995197
31744407,DAVIS-LACY 31L,212H,hyperbolic,87,488.4495085388052
31744407,DAVIS-LACY 31L,212H,hyperbolic,88,470.831950784155
31744407,DAVIS-LACY 31L,212H,hyperbolic,89,453.8984352873993
31744407,DAVIS-LACY 31L,212H,hyperbolic,90,437.6205260802922
31744407,DAVIS-LACY 31L,212H,hyperbolic,91,421.97104685137015
31744407,DAVIS-LACY 31L,212H,hyperbolic,92,406.92402172947317
31744407,DAVIS-LACY 31L,212H,hyperbolic,93,392.4546190107178
31744407,DAVIS-LACY 31L,212H,hyperbolic,94,378.5390976747191
31744407,DAVIS-LACY 31L,212H,hyperbolic,95,365.15475654435033
31744407,DAVIS-LACY 31L,212H,hyperbolic,96,352.27988595132825
31744407,DAVIS-LACY 31L,212H,hyperbolic,97,339.89372177744997
31744407,DAVIS-LACY 31L,212H,hyperbolic,98,327.97640174841496
31744407,DAVIS-LACY 31L,212H,hyperbolic,99,316.50892386386636
31744407,DAVIS-LACY 31L,212H,hyperbolic,100,305.47310685360105
31744407,DAVIS-LACY 31L,212H,hyperbolic,101,294.85155255585886
31744407,DAVIS-LACY 31L,212H,hyperbolic,102,284.62761011921884
31744407,DAVIS-LACY 31L,212H,hyperbolic,103,274.78534193493414
31744407,DAVIS-LACY 31L,212H,hyperbolic,104,265.3094912115384
31744407,DAVIS-LACY 31L,212H,hyperbolic,105,256.1854511082791
31744407,DAVIS-LACY 31L,212H,hyperbolic,106,247.39923534838746
31744407,DAVIS-LACY 31L,212H,hyperbolic,107,238.9374502374037
31744407,DAVIS-LACY 31L,212H,hyperbolic,108,230.7872680157454
31744407,DAVIS-LACY 31L,212H,hyperbolic,109,222.9364014784601
31744407,DAVIS-LACY 31L,212H,hyperbolic,110,215.37307979864354
31744407,DAVIS-LACY 31L,212H,hyperbolic,111,208.08602549435284
31744407,DAVIS-LACY 31L,212H,hyperbolic,112,201.06443248200426
31744407,DAVIS-LACY 31L,212H,hyperbolic,113,194.2979451622329
31744407,DAVIS-LACY 31L,212H,hyperbolic,114,187.77663848701678
31744407,DAVIS-LACY 31L,212H,hyperbolic,115,181.49099895952963
31744407,DAVIS-LACY 31L,212H,hyperbolic,116,175.43190652072104
31744407,DAVIS-LACY 31L,212H,hyperbolic,117,169.59061727899658
31744407,DAVIS-LACY 31L,212H,hyperbolic,118,163.958747041632
31744407,DAVIS-LACY 31L,212H,hyperbolic,119,158.52825560868854
31744407,DAVIS-LACY 31L,212H,hyperbolic,120,153.29143179221273
31744071,DAVIS-LACY 31B,202H,hyperbolic,34,2985.279990756406
31744071,DAVIS-LACY 31B,202H,hyperbolic,35,2862.364816036833
31744071,DAVIS-LACY 31B,202H,hyperbolic,36,2744.752611381754
31744071,DAVIS-LACY 31B,202H,hyperbolic,37,2632.204187337889
31744071,DAVIS-LACY 31B,202H,hyperbolic,38,2524.49161028564
31744071,DAVIS-LACY 31B,202H,hyperbolic,39,2421.3976508620294
31744071,DAVIS-LACY 31B,202H,hyperbolic,40,2322.7152604816565
31744071,DAVIS-LACY 31B,202H,hyperbolic,41,2228.2470744699453
31744071,DAVIS-LACY 31B,202H,hyperbolic,42,2137.8049404047406
31744071,DAVIS-LACY 31B,202H,hyperbolic,43,2051.2094703387033
31744071,DAVIS-LACY 31B,202H,hyperbolic,44,1968.2896156476395
31744071,DAVIS-LACY 31B,202H,hyperbolic,45,1888.8822633181394
31744071,DAVIS-LACY 31B,202H,hyperbolic,46,1812.8318525524355
31744071,DAVIS-LACY 31B,202H,hyperbolic,47,1739.990010629231
31744071,DAVIS-LACY 31B,202H,hyperbolic,48,1670.2152070167024
31744071,DAVIS-LACY 31B,202H,hyperbolic,49,1603.372424788159
31744071,DAVIS-LACY 31B,202H,hyperbolic,50,1539.3328484418926
31744071,DAVIS-LACY 31B,202H,hyperbolic,51,1477.973567275328
31744071,DAVIS-LACY 31B,202H,hyperbolic,52,1419.177293509004
31744071,DAVIS-LACY 31B,202H,hyperbolic,53,1362.8320943991553
31744071,DAVIS-LACY 31B,202H,hyperbolic,54,1308.8311376183553
31744071,DAVIS-LACY 31B,202H,hyperbolic,55,1257.0724492221336
31744071,DAVIS-LACY 31B,202H,hyperbolic,56,1207.4586835558382
31744071,DAVIS-LACY 31B,202H,hyperbolic,57,1159.8969044903347
31744071,DAVIS-LACY 31B,202H,hyperbolic,58,1114.2983774076172
31744071,DAVIS-LACY 31B,202H,hyperbolic,59,1070.5783713879728
31744071,DAVIS-LACY 31B,202H,hyperbolic,60,1028.6559710794884
31744071,DAVIS-LACY 31B,202H,hyperbolic,61,988.45389775792
31744071,DAVIS-LACY 31B,202H,hyperbolic,62,949.8983391109483
31744071,DAVIS-LACY 31B,202H,hyperbolic,63,912.918787305301
31744071,DAVIS-LACY 31B,202H,hyperbolic,64,877.4478849183786
31744071,DAVIS-LACY 31B,202H,hyperbolic,65,843.42127833795
31744071,DAVIS-LACY 31B,202H,hyperbolic,66,810.7774782541196
31744071,DAVIS-LACY 31B,202H,hyperbolic,67,779.457726887492
31744071,DAVIS-LACY 31B,202H,hyperbolic,68,749.4058716158627
31744071,DAVIS-LACY 31B,202H,hyperbolic,69,720.5682446793884
31744071,DAVIS-LACY 31B,202H,hyperbolic,70,692.8935486607484
31744071,DAVIS-LACY 31B,202H,hyperbolic,71,666.3327474525237
31744071,DAVIS-LACY 31B,202H,hyperbolic,72,640.838962438882
31744071,DAVIS-LACY 31B,202H,hyperbolic,73,616.3673736327223
31744071,DAVIS-LACY 31B,202H,hyperbolic,74,592.8751255227669
31744071,DAVIS-LACY 31B,202H,hyperbolic,75,570.3212373976502
31744071,DAVIS-LACY 31B,202H,hyperbolic,76,548.6665179260715
31744071,DAVIS-LACY 31B,202H,hyperbolic,77,527.873483783304
31744071,DAVIS-LACY 31B,202H,hyperbolic,78,507.9062821251072
31744071,DAVIS-LACY 31B,202H,hyperbolic,79,488.730616720214
31744071,DAVIS-LACY 31B,202H,hyperbolic,80,470.313677562172
31744071,DAVIS-LACY 31B,202H,hyperbolic,81,452.62407379041787
31744071,DAVIS-LACY 31B,202H,hyperbolic,82,435.63176975908556
31744071,DAVIS-LACY 31B,202H,hyperbolic,83,419.3080241002259
31744071,DAVIS-LACY 31B,202H,hyperbolic,84,403.6253316358271
31744071,DAVIS-LACY 31B,202H,hyperbolic,85,388.55736800041603
31744071,DAVIS-LACY 31B,202H,hyperbolic,86,374.0789368429204
31744071,DAVIS-LACY 31B,202H,hyperbolic,87,360.16591948309537
31744071,DAVIS-LACY 31B,202H,hyperbolic,88,346.79522690405827
31744071,DAVIS-LACY 31B,202H,hyperbolic,89,333.9447539684027
31744071,DAVIS-LACY 31B,202H,hyperbolic,90,321.59333575097895
31744071,DAVIS-LACY 31B,202H,hyperbolic,91,309.72070588675786
31744071,DAVIS-LACY 31B,202H,hyperbolic,92,298.30745683725524
31744071,DAVIS-LACY 31B,202H,hyperbolic,93,287.33500198376237
31744071,DAVIS-LACY 31B,202H,hyperbolic,94,276.78553946021594
31744071,DAVIS-LACY 31B,202H,hyperbolic,95,266.64201764281484
31744071,DAVIS-LACY 31B,202H,hyperbolic,96,256.88810221760474
31744071,DAVIS-LACY 31B,202H,hyperbolic,97,247.50814475113177
31744071,DAVIS-LACY 31B,202H,hyperbolic,98,238.48715269294618
31744071,DAVIS-LACY 31B,202H,hyperbolic,99,229.81076074224674
31744071,DAVIS-LACY 31B,202H,hyperbolic,100,221.46520351425212
31744071,DAVIS-LACY 31B,202H,hyperbolic,101,213.43728944507217
31744071,DAVIS-LACY 31B,202H,hyperbolic,102,205.71437587681004
31744071,DAVIS-LACY 31B,202H,hyperbolic,103,198.28434526748612
31744071,DAVIS-LACY 31B,202H,hyperbolic,104,191.13558247306514
31744071,DAVIS-LACY 31B,202H,hyperbolic,105,184.2569530514306
31744071,DAVIS-LACY 31B,202H,hyperbolic,106,177.6377825405814
31744071,DAVIS-LACY 31B,202H,hyperbolic,107,171.26783666563787
31744071,DAVIS-LACY 31B,202H,hyperbolic,108,165.13730243143937
31744071,DAVIS-LACY 31B,202H,hyperbolic,109,159.23677005959166
31744071,DAVIS-LACY 31B,202H,hyperbolic,110,153.5572157308208
31744071,DAVIS-LACY 31B,202H,hyperbolic,111,148.0899850953527
31744071,DAVIS-LACY 31B,202H,hyperbolic,112,142.82677751583833
31744071,DAVIS-LACY 31B,202H,hyperbolic,113,137.75963100903863
31744071,DAVIS-LACY 31B,202H,hyperbolic,114,132.8809078541008
31744071,DAVIS-LACY 31B,202H,hyperbolic,115,128.18328083679077
31744071,DAVIS-LACY 31B,202H,hyperbolic,116,123.65972010050793
31744071,DAVIS-LACY 31B,202H,hyperbolic,117,119.30348057629631
31744071,DAVIS-LACY 31B,202H,hyperbolic,118,115.10808996537804
31744071,DAVIS-LACY 31B,202H,hyperbolic,119,111.06733724900405
31744071,DAVIS-LACY 31B,202H,hyperbolic,120,107.17526170159412
31743549,WELCH-COX E39V,322H,hyperbolic,34,980.117501008759
31743549,WELCH-COX E39V,322H,hyperbolic,35,886.202377696163
31743549,WELCH-COX E39V,322H,hyperbolic,36,801.690783419001
31743549,WELCH-COX E39V,322H,hyperbolic,37,725.6010418013874
31743549,WELCH-COX E39V,322H,hyperbolic,38,657.0581065420006
31743549,WELCH-COX E39V,322H,hyperbolic,39,595.2815328677697
31743549,WELCH-COX E39V,322H,hyperbolic,40,539.5748557598564
31743549,WELCH-COX E39V,322H,hyperbolic,41,489.3162046474881
31743549,WELCH-COX E39V,322H,hyperbolic,42,443.9500055753256
31743549,WELCH-COX E39V,322H,hyperbolic,43,402.97964040779345
31743549,WELCH-COX E39V,322H,hyperbolic,44,365.9609488054943
31743549,WELCH-COX E39V,322H,hyperbolic,45,332.4964728109626
31743549,WELCH-COX E39V,322H,hyperbolic,46,302.23035618644025
31743549,WELCH-COX E39V,322H,hyperbolic,47,274.84382139121124
31743549,WELCH-COX E39V,322H,hyperbolic,48,250.05115647430915
31743549,WELCH-COX E39V,322H,hyperbolic,49,227.5961523667057
31743549,WELCH-COX E39V,322H,hyperbolic,50,207.2489382383498
31743549,WELCH-COX E39V,322H,hyperbolic,51,188.80316887204762
31743549,WELCH-COX E39V,322H,hyperbolic,52,172.0735235132635
31743549,WELCH-COX E39V,322H,hyperbolic,53,156.89348048190436
31743549,WELCH-COX E39V,322H,hyperbolic,54,143.11333606586186
31743549,WELCH-COX E39V,322H,hyperbolic,55,130.59843993155772
31743549,WELCH-COX E39V,322H,hyperbolic,56,119.22762254946126
31743549,WELCH-COX E39V,322H,hyperbolic,57,108.89179299938831
31743549,WELCH-COX E39V,322H,hyperbolic,58,99.49268804088379
31743549,WELCH-COX E39V,322H,hyperbolic,59,90.94175555130114
31743549,WELCH-COX E39V,322H,hyperbolic,60,83.15915738588595
31743549,WELCH-COX E39V,322H,hyperbolic,61,76.07287843314113
31743549,WELCH-COX E39V,322H,hyperbolic,62,69.61793015351306
31743549,WELCH-COX E39V,322H,hyperbolic,63,63.73563822510972
31743549,WELCH-COX E39V,322H,hyperbolic,64,58.37300509850998
31743549,WELCH-COX E39V,322H,hyperbolic,65,53.48213930289609
31743549,WELCH-COX E39V,322H,hyperbolic,66,49.01974426443589
31743549,WELCH-COX E39V,322H,hyperbolic,67,44.946660209692446
31743549,WELCH-COX E39V,322H,hyperbolic,68,41.227453444668214
31743549,WELCH-COX E39V,322H,hyperbolic,69,37.83004793511141
31743549,WELCH-COX E39V,322H,hyperbolic,70,34.725394675810584
31743549,WELCH-COX E39V,322H,hyperbolic,71,31.887174834373162
31743549,WELCH-COX E39V,322H,hyperbolic,72,29.291533096060494
31743549,WELCH-COX E39V,322H,hyperbolic,73,26.916838027266312
31743549,WELCH-COX E39V,322H,hyperbolic,74,24.74346662205435
31743549,WELCH-COX E39V,322H,hyperbolic,75,22.75361050395824
31743549,WELCH-COX E39V,322H,hyperbolic,76,20.931101528527904
31743549,WELCH-COX E39V,322H,hyperbolic,77,19.26125477487396
31743549,WELCH-COX E39V,322H,hyperbolic,78,17.73072713022223
31743549,WELCH-COX E39V,322H,hyperbolic,79,16.327389863358363
31743549,WELCH-COX E39V,322H,hyperbolic,80,15.040213753527638
31743549,WELCH-COX E39V,322H,hyperbolic,81,13.859165493288558
31743549,WELCH-COX E39V,322H,hyperbolic,82,12.77511421911325
31743549,WELCH-COX E39V,322H,hyperbolic,83,11.779747144068942
31743549,WELCH-COX E39V,322H,hyperbolic,84,10.865493374360994
31743549,WELCH-COX E39V,322H,hyperbolic,85,10.025455087336407
31743549,WELCH-COX E39V,322H,hyperbolic,86,9.253345334037434
31743549,WELCH-COX E39V,322H,hyperbolic,87,8.543431805702163
31743549,WELCH-COX E39V,322H,hyperbolic,88,7.89048597175797
31743549,WELCH-COX E39V,322H,hyperbolic,89,7.289737057734741
31743549,WELCH-COX E39V,322H,hyperbolic,90,6.7368303859468615
31743549,WELCH-COX E39V,322H,hyperbolic,91,6.227789650456524
31743549,WELCH-COX E39V,322H,hyperbolic,92,5.758982741367825
31743549,WELCH-COX E39V,322H,hyperbolic,93,5.3270907724683765
31743549,WELCH-COX E39V,322H,hyperbolic,94,4.929080001125485
31743549,WELCH-COX E39V,322H,hyperbolic,95,4.562176360601956
31743549,WELCH-COX E39V,322H,hyperbolic,96,4.2238423529661295
31743549,WELCH-COX E39V,322H,hyperbolic,97,3.9117560758873164
31743549,WELCH-COX E39V,322H,hyperbolic,98,3.6237921791330296
31743549,WELCH-COX E39V,322H,hyperbolic,99,3.35800456679943
31743549,WELCH-COX E39V,322H,hyperbolic,100,3.112610679452398
31743549,WELCH-COX E39V,322H,hyperbolic,101,2.885977206653626
31743549,WELCH-COX E39V,322H,hyperbolic,102,2.6766070949884306
31743549,WELCH-COX E39V,322H,hyperbolic,103,2.483127729871971
31743549,WELCH-COX E39V,322H,hyperbolic,104,2.3042801812451086
31743549,WELCH-COX E39V,322H,hyperbolic,105,2.1389094139151954
31743549,WELCH-COX E39V,322H,hyperbolic,106,1.985955372877402
31743549,WELCH-COX E39V,322H,hyperbolic,107,1.844444862575477
31743549,WELCH-COX E39V,322H,hyperbolic,108,1.7134841468281696
31743549,WELCH-COX E39V,322H,hyperbolic,109,1.592252203145019
31743549,WELCH-COX E39V,322H,hyperbolic,110,1.4799945714623628
31743549,WELCH-COX E39V,322H,hyperbolic,111,1.3760177430173903
31743549,WELCH-COX E39V,322H,hyperbolic,112,1.2796840402073792
31743549,WELCH-COX E39V,322H,hyperbolic,113,1.1904069429103108
31743549,WELCH-COX E39V,322H,hyperbolic,114,1.107646820920807
31743549,WELCH-COX E39V,322H,hyperbolic,115,1.0309070359287844
31743549,WELCH-COX E39V,322H,hyperbolic,116,0.9597303798762575
31743549,WELCH-COX E39V,322H,hyperbolic,117,0.8936958196080423
31743549,WELCH-COX E39V,322H,hyperbolic,118,0.8324155205165001
31743549,WELCH-COX E39V,322H,hyperbolic,119,0.7755321243985968
31743549,WELCH-COX E39V,322H,hyperbolic,120,0.7227162590216928
31743568,WELCH-COX E39T,320H,hyperbolic,34,5921.036474261421
31743568,WELCH-COX E39T,320H,hyperbolic,35,5915.409449284876
31743568,WELCH-COX E39T,320H,hyperbolic,36,5909.795774310282
31743568,WELCH-COX E39T,320H,hyperbolic,37,5904.195398733498
31743568,WELCH-COX E39T,320H,hyperbolic,38,5898.608272213761
31743568,WELCH-COX E39T,320H,hyperbolic,39,5893.034344671941
31743568,WELCH-COX E39T,320H,hyperbolic,40,5887.473566288813
31743568,WELCH-COX E39T,320H,hyperbolic,41,5881.9258875033465
31743568,WELCH-COX E39T,320H,hyperbolic,42,5876.391259010999
31743568,WELCH-COX E39T,320H,hyperbolic,43,5870.869631762034
31743568,WELCH-COX E39T,320H,hyperbolic,44,5865.360956959845
31743568,WELCH-COX E39T,320H,hyperbolic,45,5859.865186059294
31743568,WELCH-COX E39T,320H,hyperbolic,46,5854.382270765064
31743568,WELCH-COX E39T,320H,hyperbolic,47,5848.912163030034
31743568,WELCH-COX E39T,320H,hyperbolic,48,5843.454815053646
31743568,WELCH-COX E39T,320H,hyperbolic,49,5838.010179280303
31743568,WELCH-COX E39T,320H,hyperbolic,50,5832.578208397769
31743568,WELCH-COX E39T,320H,hyperbolic,51,5827.158855335598
31743568,WELCH-COX E39T,320H,hyperbolic,52,5821.752073263545
31743568,WELCH-COX E39T,320H,hyperbolic,53,5816.357815590027
31743568,WELCH-COX E39T,320H,hyperbolic,54,5810.976035960559
31743568,WELCH-COX E39T,320H,hyperbolic,55,5805.60668825624
31743568,WELCH-COX E39T,320H,hyperbolic,56,5800.249726592214
31743568,WELCH-COX E39T,320H,hyperbolic,57,5794.90510531617
31743568,WELCH-COX E39T,320H,hyperbolic,58,5789.572779006841
31743568,WELCH-COX E39T,320H,hyperbolic,59,5784.25270247252
31743568,WELCH-COX E39T,320H,hyperbolic,60,5778.9448307495795
31743568,WELCH-COX E39T,320H,hyperbolic,61,5773.649119101022
31743568,WELCH-COX E39T,320H,hyperbolic,62,5768.365523015007
31743568,WELCH-COX E39T,320H,hyperbolic,63,5763.093998203432
31743568,WELCH-COX E39T,320H,hyperbolic,64,5757.834500600492
31743568,WELCH-COX E39T,320H,hyperbolic,65,5752.586986361262
31743568,WELCH-COX E39T,320H,hyperbolic,66,5747.351411860288
31743568,WELCH-COX E39T,320H,hyperbolic,67,5742.127733690199
31743568,WELCH-COX E39T,320H,hyperbolic,68,5736.915908660316
31743568,WELCH-COX E39T,320H,hyperbolic,69,5731.715893795274
31743568,WELCH-COX E39T,320H,hyperbolic,70,5726.527646333661
31743568,WELCH-COX E39T,320H,hyperbolic,71,5721.351123726668
31743568,WELCH-COX E39T,320H,hyperbolic,72,5716.18628363674
31743568,WELCH-COX E39T,320H,hyperbolic,73,5711.033083936242
31743568,WELCH-COX E39T,320H,hyperbolic,74,5705.89148270614
31743568,WELCH-COX E39T,320H,hyperbolic,75,5700.761438234689
31743568,WELCH-COX E39T,320H,hyperbolic,76,5695.6429090161255
31743568,WELCH-COX E39T,320H,hyperbolic,77,5690.535853749379
31743568,WELCH-COX E39T,320H,hyperbolic,78,5685.440231336785
31743568,WELCH-COX E39T,320H,hyperbolic,79,5680.3560008828135
31743568,WELCH-COX E39T,320H,hyperbolic,80,5675.28312169281
31743568,WELCH-COX E39T,320H,hyperbolic,81,5670.221553271732
31743568,WELCH-COX E39T,320H,hyperbolic,82,5665.171255322911
31743568,WELCH-COX E39T,320H,hyperbolic,83,5660.132187746819
31743568,WELCH-COX E39T,320H,hyperbolic,84,5655.104310639834
31743568,WELCH-COX E39T,320H,hyperbolic,85,5650.0875842930345
31743568,WELCH-COX E39T,320H,hyperbolic,86,5645.081969190983
31743568,WELCH-COX E39T,320H,hyperbolic,87,5640.087426010531
31743568,WELCH-COX E39T,320H,hyperbolic,88,5635.103915619635
31743568,WELCH-COX E39T,320H,hyperbolic,89,5630.1313990761655
31743568,WELCH-COX E39T,320H,hyperbolic,90,5625.169837626741
31743568,WELCH-COX E39T,320H,hyperbolic,91,5620.219192705569
31743568,WELCH-COX E39T,320H,hyperbolic,92,5615.279425933288
31743568,WELCH-COX E39T,320H,hyperbolic,93,5610.350499115815
31743568,WELCH-COX E39T,320H,hyperbolic,94,5605.432374243224
31743568,WELCH-COX E39T,320H,hyperbolic,95,5600.525013488607
31743568,WELCH-COX E39T,320H,hyperbolic,96,5595.628379206952
31743568,WELCH-COX E39T,320H,hyperbolic,97,5590.742433934039
31743568,WELCH-COX E39T,320H,hyperbolic,98,5585.86714038533
31743568,WELCH-COX E39T,320H,hyperbolic,99,5581.002461454878
31743568,WELCH-COX E39T,320H,hyperbolic,100,5576.148360214239
31743568,WELCH-COX E39T,320H,hyperbolic,101,5571.30479991139
31743568,WELCH-COX E39T,320H,hyperbolic,102,5566.471743969656
31743568,WELCH-COX E39T,320H,hyperbolic,103,5561.6491559866545
31743568,WELCH-COX E39T,320H,hyperbolic,104,5556.836999733236
31743568,WELCH-COX E39T,320H,hyperbolic,105,5552.035239152429
31743568,WELCH-COX E39T,320H,hyperbolic,106,5547.243838358415
31743568,WELCH-COX E39T,320H,hyperbolic,107,5542.462761635479
31743568,WELCH-COX E39T,320H,hyperbolic,108,5537.691973436998
31743568,WELCH-COX E39T,320H,hyperbolic,109,5532.931438384416
31743568,WELCH-COX E39T,320H,hyperbolic,110,5528.181121266235
31743568,WELCH-COX E39T,320H,hyperbolic,111,5523.440987037017
31743568,WELCH-COX E39T,320H,hyperbolic,112,5518.711000816383
31743568,WELCH-COX E39T,320H,hyperbolic,113,5513.9911278880245
31743568,WELCH-COX E39T,320H,hyperbolic,114,5509.281333698729
31743568,WELCH-COX E39T,320H,hyperbolic,115,5504.581583857399
31743568,WELCH-COX E39T,320H,hyperbolic,116,5499.89184413409
31743568,WELCH-COX E39T,320H,hyperbolic,117,5495.212080459046
31743568,WELCH-COX E39T,320H,hyperbolic,118,5490.542258921751
31743568,WELCH-COX E39T,320H,hyperbolic,119,5485.882345769985
31743568,WELCH-COX E39T,320H,hyperbolic,120,5481.232307408873
31744069,DAVIS-LACY 31D,204H,hyperbolic,34,3834.866408555007
31744069,DAVIS-LACY 31D,204H,hyperbolic,35,3831.0400560981957
31744069,DAVIS-LACY 31D,204H,hyperbolic,36,3827.217712191646
31744069,DAVIS-LACY 31D,204H,hyperbolic,37,3823.3993724362163
31744069,DAVIS-LACY 31D,204H,hyperbolic,38,3819.5850324377416
31744069,DAVIS-LACY 31D,204H,hyperbolic,39,3815.774687807169
31744069,DAVIS-LACY 31D,204H,hyperbolic,40,3811.968334160408
31744069,DAVIS-LACY 31D,204H,hyperbolic,41,3808.165967118454
31744069,DAVIS-LACY 31D,204H,hyperbolic,42,3804.3675823073195
31744069,DAVIS-LACY 31D,204H,hyperbolic,43,3800.573175357988
31744069,DAVIS-LACY 31D,204H,hyperbolic,44,3796.782741906517
31744069,DAVIS-LACY 31D,204H,hyperbolic,45,3792.9962775939052
31744069,DAVIS-LACY 31D,204H,hyperbolic,46,3789.2137780662165
31744069,DAVIS-LACY 31D,204H,hyperbolic,47,3785.435238974439
31744069,DAVIS-LACY 31D,204H,hyperbolic,48,3781.660655974617
31744069,DAVIS-LACY 31D,204H,hyperbolic,49,3777.8900247277065
31744069,DAVIS-LACY 31D,204H,hyperbolic,50,3774.1233408997086
31744069,DAVIS-LACY 31D,204H,hyperbolic,51,3770.360600161524
31744069,DAVIS-LACY 31D,204H,hyperbolic,52,3766.6017981890845
31744069,DAVIS-LACY 31D,204H,hyperbolic,53,3762.8469306632123
31744069,DAVIS-LACY 31D,204H,hyperbolic,54,3759.095993269747
31744069,DAVIS-LACY 31D,204H,hyperbolic,55,3755.3489816994074
31744069,DAVIS-LACY 31D,204H,hyperbolic,56,3751.6058916479183
31744069,DAVIS-LACY 31D,204H,hyperbolic,57,3747.8667188158724
31744069,DAVIS-LACY 31D,204H,hyperbolic,58,3744.1314589088547
31744069,DAVIS-LACY 31D,204H,hyperbolic,59,3740.400107637307
31744069,DAVIS-LACY 31D,204H,hyperbolic,60,3736.6726607166524
31744069,DAVIS-LACY 31D,204H,hyperbolic,61,3732.9491138671588
31744069,DAVIS-LACY 31D,204H,hyperbolic,62,3729.229462814047
31744069,DAVIS-LACY 31D,204H,hyperbolic,63,3725.513703287436
31744069,DAVIS-LACY 31D,204H,hyperbolic,64,3721.801831022288
31744069,DAVIS-LACY 31D,204H,hyperbolic,65,3718.0938417585176
31744069,DAVIS-LACY 31D,204H,hyperbolic,66,3714.3897312408544
31744069,DAVIS-LACY 31D,204H,hyperbolic,67,3710.6894952189687
31744069,DAVIS-LACY 31D,204H,hyperbolic,68,3706.993129447334
31744069,DAVIS-LACY 31D,204H,hyperbolic,69,3703.3006296853528
31744069,DAVIS-LACY 31D,204H,hyperbolic,70,3699.611991697218
31744069,DAVIS-LACY 31D,204H,hyperbolic,71,3695.9272112520425
31744069,DAVIS-LACY 31D,204H,hyperbolic,72,3692.246284123718
31744069,DAVIS-LACY 31D,204H,hyperbolic,73,3688.569206091041
31744069,DAVIS-LACY 31D,204H,hyperbolic,74,3684.8959729375774
31744069,DAVIS-LACY 31D,204H,hyperbolic,75,3681.226580451787
31744069,DAVIS-LACY 31D,204H,hyperbolic,76,3677.5610244268873
31744069,DAVIS-LACY 31D,204H,hyperbolic,77,3673.8993006609776
31744069,DAVIS-LACY 31D,204H,hyperbolic,78,3670.241404956903
31744069,DAVIS-LACY 31D,204H,hyperbolic,79,3666.5873331223797
31744069,DAVIS-LACY 31D,204H,hyperbolic,80,3662.937080969858
31744069,DAVIS-LACY 31D,204H,hyperbolic,81,3659.2906443166307
31744069,DAVIS-LACY 31D,204H,hyperbolic,82,3655.6480189847807
31744069,DAVIS-LACY 31D,204H,hyperbolic,83,3652.009200801122
31744069,DAVIS-LACY 31D,204H,hyperbolic,84,3648.374185597311
31744069,DAVIS-LACY 31D,204H,hyperbolic,85,3644.7429692097126
31744069,DAVIS-LACY 31D,204H,hyperbolic,86,3641.1155474795187
31744069,DAVIS-LACY 31D,204H,hyperbolic,87,3637.4919162526185
31744069,DAVIS-LACY 31D,204H,hyperbolic,88,3633.872071379719
31744069,DAVIS-LACY 31D,204H,hyperbolic,89,3630.25600871621
31744069,DAVIS-LACY 31D,204H,hyperbolic,90,3626.64372412229
31744069,DAVIS-LACY 31D,204H,hyperbolic,91,3623.0352134628306
31744069,DAVIS-LACY 31D,204H,hyperbolic,92,3619.4304726074965
31744069,DAVIS-LACY 31D,204H,hyperbolic,93,3615.8294974306164
31744069,DAVIS-LACY 31D,204H,hyperbolic,94,3612.2322838113005
31744069,DAVIS-LACY 31D,204H,hyperbolic,95,3608.6388276333128
31744069,DAVIS-LACY 31D,204H,hyperbolic,96,3605.049124785188
31744069,DAVIS-LACY 31D,204H,hyperbolic,97,3601.4631711600996
31744069,DAVIS-LACY 31D,204H,hyperbolic,98,3597.8809626559837
31744069,DAVIS-LACY 31D,204H,hyperbolic,99,3594.302495175405
31744069,DAVIS-LACY 31D,204H,hyperbolic,100,3590.7277646256766
31744069,DAVIS-LACY 31D,204H,hyperbolic,101,3587.1567669187293
31744069,DAVIS-LACY 31D,204H,hyperbolic,102,3583.589497971217
31744069,DAVIS-LACY 31D,204H,hyperbolic,103,3580.025953704464
31744069,DAVIS-LACY 31D,204H,hyperbolic,104,3576.46613004441
31744069,DAVIS-LACY 31D,204H,hyperbolic,105,3572.9100229217156
31744069,DAVIS-LACY 31D,204H,hyperbolic,106,3569.357628271634
31744069,DAVIS-LACY 31D,204H,hyperbolic,107,3565.808942034126
31744069,DAVIS-LACY 31D,204H,hyperbolic,108,3562.263960153733
31744069,DAVIS-LACY 31D,204H,hyperbolic,109,3558.7226785796943
31744069,DAVIS-LACY 31D,204H,hyperbolic,110,3555.1850932658185
31744069,DAVIS-LACY 31D,204H,hyperbolic,111,3551.6512001706005
31744069,DAVIS-LACY 31D,204H,hyperbolic,112,3548.120995257093
31744069,DAVIS-LACY 31D,204H,hyperbolic,113,3544.5944744930266
31744069,DAVIS-LACY 31D,204H,hyperbolic,114,3541.0716338506763
31744069,DAVIS-LACY 31D,204H,hyperbolic,115,3537.5524693069833
31744069,DAVIS-LACY 31D,204H,hyperbolic,116,3534.0369768434252
31744069,DAVIS-LACY 31D,204H,hyperbolic,117,3530.525152446133
31744069,DAVIS-LACY 31D,204H,hyperbolic,118,3527.016992105762
31744069,DAVIS-LACY 31D,204H,hyperbolic,119,3523.5124918176116
31744069,DAVIS-LACY 31D,204H,hyperbolic,120,3520.011647581494
31743757,GLYNN-ATCHISON 44M,213H,harmonic,34,1793.4296010743133
31743757,GLYNN-ATCHISON 44M,213H,harmonic,35,1757.3487688633509
31743757,GLYNN-ATCHISON 44M,213H,harmonic,36,1722.6910785261384
31743757,GLYNN-ATCHISON 44M,213H,harmonic,37,1689.3739586911622
31743757,GLYNN-ATCHISON 44M,213H,harmonic,38,1657.3211045642092
31743757,GLYNN-ATCHISON 44M,213H,harmonic,39,1626.4618945120826
31743757,GLYNN-ATCHISON 44M,213H,harmonic,40,1596.7308706339047
31743757,GLYNN-ATCHISON 44M,213H,harmonic,41,1568.0672752793364
31743757,GLYNN-ATCHISON 44M,213H,harmonic,42,1540.4146366073978
31743757,GLYNN-ATCHISON 44M,213H,harmonic,43,1513.720397237035
31743757,GLYNN-ATCHISON 44M,213H,harmonic,44,1487.9355808512341
31743757,GLYNN-ATCHISON 44M,213H,harmonic,45,1463.014492304957
31743757,GLYNN-ATCHISON 44M,213H,harmonic,46,1438.914447373577
31743757,GLYNN-ATCHISON 44M,213H,harmonic,47,1415.5955287793438
31743757,GLYNN-ATCHISON 44M,213H,harmonic,48,1393.0203655624123
31743757,GLYNN-ATCHISON 44M,213H,harmonic,49,1371.153933231331
31743757,GLYNN-ATCHISON 44M,213H,harmonic,50,1349.9633724450287
31743757,GLYNN-ATCHISON 44M,213H,harmonic,51,1329.4178242520427
31743757,GLYNN-ATCHISON 44M,213H,harmonic,52,1309.4882801494987
31743757,GLYNN-ATCHISON 44M,213H,harmonic,53,1290.1474454296538
31743757,GLYNN-ATCHISON 44M,213H,harmonic,54,1271.3696144602152
31743757,GLYNN-ATCHISON 44M,213H,harmonic,55,1253.1305567000265
31743757,GLYNN-ATCHISON 44M,213H,harmonic,56,1235.4074123872974
31743757,GLYNN-ATCHISON 44M,213H,harmonic,57,1218.1785969561374
31743757,GLYNN-ATCHISON 44M,213H,harmonic,58,1201.4237133410447
31743757,GLYNN-ATCHISON 44M,213H,harmonic,59,1185.1234714202167
31743757,GLYNN-ATCHISON 44M,213H,harmonic,60,1169.259613928765
31743757,GLYNN-ATCHISON 44M,213H,harmonic,61,1153.814848243614
31743757,GLYNN-ATCHISON 44M,213H,harmonic,62,1138.772783504242
31743757,GLYNN-ATCHISON 44M,213H,harmonic,63,1124.117872588593
31743757,GLYNN-ATCHISON 44M,213H,harmonic,64,1109.8353585123555
31743757,GLYNN-ATCHISON 44M,213H,harmonic,65,1095.911224863123
31743757,GLYNN-ATCHISON 44M,213H,harmonic,66,1082.3321499194835
31743757,GLYNN-ATCHISON 44M,213H,harmonic,67,1069.0854641393316
31743757,GLYNN-ATCHISON 44M,213H,harmonic,68,1056.1591107322415
31743757,GLYNN-ATCHISON 44M,213H,harmonic,69,1043.5416090579984
31743757,GLYNN-ATCHISON 44M,213H,harmonic,70,1031.22202061773
31743757,GLYNN-ATCHISON 44M,213H,harmonic,71,1019.1899174258967
31743757,GLYNN-ATCHISON 44M,213H,harmonic,72,1007.4353525709168
31743757,GLYNN-ATCHISON 44M,213H,harmonic,73,995.9488327897595
31743757,GLYNN-ATCHISON 44M,213H,harmonic,74,984.7212928975673
31743757,GLYNN-ATCHISON 44M,213H,harmonic,75,973.7440719275615
31743757,GLYNN-ATCHISON 44M,213H,harmonic,76,963.0088908492422
31743757,GLYNN-ATCHISON 44M,213H,harmonic,77,952.5078317444076
31743757,GLYNN-ATCHISON 44M,213H,harmonic,78,942.233318330921
31743757,GLYNN-ATCHISON 44M,213H,harmonic,79,932.1780977335413
31743757,GLYNN-ATCHISON 44M,213H,harmonic,80,922.3352234096469
31743757,GLYNN-ATCHISON 44M,213H,harmonic,81,912.698039145379
31743757,GLYNN-ATCHISON 44M,213H,harmonic,82,903.2601640447272
31743757,GLYNN-ATCHISON 44M,213H,harmonic,83,894.0154784404164
31743757,GLYNN-ATCHISON 44M,213H,harmonic,84,884.9581106612226
31743757,GLYNN-ATCHISON 44M,213H,harmonic,85,876.0824245955938
31743757,GLYNN-ATCHISON 44M,213H,harmonic,86,867.3830079962216
31743757,GLYNN-ATCHISON 44M,213H,harmonic,87,858.85466147457
31743757,GLYNN-ATCHISON 44M,213H,harmonic,88,850.4923881383343
31743757,GLYNN-ATCHISON 44M,213H,harmonic,89,842.2913838284353
31743757,GLYNN-ATCHISON 44M,213H,harmonic,90,834.2470279154671
31743757,GLYNN-ATCHISON 44M,213H,harmonic,91,826.3548746185484
31743757,GLYNN-ATCHISON 44M,213H,harmonic,92,818.6106448123106
31743757,GLYNN-ATCHISON 44M,213H,harmonic,93,811.0102182902957
31743757,GLYNN-ATCHISON 44M,213H,harmonic,94,803.5496264553742
31743757,GLYNN-ATCHISON 44M,213H,harmonic,95,796.2250454099365
31743757,GLYNN-ATCHISON 44M,213H,harmonic,96,789.03278942058
31743757,GLYNN-ATCHISON 44M,213H,harmonic,97,781.9693047338238
31743757,GLYNN-ATCHISON 44M,213H,harmonic,98,775.0311637210498
31743757,GLYNN-ATCHISON 44M,213H,harmonic,99,768.2150593324012
31743757,GLYNN-ATCHISON 44M,213H,harmonic,100,761.5177998407853
31743757,GLYNN-ATCHISON 44M,213H,harmonic,101,754.9363038584298
31743757,GLYNN-ATCHISON 44M,213H,harmonic,102,748.4675956096429
31743757,GLYNN-ATCHISON 44M,213H,harmonic,103,742.1088004445434
31743757,GLYNN-ATCHISON 44M,213H,harmonic,104,735.8571405795498
31743757,GLYNN-ATCHISON 44M,213H,harmonic,105,729.7099310513668
31743757,GLYNN-ATCHISON 44M,213H,harmonic,106,723.6645758720914
31743757,GLYNN-ATCHISON 44M,213H,harmonic,107,717.7185643738674
31743757,GLYNN-ATCHISON 44M,213H,harmonic,108,711.8694677322777
31743757,GLYNN-ATCHISON 44M,213H,harmonic,109,706.1149356583602
31743757,GLYNN-ATCHISON 44M,213H,harmonic,110,700.452693249779
31743757,GLYNN-ATCHISON 44M,213H,harmonic,111,694.8805379922935
31743757,GLYNN-ATCHISON 44M,213H,harmonic,112,689.3963369032181
31743757,GLYNN-ATCHISON 44M,213H,harmonic,113,683.9980238090886
31743757,GLYNN-ATCHISON 44M,213H,harmonic,114,678.6835967502429
31743757,GLYNN-ATCHISON 44M,213H,harmonic,115,673.4511155054564
31743757,GLYNN-ATCHISON 44M,213H,harmonic,116,668.2986992302122
31743757,GLYNN-ATCHISON 44M,213H,harmonic,117,663.2245242025599
31743757,GLYNN-ATCHISON 44M,213H,harmonic,118,658.2268216708916
31743757,GLYNN-ATCHISON 44M,213H,harmonic,119,653.303875798298
31743757,GLYNN-ATCHISON 44M,213H,harmonic,120,648.4540216984853
31744055,DAVIS-LACY 31K,211H,harmonic,34,2895.522591044419
31744055,DAVIS-LACY 31K,211H,harmonic,35,2818.3086552832347
31744055,DAVIS-LACY 31K,211H,harmonic,36,2745.1058330680858
31744055,DAVIS-LACY 31K,211H,harmonic,37,2675.6094828638306
31744055,DAVIS-LACY 31K,211H,harmonic,38,2609.54505118818
31744055,DAVIS-LACY 31K,211H,harmonic,39,2546.6644475450917
31744055,DAVIS-LACY 31K,211H,harmonic,40,2486.742931132266
31744055,DAVIS-LACY 31K,211H,harmonic,41,2429.5764269683054
31744055,DAVIS-LACY 31K,211H,harmonic,42,2374.9792038903665
31744055,DAVIS-LACY 31K,211H,harmonic,43,2322.781858749919
31744055,DAVIS-LACY 31K,211H,harmonic,44,2272.829560712286
31744055,DAVIS-LACY 31K,211H,harmonic,45,2224.9805173288696
31744055,DAVIS-LACY 31K,211H,harmonic,46,2179.104630373635
31744055,DAVIS-LACY 31K,211H,harmonic,47,2135.0823146085113
31744055,DAVIS-LACY 31K,211H,harmonic,48,2092.803456893491
31744055,DAVIS-LACY 31K,211H,harmonic,49,2052.1664965654622
31744055,DAVIS-LACY 31K,211H,harmonic,50,2013.0776109165963
31744055,DAVIS-LACY 31K,211H,harmonic,51,1975.4499920209587
31744055,DAVIS-LACY 31K,211H,harmonic,52,1939.2032031765377
31744055,DAVIS-LACY 31K,211H,harmonic,53,1904.2626049211044
31744055,DAVIS-LACY 31K,211H,harmonic,54,1870.558842002147
31744055,DAVIS-LACY 31K,211H,harmonic,55,1838.0273838803705
31744055,DAVIS-LACY 31K,211H,harmonic,56,1806.608112361048
31744055,DAVIS-LACY 31K,211H,harmonic,57,1776.2449508087614
31744055,DAVIS-LACY 31K,211H,harmonic,58,1746.8855301342362
31744055,DAVIS-LACY 31K,211H,harmonic,59,1718.480887367826
31744055,DAVIS-LACY 31K,211H,harmonic,60,1690.9851931699409
31744055,DAVIS-LACY 31K,211H,harmonic,61,1664.3555050885243
31744055,DAVIS-LACY 31K,211H,harmonic,62,1638.5515437693225
31744055,DAVIS-LACY 31K,211H,harmonic,63,1613.535489665974
31744055,DAVIS-LACY 31K,211H,harmonic,64,1589.2717980920497
31744055,DAVIS-LACY 31K,211H,harmonic,65,1565.7270307129083
31744055,DAVIS-LACY 31K,211H,harmonic,66,1542.8697017973911
31744055,DAVIS-LACY 31K,211H,harmonic,67,1520.6701377427526
31744055,DAVIS-LACY 31K,211H,harmonic,68,1499.100348554912
31744055,DAVIS-LACY 31K,211H,harmonic,69,1478.1339101135845
31744055,DAVIS-LACY 31K,211H,harmonic,70,1457.7458561809835
31744055,DAVIS-LACY 31K,211H,harmonic,71,1437.9125792261402
31744055,DAVIS-LACY 31K,211H,harmonic,72,1418.6117392365277
31744055,DAVIS-LACY 31K,211H,harmonic,73,1399.822179776441
31744055,DAVIS-LACY 31K,211H,harmonic,74,1381.5238506290366
31744055,DAVIS-LACY 31K,211H,harmonic,75,1363.6977364273716
31744055,DAVIS-LACY 31K,211H,harmonic,76,1346.3257907403988
31744055,DAVIS-LACY 31K,211H,harmonic,77,1329.3908751336014
31744055,DAVIS-LACY 31K,211H,harmonic,78,1312.876702771693
31744055,DAVIS-LACY 31K,211H,harmonic,79,1296.7677861732675
31744055,DAVIS-LACY 31K,211H,harmonic,80,1281.0493887651066
31744055,DAVIS-LACY 31K,211H,harmonic,81,1265.7074799176205
31744055,DAVIS-LACY 31K,211H,harmonic,82,1250.728693173033
31744055,DAVIS-LACY 31K,211H,harmonic,83,1236.1002874049275
31744055,DAVIS-LACY 31K,211H,harmonic,84,1221.8101106719225
31744055,DAVIS-LACY 31K,211H,harmonic,85,1207.8465665499577
31744055,DAVIS-LACY 31K,211H,harmonic,86,1194.1985827471335
31744055,DAVIS-LACY 31K,211H,harmonic,87,1180.8555818225843
31744055,DAVIS-LACY 31K,211H,harmonic,88,1167.8074538466442
31744055,DAVIS-LACY 31K,211H,harmonic,89,1155.0445308537846
31744055,DAVIS-LACY 31K,211H,harmonic,90,1142.5575629526627
31744055,DAVIS-LACY 31K,211H,harmonic,91,1130.3376959692118
31744055,DAVIS-LACY 31K,211H,harmonic,92,1118.3764505092201
31744055,DAVIS-LACY 31K,211H,harmonic,93,1106.6657023363487
31744055,DAVIS-LACY 31K,211H,harmonic,94,1095.1976639701688
31744055,DAVIS-LACY 31K,211H,harmonic,95,1083.9648674166287
31744055,DAVIS-LACY 31K,211H,harmonic,96,1072.96014795047
31744055,DAVIS-LACY 31K,211H,harmonic,97,1062.176628875591
31744055,DAVIS-LACY 31K,211H,harmonic,98,1051.6077071952368
31744055,DAVIS-LACY 31K,211H,harmonic,99,1041.247040129274
31744055,DAVIS-LACY 31K,211H,harmonic,100,1031.0885324206956
31744055,DAVIS-LACY 31K,211H,harmonic,101,1021.1263243779835
31744055,DAVIS-LACY 31K,211H,harmonic,102,1011.3547806040316
31744055,DAVIS-LACY 31K,211H,harmonic,103,1001.7684793660786
31744055,DAVIS-LACY 31K,211H,harmonic,104,992.3622025645193
31744055,DAVIS-LACY 31K,211H,harmonic,105,983.1309262615936
31744055,DAVIS-LACY 31K,211H,harmonic,106,974.0698117338368
31744055,DAVIS-LACY 31K,211H,harmonic,107,965.1741970148064
31744055,DAVIS-LACY 31K,211H,harmonic,108,956.4395888970254
31744055,DAVIS-LACY 31K,211H,harmonic,109,947.8616553643167
31744055,DAVIS-LACY 31K,211H,harmonic,110,939.436218427745
31744055,DAVIS-LACY 31K,211H,harmonic,111,931.1592473402757
31744055,DAVIS-LACY 31K,211H,harmonic,112,923.0268521669982
31744055,DAVIS-LACY 31K,211H,harmonic,113,915.0352776893619
31744055,DAVIS-LACY 31K,211H,harmonic,114,907.1808976233589
31744055,DAVIS-LACY 31K,211H,harmonic,115,899.4602091329473
31744055,DAVIS-LACY 31K,211H,harmonic,116,891.8698276212767
31744055,DAVIS-LACY 31K,211H,harmonic,117,884.4064817834418
31744055,DAVIS-LACY 31K,211H,harmonic,118,877.0670089055709
31744055,DAVIS-LACY 31K,211H,harmonic,119,869.8483503960601
31744055,DAVIS-LACY 31K,211H,harmonic,120,862.7475475356841
31744057,DAVIS-LACY 31I,209H,harmonic,34,3842.5593307348245
31744057,DAVIS-LACY 31I,209H,harmonic,35,3740.0910819152296
31744057,DAVIS-LACY 31I,209H,harmonic,36,3642.9458590083404
31744057,DAVIS-LACY 31I,209H,harmonic,37,3550.719381565091
31744057,DAVIS-LACY 31I,209H,harmonic,38,3463.0472980696563
31744057,DAVIS-LACY 31I,209H,harmonic,39,3379.6003752246047
31744057,DAVIS-LACY 31I,209H,harmonic,40,3300.080366395791
31744057,DAVIS-LACY 31I,209H,harmonic,41,3224.216449926922
31744057,DAVIS-LACY 31I,209H,harmonic,42,3151.7621476813733
31744057,DAVIS-LACY 31I,209H,harmonic,43,3082.4926499301346
31744057,DAVIS-LACY 31I,209H,harmonic,44,3016.2024854155075
31744057,DAVIS-LACY 31I,209H,harmonic,45,2952.70348572255
31744057,DAVIS-LACY 31I,209H,harmonic,46,2891.8230014808473
31744057,DAVIS-LACY 31I,209H,harmonic,47,2833.402334784265
31744057,DAVIS-LACY 31I,209H,harmonic,48,2777.2953578578436
31744057,DAVIS-LACY 31I,209H,harmonic,49,2723.3672926567206
31744057,DAVIS-LACY 31I,209H,harmonic,50,2671.49362993945
31744057,DAVIS-LACY 31I,209H,harmonic,51,2621.5591695667495
31744057,DAVIS-LACY 31I,209H,harmonic,52,2573.4571664554333
31744057,DAVIS-LACY 31I,209H,harmonic,53,2527.0885688616413
31744057,DAVIS-LACY 31I,209H,harmonic,54,2482.361337554356
31744057,DAVIS-LACY 31I,209H,harmonic,55,2439.1898360316713
31744057,DAVIS-LACY 31I,209H,harmonic,56,2397.4942832789934
31744057,DAVIS-LACY 31I,209H,harmonic,57,2357.2002617112794
31744057,DAVIS-LACY 31I,209H,harmonic,58,2318.238273914398
31744057,DAVIS-LACY 31I,209H,harmonic,59,2280.5433426312375
31744057,DAVIS-LACY 31I,209H,harmonic,60,2244.0546491491377
31744057,DAVIS-LACY 31I,209H,harmonic,61,2208.71520585545
31744057,DAVIS-LACY 31I,209H,harmonic,62,2174.4715592530406
31744057,DAVIS-LACY 31I,209H,harmonic,63,2141.273520180475
31744057,DAVIS-LACY 31I,209H,harmonic,64,2109.07391837325
31744057,DAVIS-LACY 31I,209H,harmonic,65,2077.8283788417943
31744057,DAVIS-LACY 31I,209H,harmonic,66,2047.4951178368044
31744057,DAVIS-LACY 31I,209H,harmonic,67,2018.0347564290807
31744057,DAVIS-LACY 31I,209H,harmonic,68,1989.4101499549092
31744057,DAVIS-LACY 31I,209H,harmonic,69,1961.5862317737217
31744057,DAVIS-LACY 31I,209H,harmonic,70,1934.5298699561533
31744057,DAVIS-LACY 31I,209H,harmonic,71,1908.2097356710353
31744057,DAVIS-LACY 31I,209H,harmonic,72,1882.5961821720955
31744057,DAVIS-LACY 31I,209H,harmonic,73,1857.661133401604
31744057,DAVIS-LACY 31I,209H,harmonic,74,1833.3779813309948
31744057,DAVIS-LACY 31I,209H,harmonic,75,1809.7214912493048
31744057,DAVIS-LACY 31I,209H,harmonic,76,1786.6677142907147
31744057,DAVIS-LACY 31I,209H,harmonic,77,1764.1939065637876
31744057,DAVIS-LACY 31I,209H,harmonic,78,1742.2784543083367
31744057,DAVIS-LACY 31I,209H,harmonic,79,1720.9008045622222
31744057,DAVIS-LACY 31I,209H,harmonic,80,1700.041400870559
31744057,DAVIS-LACY 31I,209H,harmonic,81,1679.6816236146242
31744057,DAVIS-LACY 31I,209H,harmonic,82,1659.8037345777645
31744057,DAVIS-LACY 31I,209H,harmonic,83,1640.3908254014164
31744057,DAVIS-LACY 31I,209H,harmonic,84,1621.426769616429
31744057,DAVIS-LACY 31I,209H,harmonic,85,1602.89617796367
31744057,DAVIS-LACY 31I,209H,harmonic,86,1584.7843567437415
31744057,DAVIS-LACY 31I,209H,harmonic,87,1567.077268958895
31744057,DAVIS-LACY 31I,209H,harmonic,88,1549.7614980311723
31744057,DAVIS-LACY 31I,209H,harmonic,89,1532.8242138996843
31744057,DAVIS-LACY 31I,209H,harmonic,90,1516.253141316985
31744057,DAVIS-LACY 31I,209H,harmonic,91,1500.036530179905
31744057,DAVIS-LACY 31I,209H,harmonic,92,1484.1631277441386
31744057,DAVIS-LACY 31I,209H,harmonic,93,1468.6221525845142
31744057,DAVIS-LACY 31I,209H,harmonic,94,1453.403270174312
31744057,DAVIS-LACY 31I,209H,harmonic,95,1438.496569967396
31744057,DAVIS-LACY 31I,209H,harmonic,96,1423.8925438763563
31744057,DAVIS-LACY 31I,209H,harmonic,97,1409.5820660484533
31744057,DAVIS-LACY 31I,209H,harmonic,98,1395.5563738489661
31744057,DAVIS-LACY 31I,209H,harmonic,99,1381.807049968681
31744057,DAVIS-LACY 31I,209H,harmonic,100,1368.3260055787425
31744057,DAVIS-LACY 31I,209H,harmonic,101,1355.1054644620397
31744057,DAVIS-LACY 31I,209H,harmonic,102,1342.1379480557043
31744057,DAVIS-LACY 31I,209H,harmonic,103,1329.4162613442759
31744057,DAVIS-LACY 31I,209H,harmonic,104,1316.9334795476161
31744057,DAVIS-LACY 31I,209H,harmonic,105,1304.6829355518244
31744057,DAVIS-LACY 31I,209H,harmonic,106,1292.6582080352175
31744057,DAVIS-LACY 31I,209H,harmonic,107,1280.8531102449415
31744057,DAVIS-LACY 31I,209H,harmonic,108,1269.2616793829964
31744057,DAVIS-LACY 31I,209H,harmonic,109,1257.878166563418
31744057,DAVIS-LACY 31I,209H,harmonic,110,1246.6970273050765
31744057,DAVIS-LACY 31I,209H,harmonic,111,1235.712912527058
31744057,DAVIS-LACY 31I,209H,harmonic,112,1224.9206600159048
31744057,DAVIS-LACY 31I,209H,harmonic,113,1214.3152863361136
31744057,DAVIS-LACY 31I,209H,harmonic,114,1203.8919791572628
31744057,DAVIS-LACY 31I,209H,harmonic,115,1193.6460899729457
31744057,DAVIS-LACY 31I,209H,harmonic,116,1183.5731271883637
31744057,DAVIS-LACY 31I,209H,harmonic,117,1173.6687495549884
31744057,DAVIS-LACY 31I,209H,harmonic,118,1163.9287599321253
31744057,DAVIS-LACY 31I,209H,harmonic,119,1154.3490993565524
31744057,DAVIS-LACY 31I,209H,harmonic,120,1144.9258414026212
31744070,DAVIS-LACY 31C,203H,harmonic,34,1632.4168611559917
31744070,DAVIS-LACY 31C,203H,harmonic,35,1588.8857448584988
31744070,DAVIS-LACY 31C,203H,harmonic,36,1547.6159852517844
31744070,DAVIS-LACY 31C,203H,harmonic,37,1508.4358337264227
31744070,DAVIS-LACY 31C,203H,harmonic,38,1471.1905044986097
31744070,DAVIS-LACY 31C,203H,harmonic,39,1435.7401308962337
31744070,DAVIS-LACY 31C,203H,harmonic,40,1401.9580101692636
31744070,DAVIS-LACY 31C,203H,harmonic,41,1369.7290903952573
31744070,DAVIS-LACY 31C,203H,harmonic,42,1338.9486613976112
31744070,DAVIS-LACY 31C,203H,harmonic,43,1309.5212182899716
31744070,DAVIS-LACY 31C,203H,harmonic,44,1281.3594716600794
31744070,DAVIS-LACY 31C,203H,harmonic,45,1254.3834827830253
31744070,DAVIS-LACY 31C,203H,harmonic,46,1228.5199058184267
31744070,DAVIS-LACY 31C,203H,harmonic,47,1203.701321862499
31744070,DAVIS-LACY 31C,203H,harmonic,48,1179.8656521226474
31744070,DAVIS-LACY 31C,203H,harmonic,49,1156.9556394600718
31744070,DAVIS-LACY 31C,203H,harmonic,50,1134.918389184642
31744070,DAVIS-LACY 31C,203H,harmonic,51,1113.7049613494148
31744070,DAVIS-LACY 31C,203H,harmonic,52,1093.2700079301596
31744070,DAVIS-LACY 31C,203H,harmonic,53,1073.5714492287152
31744070,DAVIS-LACY 31C,203H,harmonic,54,1054.5701846405964
31744070,DAVIS-LACY 31C,203H,harmonic,55,1036.2298336033687
31744070,DAVIS-LACY 31C,203H,harmonic,56,1018.5165031144221
31744070,DAVIS-LACY 31C,203H,harmonic,57,1001.3985786923311
31744070,DAVIS-LACY 31C,203H,harmonic,58,984.8465360693173
31744070,DAVIS-LACY 31C,203H,harmonic,59,968.832771255182
31744070,DAVIS-LACY 31C,203H,harmonic,60,953.3314469150993
31744070,DAVIS-LACY 31C,203H,harmonic,61,938.3183532628929
31744070,DAVIS-LACY 31C,203H,harmonic,62,923.7707818944759
31744070,DAVIS-LACY 31C,203H,harmonic,63,909.6674111785297
31744070,DAVIS-LACY 31C,203H,harmonic,64,895.9882019878752
31744070,DAVIS-LACY 31C,203H,harmonic,65,882.714302699166
31744070,DAVIS-LACY 31C,203H,harmonic,66,869.8279625137766
31744070,DAVIS-LACY 31C,203H,harmonic,67,857.3124522617799
31744070,DAVIS-LACY 31C,203H,harmonic,68,845.1519919460098
31744070,DAVIS-LACY 31C,203H,harmonic,69,833.3316843663455
31744070,DAVIS-LACY 31C,203H,harmonic,70,821.8374542371545
31744070,DAVIS-LACY 31C,203H,harmonic,71,810.6559922747442
31744070,DAVIS-LACY 31C,203H,harmonic,72,799.7747037878349
31744070,DAVIS-LACY 31C,203H,harmonic,73,789.1816613535589
31744070,DAVIS-LACY 31C,203H,harmonic,74,778.8655612051464
31744070,DAVIS-LACY 31C,203H,harmonic,75,768.8156829960477
31744070,DAVIS-LACY 31C,203H,harmonic,76,759.0218526394102
31744070,DAVIS-LACY 31C,203H,harmonic,77,749.474407952122
31744070,DAVIS-LACY 31C,203H,harmonic,78,740.164166859549
31744070,DAVIS-LACY 31C,203H,harmonic,79,731.082397941027
31744070,DAVIS-LACY 31C,203H,harmonic,80,722.2207931174994
31744070,DAVIS-LACY 31C,203H,harmonic,81,713.571442301721
31744070,DAVIS-LACY 31C,203H,harmonic,82,705.1268098484461
31744070,DAVIS-LACY 31C,203H,harmonic,83,696.8797126572363
31744070,DAVIS-LACY 31C,203H,harmonic,84,688.8232997941468
31744070,DAVIS-LACY 31C,203H,harmonic,85,680.9510335107851
31744070,DAVIS-LACY 31C,203H,harmonic,86,673.2566715502113
31744070,DAVIS-LACY 31C,203H,harmonic,87,665.7342506390357
31744070,DAVIS-LACY 31C,203H,harmonic,88,658.3780710739635
31744070,DAVIS-LACY 31C,203H,harmonic,89,651.1826823190568
31744070,DAVIS-LACY 31C,203H,harmonic,90,644.1428695372292
31744070,DAVIS-LACY 31C,203H,harmonic,91,637.2536409860289
31744070,DAVIS-LACY 31C,203H,harmonic,92,630.5102162136899
31744070,DAVIS-LACY 31C,203H,harmonic,93,623.9080149967926
31744070,DAVIS-LACY 31C,203H,harmonic,94,617.4426469657378
31744070,DAVIS-LACY 31C,203H,harmonic,95,611.1099018686533
31744070,DAVIS-LACY 31C,203H,harmonic,96,604.9057404283624
31744070,DAVIS-LACY 31C,203H,harmonic,97,598.8262857506904
31744070,DAVIS-LACY 31C,203H,harmonic,98,592.8678152457085
31744070,DAVIS-LACY 31C,203H,harmonic,99,587.0267530265389
31744070,DAVIS-LACY 31C,203H,harmonic,100,581.2996627531093
31744070,DAVIS-LACY 31C,203H,harmonic,101,575.6832408907603
31744070,DAVIS-LACY 31C,203H,harmonic,102,570.1743103559205
31744070,DAVIS-LACY 31C,203H,harmonic,103,564.7698145231631
31744070,DAVIS-LACY 31C,203H,harmonic,104,559.4668115698939
31744070,DAVIS-LACY 31C,203H,harmonic,105,554.2624691366856
31744070,DAVIS-LACY 31C,203H,harmonic,106,549.1540592828912
31744070,DAVIS-LACY 31C,203H,harmonic,107,544.1389537186639
31744070,DAVIS-LACY 31C,203H,harmonic,108,539.2146192958705
31744070,DAVIS-LACY 31C,203H,harmonic,109,534.3786137416475
31744070,DAVIS-LACY 31C,203H,harmonic,110,529.6285816194995
31744070,DAVIS-LACY 31C,203H,harmonic,111,524.9622505039092
31744070,DAVIS-LACY 31C,203H,harmonic,112,520.3774273554035
31744070,DAVIS-LACY 31C,203H,harmonic,113,515.8719950839281
31744070,DAVIS-LACY 31C,203H,harmonic,114,511.4439092892163
31744070,DAVIS-LACY 31C,203H,harmonic,115,507.091195167606
31744070,DAVIS-LACY 31C,203H,harmonic,116,502.81194457547423
31744070,DAVIS-LACY 31C,203H,harmonic,117,498.6043132401146
31744070,DAVIS-LACY 31C,203H,harmonic,118,494.4665181094913
31744070,DAVIS-LACY 31C,203H,harmonic,119,490.39683483286996
31744070,DAVIS-LACY 31C,203H,harmonic,120,486.39359536484653
31743755,GLYNN-ATCHISON 44N,214H,harmonic,34,3718.258070386292
31743755,GLYNN-ATCHISON 44N,214H,harmonic,35,3619.104521842658
31743755,GLYNN-ATCHISON 44N,214H,harmonic,36,3525.1018069896018
31743755,GLYNN-ATCHISON 44N,214H,harmonic,37,3435.858723268346
31743755,GLYNN-ATCHISON 44N,214H,harmonic,38,3351.0227054098677
31743755,GLYNN-ATCHISON 44N,214H,harmonic,39,3270.2751703397507
31743755,GLYNN-ATCHISON 44N,214H,harmonic,40,3193.3275192729334
31743755,GLYNN-ATCHISON 44N,214H,harmonic,41,3119.91769124367
31743755,GLYNN-ATCHISON 44N,214H,harmonic,42,3049.807181328082
31743755,GLYNN-ATCHISON 44N,214H,harmonic,43,2982.778452068125
31743755,GLYNN-ATCHISON 44N,214H,harmonic,44,2918.632678905369
31743755,GLYNN-ATCHISON 44N,214H,harmonic,45,2857.1877804020983
31743755,GLYNN-ATCHISON 44N,214H,harmonic,46,2798.2766921463844
31743755,GLYNN-ATCHISON 44N,214H,harmonic,47,2741.7458498808014
31743755,GLYNN-ATCHISON 44N,214H,harmonic,48,2687.4538528534586
31743755,GLYNN-ATCHISON 44N,214H,harmonic,49,2635.270282895139
31743755,GLYNN-ATCHISON 44N,214H,harmonic,50,2585.0746584590415
31743755,GLYNN-ATCHISON 44N,214H,harmonic,51,2536.7555059644797
31743755,GLYNN-ATCHISON 44N,214H,harmonic,52,2490.2095333779757
31743755,GLYNN-ATCHISON 44N,214H,harmonic,53,2445.340893136931
31743755,GLYNN-ATCHISON 44N,214H,harmonic,54,2402.060523346897
31743755,GLYNN-ATCHISON 44N,214H,harmonic,55,2360.2855577234727
31743755,GLYNN-ATCHISON 44N,214H,harmonic,56,2319.9387960529857
31743755,GLYNN-ATCHISON 44N,214H,harmonic,57,2280.948228052095
31743755,GLYNN-ATCHISON 44N,214H,harmonic,58,2243.2466044479283
31743755,GLYNN-ATCHISON 44N,214H,harmonic,59,2206.7710499040595
31743755,GLYNN-ATCHISON 44N,214H,harmonic,60,2171.462713105595
31743755,GLYNN-ATCHISON 44N,214H,harmonic,61,2137.266449907081
31743755,GLYNN-ATCHISON 44N,214H,harmonic,62,2104.130535955034
31743755,GLYNN-ATCHISON 44N,214H,harmonic,63,2072.0064056351093
31743755,GLYNN-ATCHISON 44N,214H,harmonic,64,2040.8484145729274
31743755,GLYNN-ATCHISON 44N,214H,harmonic,65,2010.613623245921
31743755,GLYNN-ATCHISON 44N,214H,harmonic,66,1981.2615995489002
31743755,GLYNN-ATCHISON 44N,214H,harmonic,67,1952.7542384043118
31743755,GLYNN-ATCHISON 44N,214H,harmonic,68,1925.0555967248179
31743755,GLYNN-ATCHISON 44N,214H,harmonic,69,1898.1317422251702
31743755,GLYNN-ATCHISON 44N,214H,harmonic,70,1871.9506147462023
31743755,GLYNN-ATCHISON 44N,214H,harmonic,71,1846.4818988993152
31743755,GLYNN-ATCHISON 44N,214H,harmonic,72,1821.6969069677807
31743755,GLYNN-ATCHISON 44N,214H,harmonic,73,1797.5684711139027
31743755,GLYNN-ATCHISON 44N,214H,harmonic,74,1774.0708440405185
31743755,GLYNN-ATCHISON 44N,214H,harmonic,75,1751.1796073432215
31743755,GLYNN-ATCHISON 44N,214H,harmonic,76,1728.8715868675117
31743755,GLYNN-ATCHISON 44N,214H,harmonic,77,1707.1247744540838
31743755,GLYNN-ATCHISON 44N,214H,harmonic,78,1685.918255516766
31743755,GLYNN-ATCHISON 44N,214H,harmonic,79,1665.2321419521431
31743755,GLYNN-ATCHISON 44N,214H,harmonic,80,1645.0475099284808
31743755,GLYNN-ATCHISON 44N,214H,harmonic,81,1625.3463421449062
31743755,GLYNN-ATCHISON 44N,214H,harmonic,82,1606.1114741905285
31743755,GLYNN-ATCHISON 44N,214H,harmonic,83,1587.3265446678322
31743755,GLYNN-ATCHISON 44N,214H,harmonic,84,1568.9759487757187
31743755,GLYNN-ATCHISON 44N,214H,harmonic,85,1551.0447950754249
31743755,GLYNN-ATCHISON 44N,214H,harmonic,86,1533.518865187567
31743755,GLYNN-ATCHISON 44N,214H,harmonic,87,1516.3845761910577
31743755,GLYNN-ATCHISON 44N,214H,harmonic,88,1499.6289455149133
31743755,GLYNN-ATCHISON 44N,214H,harmonic,89,1483.2395581322369
31743755,GLYNN-ATCHISON 44N,214H,harmonic,90,1467.2045358821586
31743755,GLYNN-ATCHISON 44N,214H,harmonic,91,1451.5125087604245
31743755,GLYNN-ATCHISON 44N,214H,harmonic,92,1436.1525880328006
31743755,GLYNN-ATCHISON 44N,214H,harmonic,93,1421.1143410376928
31743755,GLYNN-ATCHISON 44N,214H,harmonic,94,1406.387767555437
31743755,GLYNN-ATCHISON 44N,214H,harmonic,95,1391.9632776317915
31743755,GLYNN-ATCHISON 44N,214H,harmonic,96,1377.8316707522806
31743755,GLYNN-ATCHISON 44N,214H,harmonic,97,1363.9841162723583
31743755,GLYNN-ATCHISON 44N,214H,harmonic,98,1350.412135015917
31743755,GLYNN-ATCHISON 44N,214H,harmonic,99,1337.107581961573
31743755,GLYNN-ATCHISON 44N,214H,harmonic,100,1324.0626299424357
31743755,GLYNN-ATCHISON 44N,214H,harmonic,101,1311.269754290818
31743755,GLYNN-ATCHISON 44N,214H,harmonic,102,1298.72171836459
31743755,GLYNN-ATCHISON 44N,214H,harmonic,103,1286.4115598966794
31743755,GLYNN-ATCHISON 44N,214H,harmonic,104,1274.3325781136118
31743755,GLYNN-ATCHISON 44N,214H,harmonic,105,1262.4783215730201
31743755,GLYNN-ATCHISON 44N,214H,harmonic,106,1250.8425766737296
31743755,GLYNN-ATCHISON 44N,214H,harmonic,107,1239.4193567954308
31743755,GLYNN-ATCHISON 44N,214H,harmonic,108,1228.2028920280513
31743755,GLYNN-ATCHISON 44N,214H,harmonic,109,1217.1876194538086
31743755,GLYNN-ATCHISON 44N,214H,harmonic,110,1206.3681739475526
31743755,GLYNN-ATCHISON 44N,214H,harmonic,111,1195.7393794634331
31743755,GLYNN-ATCHISON 44N,214H,harmonic,112,1185.2962407781629
31743755,GLYNN-ATCHISON 44N,214H,harmonic,113,1175.0339356632005
31743755,GLYNN-ATCHISON 44N,214H,harmonic,114,1164.947807460083
31743755,GLYNN-ATCHISON 44N,214H,harmonic,115,1155.0333580348909
31743755,GLYNN-ATCHISON 44N,214H,harmonic,116,1145.2862410894486
31743755,GLYNN-ATCHISON 44N,214H,harmonic,117,1135.7022558083654
31743755,GLYNN-ATCHISON 44N,214H,harmonic,118,1126.2773408224039
31743755,GLYNN-ATCHISON 44N,214H,harmonic,119,1117.0075684699561
31743755,GLYNN-ATCHISON 44N,214H,harmonic,120,1107.889139339589
31744053,EPLEY-MARTIN 31D,104H,harmonic,34,2963.547296126513
31744053,EPLEY-MARTIN 31D,104H,harmonic,35,2884.5193682298063
31744053,EPLEY-MARTIN 31D,104H,harmonic,36,2809.596787236824
31744053,EPLEY-MARTIN 31D,104H,harmonic,37,2738.4677546485505
31744053,EPLEY-MARTIN 31D,104H,harmonic,38,2670.85126687945
31744053,EPLEY-MARTIN 31D,104H,harmonic,39,2606.4934050269335
31744053,EPLEY-MARTIN 31D,104H,harmonic,40,2545.1641484380643
31744053,EPLEY-MARTIN 31D,104H,harmonic,41,2486.6546277843154
31744053,EPLEY-MARTIN 31D,104H,harmonic,42,2430.7747485082637
31744053,EPLEY-MARTIN 31D,104H,harmonic,43,2377.3511276619283
31744053,EPLEY-MARTIN 31D,104H,harmonic,44,2326.225296959521
31744053,EPLEY-MARTIN 31D,104H,harmonic,45,2277.252132813005
31744053,EPLEY-MARTIN 31D,104H,harmonic,46,2230.2984805900564
31744053,EPLEY-MARTIN 31D,104H,harmonic,47,2185.241945628641
31744053,EPLEY-MARTIN 31D,104H,harmonic,48,2141.96982789342
31744053,EPLEY-MARTIN 31D,104H,harmonic,49,2100.378180749859
31744053,EPLEY-MARTIN 31D,104H,harmonic,50,2060.3709773070045
31744053,EPLEY-MARTIN 31D,104H,harmonic,51,2021.859370254537
31744053,EPLEY-MARTIN 31D,104H,harmonic,52,1984.7610331856465
31744053,EPLEY-MARTIN 31D,104H,harmonic,53,1948.9995731282472
31744053,EPLEY-MARTIN 31D,104H,harmonic,54,1914.5040054622607
31744053,EPLEY-MARTIN 31D,104H,harmonic,55,1881.2082836281347
31744053,EPLEY-MARTIN 31D,104H,harmonic,56,1849.0508770703887
31744053,EPLEY-MARTIN 31D,104H,harmonic,57,1817.9743917414746
31744053,EPLEY-MARTIN 31D,104H,harmonic,58,1787.9252282416153
31744053,EPLEY-MARTIN 31D,104H,harmonic,59,1758.8532733108575
31744053,EPLEY-MARTIN 31D,104H,harmonic,60,1730.711620937884
31744053,EPLEY-MARTIN 31D,104H,harmonic,61,1703.4563198207518
31744053,EPLEY-MARTIN 31D,104H,harmonic,62,1677.0461443196548
31744053,EPLEY-MARTIN 31D,104H,harmonic,63,1651.4423863911104
31744053,EPLEY-MARTIN 31D,104H,harmonic,64,1626.6086662950036
31744053,EPLEY-MARTIN 31D,104H,harmonic,65,1602.5107601276702
31744053,EPLEY-MARTIN 31D,104H,harmonic,66,1579.1164424615727
31744053,EPLEY-MARTIN 31D,104H,harmonic,67,1556.3953425700395
31744053,EPLEY-MARTIN 31D,104H,harmonic,68,1534.3188128881948
31744053,EPLEY-MARTIN 31D,104H,harmonic,69,1512.8598085121362
31744053,EPLEY-MARTIN 31D,104H,harmonic,70,1491.9927766705896
31744053,EPLEY-MARTIN 31D,104H,harmonic,71,1471.6935552192888
31744053,EPLEY-MARTIN 31D,104H,harmonic,72,1451.9392793103052
31744053,EPLEY-MARTIN 31D,104H,harmonic,73,1432.7082954783805
31744053,EPLEY-MARTIN 31D,104H,harmonic,74,1413.9800824655913
31744053,EPLEY-MARTIN 31D,104H,harmonic,75,1395.7351781757127
31744053,EPLEY-MARTIN 31D,104H,harmonic,76,1377.955112211691
31744053,EPLEY-MARTIN 31D,104H,harmonic,77,1360.6223435046256
31744053,EPLEY-MARTIN 31D,104H,harmonic,78,1343.7202025915246
31744053,EPLEY-MARTIN 31D,104H,harmonic,79,1327.2328381425489
31744053,EPLEY-MARTIN 31D,104H,harmonic,80,1311.1451673771846
31744053,EPLEY-MARTIN 31D,104H,harmonic,81,1295.4428300433262
31744053,EPLEY-MARTIN 31D,104H,harmonic,82,1280.1121456641151
31744053,EPLEY-MARTIN 31D,104H,harmonic,83,1265.1400737850026
31744053,EPLEY-MARTIN 31D,104H,harmonic,84,1250.5141769782397
31744053,EPLEY-MARTIN 31D,104H,harmonic,85,1236.2225863842027
31744053,EPLEY-MARTIN 31D,104H,harmonic,86,1222.253969588901
31744053,EPLEY-MARTIN 31D,104H,harmonic,87,1208.5975006549468
31744053,EPLEY-MARTIN 31D,104H,harmonic,88,1195.2428321394225
31744053,EPLEY-MARTIN 31D,104H,harmonic,89,1182.180068946642
31744053,EPLEY-MARTIN 31D,104H,harmonic,90,1169.3997438769486
31744053,EPLEY-MARTIN 31D,104H,harmonic,91,1156.8927947445748
31744053,EPLEY-MARTIN 31D,104H,harmonic,92,1144.6505429483357
31744053,EPLEY-MARTIN 31D,104H,harmonic,93,1132.6646733886673
31744053,EPLEY-MARTIN 31D,104H,harmonic,94,1120.9272156333445
31744053,EPLEY-MARTIN 31D,104H,harmonic,95,1109.4305262422333
31744053,EPLEY-MARTIN 31D,104H,harmonic,96,1098.1672721687078
31744053,EPLEY-MARTIN 31D,104H,harmonic,97,1087.1304151619872
31744053,EPLEY-MARTIN 31D,104H,harmonic,98,1076.313197100674
31744053,EPLEY-MARTIN 31D,104H,harmonic,99,1065.7091261932783
31744053,EPLEY-MARTIN 31D,104H,harmonic,100,1055.3119639865145
31744053,EPLEY-MARTIN 31D,104H,harmonic,101,1045.1157131267414
31744053,EPLEY-MARTIN 31D,104H,harmonic,102,1035.1146058240931
31744053,EPLEY-MARTIN 31D,104H,harmonic,103,1025.30309297268
31744053,EPLEY-MARTIN 31D,104H,harmonic,104,1015.6758338837346
31744053,EPLEY-MARTIN 31D,104H,harmonic,105,1006.2276865917929
31744053,EPLEY-MARTIN 31D,104H,harmonic,106,996.9536986969375
31744053,EPLEY-MARTIN 31D,104H,harmonic,107,987.8490987088377
31744053,EPLEY-MARTIN 31D,104H,harmonic,108,978.9092878607939
31744053,EPLEY-MARTIN 31D,104H,harmonic,109,970.1298323642847
31744053,EPLEY-MARTIN 31D,104H,harmonic,110,961.5064560766021
31744053,EPLEY-MARTIN 31D,104H,harmonic,111,953.0350335561034
31744053,EPLEY-MARTIN 31D,104H,harmonic,112,944.7115834813776
31744053,EPLEY-MARTIN 31D,104H,harmonic,113,936.5322624122748
31744053,EPLEY-MARTIN 31D,104H,harmonic,114,928.4933588722553
31744053,EPLEY-MARTIN 31D,104H,harmonic,115,920.591287732917
31744053,EPLEY-MARTIN 31D,104H,harmonic,116,912.82258488285
31744053,EPLEY-MARTIN 31D,104H,harmonic,117,905.1839021641651
31744053,EPLEY-MARTIN 31D,104H,harmonic,118,897.672002561143
31744053,EPLEY-MARTIN 31D,104H,harmonic,119,890.2837556264834
31744053,EPLEY-MARTIN 31D,104H,harmonic,120,883.0161331315734
31744782,FORTUNE-ASHLEY 31M,213H,harmonic,34,2947.8362458304005
31744782,FORTUNE-ASHLEY 31M,213H,harmonic,35,2869.227279274923
31744782,FORTUNE-ASHLEY 31M,213H,harmonic,36,2794.7018953976526
31744782,FORTUNE-ASHLEY 31M,213H,harmonic,37,2723.9499486787245
31744782,FORTUNE-ASHLEY 31M,213H,harmonic,38,2656.691925254558
31744782,FORTUNE-ASHLEY 31M,213H,harmonic,39,2592.675252356858
31744782,FORTUNE-ASHLEY 31M,213H,harmonic,40,2531.6711287719913
31744782,FORTUNE-ASHLEY 31M,213H,harmonic,41,2473.4717924783818
31744782,FORTUNE-ASHLEY 31M,213H,harmonic,42,2417.888156692351
31744782,FORTUNE-ASHLEY 31M,213H,harmonic,43,2364.7477576441675
31744782,FORTUNE-ASHLEY 31M,213H,harmonic,44,2313.892967157196
31744782,FORTUNE-ASHLEY 31M,213H,harmonic,45,2265.1794310065184
31744782,FORTUNE-ASHLEY 31M,213H,harmonic,46,2218.4747004703013
31744782,FORTUNE-ASHLEY 31M,213H,harmonic,47,2173.6570297537296
31744782,FORTUNE-ASHLEY 31M,213H,harmonic,48,2130.6143162932594
31744782,FORTUNE-ASHLEY 31M,213H,harmonic,49,2089.243164520575
31744782,FORTUNE-ASHLEY 31M,213H,harmonic,50,2049.4480566249454
31744782,FORTUNE-ASHLEY 31M,213H,harmonic,51,2011.1406163141983
31744782,FORTUNE-ASHLEY 31M,213H,harmonic,52,1974.2389536295343
31744782,FORTUNE-ASHLEY 31M,213H,harmonic,53,1938.6670805911642
31744782,FORTUNE-ASHLEY 31M,213H,harmonic,54,1904.3543888992854
31744782,FORTUNE-ASHLEY 31M,213H,harmonic,55,1871.2351821358195
31744782,FORTUNE-ASHLEY 31M,213H,harmonic,56,1839.2482559454636
31744782,FORTUNE-ASHLEY 31M,213H,harmonic,57,1808.3365205514222
31744782,FORTUNE-ASHLEY 31M,213H,harmonic,58,1778.446660707597
31744782,FORTUNE-ASHLEY 31M,213H,harmonic,59,1749.5288288261727
31744782,FORTUNE-ASHLEY 31M,213H,harmonic,60,1721.536367564954
31744782,FORTUNE-ASHLEY 31M,213H,harmonic,61,1694.425558626923
31744782,FORTUNE-ASHLEY 31M,213H,harmonic,62,1668.155394927281
31744782,FORTUNE-ASHLEY 31M,213H,harmonic,63,1642.6873736306811
31744782,FORTUNE-ASHLEY 31M,213H,harmonic,64,1617.9853078617987
31744782,FORTUNE-ASHLEY 31M,213H,harmonic,65,1594.0151551527351
31744782,FORTUNE-ASHLEY 31M,213H,harmonic,66,1570.7448609169287
31744782,FORTUNE-ASHLEY 31M,213H,harmonic,67,1548.1442154361096
31744782,FORTUNE-ASHLEY 31M,213H,harmonic,68,1526.184723018576
31744782,FORTUNE-ASHLEY 31M,213H,harmonic,69,1504.8394821371974
31744782,FORTUNE-ASHLEY 31M,213H,harmonic,70,1484.0830754870292
31744782,FORTUNE-ASHLEY 31M,213H,harmonic,71,1463.8914690178178
31744782,FORTUNE-ASHLEY 31M,213H,harmonic,72,1444.2419190981157
31744782,FORTUNE-ASHLEY 31M,213H,harmonic,73,1425.112887057081
31744782,FORTUNE-ASHLEY 31M,213H,harmonic,74,1406.4839604288838
31744782,FORTUNE-ASHLEY 31M,213H,harmonic,75,1388.3357802943178
31744782,FORTUNE-ASHLEY 31M,213H,harmonic,76,1370.6499741759187
31744782,FORTUNE-ASHLEY 31M,213H,harmonic,77,1353.4090939976054
31744782,FORTUNE-ASHLEY 31M,213H,harmonic,78,1336.5965586684424
31744782,FORTUNE-ASHLEY 31M,213H,harmonic,79,1320.1966008933696
31744782,FORTUNE-ASHLEY 31M,213H,harmonic,80,1304.194217852238
31744782,FORTUNE-ASHLEY 31M,213H,harmonic,81,1288.5751254228699
31744782,FORTUNE-ASHLEY 31M,213H,harmonic,82,1273.3257156545517
31744782,FORTUNE-ASHLEY 31M,213H,harmonic,83,1258.4330172258435
31744782,FORTUNE-ASHLEY 31M,213H,harmonic,84,1243.884658645198
31744782,FORTUNE-ASHLEY 31M,213H,harmonic,85,1229.6688339749671
31744782,FORTUNE-ASHLEY 31M,213H,harmonic,86,1215.7742708792048
31744782,FORTUNE-ASHLEY 31M,213H,harmonic,87,1202.1902008135153
31744782,FORTUNE-ASHLEY 31M,213H,harmonic,88,1188.9063311912664
31744782,FORTUNE-ASHLEY 31M,213H,harmonic,89,1175.9128193749684
31744782,FORTUNE-ASHLEY 31M,213H,harmonic,90,1163.2002483546987
31744782,FORTUNE-ASHLEY 31M,213H,harmonic,91,1150.7596039872687
31744782,FORTUNE-ASHLEY 31M,213H,harmonic,92,1138.582253680525
31744782,FORTUNE-ASHLEY 31M,213H,harmonic,93,1126.6599264168547
31744782,FORTUNE-ASHLEY 31M,213H,harmonic,94,1114.9846940187526
31744782,FORTUNE-ASHLEY 31M,213H,harmonic,95,1103.5489535672782
31744782,FORTUNE-ASHLEY 31M,213H,harmonic,96,1092.3454108914682
31744782,FORTUNE-ASHLEY 31M,213H,harmonic,97,1081.367065053363
31744782,FORTUNE-ASHLEY 31M,213H,harmonic,98,1070.6071937592997
31744782,FORTUNE-ASHLEY 31M,213H,harmonic,99,1060.0593396335923
31744782,FORTUNE-ASHLEY 31M,213H,harmonic,100,1049.7172972957037
31744782,FORTUNE-ASHLEY 31M,213H,harmonic,101,1039.5751011865664
31744782,FORTUNE-ASHLEY 31M,213H,harmonic,102,1029.6270140938718
31744782,FORTUNE-ASHLEY 31M,213H,harmonic,103,1019.867516329949
31744782,FORTUNE-ASHLEY 31M,213H,harmonic,104,1010.2912955193392
31744782,FORTUNE-ASHLEY 31M,213H,harmonic,105,1000.8932369563686
31744782,FORTUNE-ASHLEY 31M,213H,harmonic,106,991.6684144959411
31744782,FORTUNE-ASHLEY 31M,213H,harmonic,107,982.6120819434668
31744782,FORTUNE-ASHLEY 31M,213H,harmonic,108,973.7196649123042
31744782,FORTUNE-ASHLEY 31M,213H,harmonic,109,964.9867531193688
31744782,FORTUNE-ASHLEY 31M,213H,harmonic,110,956.4090930916411
31744782,FORTUNE-ASHLEY 31M,213H,harmonic,111,947.9825812582344
31744782,FORTUNE-ASHLEY 31M,213H,harmonic,112,939.7032574044508
31744782,FORTUNE-ASHLEY 31M,213H,harmonic,113,931.5672984658842
31744782,FORTUNE-ASHLEY 31M,213H,harmonic,114,923.5710126421427
31744782,FORTUNE-ASHLEY 31M,213H,harmonic,115,915.7108338111458
31744782,FORTUNE-ASHLEY 31M,213H,harmonic,116,907.9833162262414
31744782,FORTUNE-ASHLEY 31M,213H,harmonic,117,900.3851294795784
31744782,FORTUNE-ASHLEY 31M,213H,harmonic,118,892.9130537162624
31744782,FORTUNE-ASHLEY 31M,213H,harmonic,119,885.5639750848528
31744782,FORTUNE-ASHLEY 31M,213H,harmonic,120,878.3348814106909
31744059,DAVIS-LACY 31G,207H,harmonic,34,2557.2675926336246
31744059,DAVIS-LACY 31G,207H,harmonic,35,2489.073790163395
31744059,DAVIS-LACY 31G,207H,harmonic,36,2424.422522886424
31744059,DAVIS-LACY 31G,207H,harmonic,37,2363.044737496894
31744059,DAVIS-LACY 31G,207H,harmonic,38,2304.697953854995
31744059,DAVIS-LACY 31G,207H,harmonic,39,2249.163063400658
31744059,DAVIS-LACY 31G,207H,harmonic,40,2196.241579555937
31744059,DAVIS-LACY 31G,207H,harmonic,41,2145.7532673822366
31744059,DAVIS-LACY 31G,207H,harmonic,42,2097.5340928343217
31744059,DAVIS-LACY 31G,207H,harmonic,43,2051.4344424423584
31744059,DAVIS-LACY 31G,207H,harmonic,44,2007.317572712415
31744059,DAVIS-LACY 31G,207H,harmonic,45,1965.058255392154
31744059,DAVIS-LACY 31G,207H,harmonic,46,1924.5415903325218
31744059,DAVIS-LACY 31G,207H,harmonic,47,1885.6619622449962
31744059,DAVIS-LACY 31G,207H,harmonic,48,1848.3221214084613
31744059,DAVIS-LACY 31G,207H,harmonic,49,1812.4323714782001
31744059,DAVIS-LACY 31G,207H,harmonic,50,1777.9098501167107
31744059,DAVIS-LACY 31G,207H,harmonic,51,1744.677890301445
31744059,DAVIS-LACY 31G,207H,harmonic,52,1712.66545194729
31744059,DAVIS-LACY 31G,207H,harmonic,53,1681.8066149752667
31744059,DAVIS-LACY 31G,207H,harmonic,54,1652.0401262146427
31744059,DAVIS-LACY 31G,207H,harmonic,55,1623.3089935848227
31744059,DAVIS-LACY 31G,207H,harmonic,56,1595.560121899612
31744059,DAVIS-LACY 31G,207H,harmonic,57,1568.7439853970977
31744059,DAVIS-LACY 31G,207H,harmonic,58,1542.8143327459059
31744059,DAVIS-LACY 31G,207H,harmonic,59,1517.7279208313382
31744059,DAVIS-LACY 31G,207H,harmonic,60,1493.4442740980369
31744059,DAVIS-LACY 31G,207H,harmonic,61,1469.9254666319262
31744059,DAVIS-LACY 31G,207H,harmonic,62,1447.1359245136016
31744059,DAVIS-LACY 31G,207H,harmonic,63,1425.0422462767526
31744059,DAVIS-LACY 31G,207H,harmonic,64,1403.6130395658242
31744059,DAVIS-LACY 31G,207H,harmonic,65,1382.8187723129972
31744059,DAVIS-LACY 31G,207H,harmonic,66,1362.6316369507635
31744059,DAVIS-LACY 31G,207H,harmonic,67,1343.0254263471554
31744059,DAVIS-LACY 31G,207H,harmonic,68,1323.975420299678
31744059,DAVIS-LACY 31G,207H,harmonic,69,1305.458281554228
31744059,DAVIS-LACY 31G,207H,harmonic,70,1287.4519604293423
31744059,DAVIS-LACY 31G,207H,harmonic,71,1269.935607226222
31744059,DAVIS-LACY 31G,207H,harmonic,72,1252.889491692984
31744059,DAVIS-LACY 31G,207H,harmonic,73,1236.2949288891034
31744059,DAVIS-LACY 31G,207H,harmonic,74,1220.1342108644092
31744059,DAVIS-LACY 31G,207H,harmonic,75,1204.3905436274492
31744059,DAVIS-LACY 31G,207H,harmonic,76,1189.047988931558
31744059,DAVIS-LACY 31G,207H,harmonic,77,1174.0914104544315
31744059,DAVIS-LACY 31G,207H,harmonic,78,1159.506423989159
31744059,DAVIS-LACY 31G,207H,harmonic,79,1145.2793513021757
31744059,DAVIS-LACY 31G,207H,harmonic,80,1131.3971773469978
31744059,DAVIS-LACY 31G,207H,harmonic,81,1117.847510552423
31744059,DAVIS-LACY 31G,207H,harmonic,82,1104.6185459305007
31744059,DAVIS-LACY 31G,207H,harmonic,83,1091.6990307734188
31744059,DAVIS-LACY 31G,207H,harmonic,84,1079.0782327297954
31744059,DAVIS-LACY 31G,207H,harmonic,85,1066.7459100700264
31744059,DAVIS-LACY 31G,207H,harmonic,86,1054.6922839675403
31744059,DAVIS-LACY 31G,207H,harmonic,87,1042.908012638294
31744059,DAVIS-LACY 31G,207H,harmonic,88,1031.3841671947769
31744059,DAVIS-LACY 31G,207H,harmonic,89,1020.1122090833586
31744059,DAVIS-LACY 31G,207H,harmonic,90,1009.0839689851601
31744059,DAVIS-LACY 31G,207H,harmonic,91,998.2916270708804
31744059,DAVIS-LACY 31G,207H,harmonic,92,987.7276945092837
31744059,DAVIS-LACY 31G,207H,harmonic,93,977.3849961374586
31744059,DAVIS-LACY 31G,207H,harmonic,94,967.2566542085732
31744059,DAVIS-LACY 31G,207H,harmonic,95,957.3360731397673
31744059,DAVIS-LACY 31G,207H,harmonic,96,947.6169251891097
31744059,DAVIS-LACY 31G,207H,harmonic,97,938.0931369962543
31744059,DAVIS-LACY 31G,207H,harmonic,98,928.7588769266398
31744059,DAVIS-LACY 31G,207H,harmonic,99,919.6085431638159
31744059,DAVIS-LACY 31G,207H,harmonic,100,910.636752498803
31744059,DAVIS-LACY 31G,207H,harmonic,101,901.8383297693459
31744059,DAVIS-LACY 31G,207H,harmonic,102,893.2082979055244
31744059,DAVIS-LACY 31G,207H,harmonic,103,884.741868541491
31744059,DAVIS-LACY 31G,207H,harmonic,104,876.434433156125
31744059,DAVIS-LACY 31G,207H,harmonic,105,868.281554708161
31744059,DAVIS-LACY 31G,207H,harmonic,106,860.2789597338922
31744059,DAVIS-LACY 31G,207H,harmonic,107,852.4225308778749
31744059,DAVIS-LACY 31G,207H,harmonic,108,844.7082998292063
31744059,DAVIS-LACY 31G,207H,harmonic,109,837.1324406379131
31744059,DAVIS-LACY 31G,207H,harmonic,110,829.6912633877984
31744059,DAVIS-LACY 31G,207H,harmonic,111,822.3812082037648
31744059,DAVIS-LACY 31G,207H,harmonic,112,815.1988395731643
31744059,DAVIS-LACY 31G,207H,harmonic,113,808.1408409621412
31744059,DAVIS-LACY 31G,207H,harmonic,114,801.2040097092473
31744059,DAVIS-LACY 31G,207H,harmonic,115,794.3852521798069
31744059,DAVIS-LACY 31G,207H,harmonic,116,787.6815791656312
31744059,DAVIS-LACY 31G,207H,harmonic,117,781.0901015157096
31744059,DAVIS-LACY 31G,207H,harmonic,118,774.608025984459
31744059,DAVIS-LACY 31G,207H,harmonic,119,768.2326512849984
31744059,DAVIS-LACY 31G,207H,harmonic,120,761.9613643357332
31744061,EPLEY-MARTIN 31C,103H,harmonic,34,4182.666207086281
31744061,EPLEY-MARTIN 31C,103H,harmonic,35,4071.1284415639807
31744061,EPLEY-MARTIN 31C,103H,harmonic,36,3965.3848456792016
31744061,EPLEY-MARTIN 31C,103H,harmonic,37,3864.9953559151713
31744061,EPLEY-MARTIN 31C,103H,harmonic,38,3769.5633718185
31744061,EPLEY-MARTIN 31C,103H,harmonic,39,3678.7305194855244
31744061,EPLEY-MARTIN 31C,103H,harmonic,40,3592.1721543211593
31744061,EPLEY-MARTIN 31C,103H,harmonic,41,3509.5934841068793
31744061,EPLEY-MARTIN 31C,103H,harmonic,42,3430.7262148011073
31744061,EPLEY-MARTIN 31C,103H,harmonic,43,3355.3256386516323
31744061,EPLEY-MARTIN 31C,103H,harmonic,44,3283.168098035468
31744061,EPLEY-MARTIN 31C,103H,harmonic,45,3214.0487696557743
31744061,EPLEY-MARTIN 31C,103H,harmonic,46,3147.7797228587474
31744061,EPLEY-MARTIN 31C,103H,harmonic,47,3084.188213306046
31744061,EPLEY-MARTIN 31C,103H,harmonic,48,3023.1151793791933
31744061,EPLEY-MARTIN 31C,103H,harmonic,49,2964.4139137601796
31744061,EPLEY-MARTIN 31C,103H,harmonic,50,2907.9488868314147
31744061,EPLEY-MARTIN 31C,103H,harmonic,51,2853.594702030827
31744061,EPLEY-MARTIN 31C,103H,harmonic,52,2801.235166213748
31744061,EPLEY-MARTIN 31C,103H,harmonic,53,2750.7624605162027
31744061,EPLEY-MARTIN 31C,103H,harmonic,54,2702.0763992681286
31744061,EPLEY-MARTIN 31C,103H,harmonic,55,2655.0837662373788
31744061,EPLEY-MARTIN 31C,103H,harmonic,56,2609.6977189512695
31744061,EPLEY-MARTIN 31C,103H,harmonic,57,2565.837253086542
31744061,EPLEY-MARTIN 31C,103H,harmonic,58,2523.4267199776737
31744061,EPLEY-MARTIN 31C,103H,harmonic,59,2482.395391197549
31744061,EPLEY-MARTIN 31C,103H,harmonic,60,2442.6770649383884
31744061,EPLEY-MARTIN 31C,103H,harmonic,61,2404.2097095850277
31744061,EPLEY-MARTIN 31C,103H,harmonic,62,2366.9351404441745
31744061,EPLEY-MARTIN 31C,103H,harmonic,63,2330.7987260862483
31744061,EPLEY-MARTIN 31C,103H,harmonic,64,2295.7491211826955
31744061,EPLEY-MARTIN 31C,103H,harmonic,65,2261.7380230911003
31744061,EPLEY-MARTIN 31C,103H,harmonic,66,2228.7199497613033
31744061,EPLEY-MARTIN 31C,103H,harmonic,67,2196.6520368150973
31744061,EPLEY-MARTIN 31C,103H,harmonic,68,2165.493851895734
31744061,EPLEY-MARTIN 31C,103H,harmonic,69,2135.2072245964932
31744061,EPLEY-MARTIN 31C,103H,harmonic,70,2105.7560904641277
31744061,EPLEY-MARTIN 31C,103H,harmonic,71,2077.1063477367247
31744061,EPLEY-MARTIN 31C,103H,harmonic,72,2049.2257256194534
31744061,EPLEY-MARTIN 31C,103H,harmonic,73,2022.083663028467
31744061,EPLEY-MARTIN 31C,103H,harmonic,74,1995.6511968450884
31744061,EPLEY-MARTIN 31C,103H,harmonic,75,1969.900858821281
31744061,EPLEY-MARTIN 31C,103H,harmonic,76,1944.8065803649588
31744061,EPLEY-MARTIN 31C,103H,harmonic,77,1920.3436045113115
31744061,EPLEY-MARTIN 31C,103H,harmonic,78,1896.4884044552703
31744061,EPLEY-MARTIN 31C,103H,harmonic,79,1873.2186080815861
31744061,EPLEY-MARTIN 31C,103H,harmonic,80,1850.5129279836276
31744061,EPLEY-MARTIN 31C,103H,harmonic,81,1828.3510965107698
31744061,EPLEY-MARTIN 31C,103H,harmonic,82,1806.7138054278018
31744061,EPLEY-MARTIN 31C,103H,harmonic,83,1785.5826498087633
31744061,EPLEY-MARTIN 31C,103H,harmonic,84,1764.940075822535
31744061,EPLEY-MARTIN 31C,103H,harmonic,85,1744.7693320988487
31744061,EPLEY-MARTIN 31C,103H,harmonic,86,1725.0544243915172
31744061,EPLEY-MARTIN 31C,103H,harmonic,87,1705.7800732809972
31744061,EPLEY-MARTIN 31C,103H,harmonic,88,1686.9316746812074
31744061,EPLEY-MARTIN 31C,103H,harmonic,89,1668.4952629360575
31744061,EPLEY-MARTIN 31C,103H,harmonic,90,1650.4574763097219
31744061,EPLEY-MARTIN 31C,103H,harmonic,91,1632.8055246914362
31744061,EPLEY-MARTIN 31C,103H,harmonic,92,1615.5271593507857
31744061,EPLEY-MARTIN 31C,103H,harmonic,93,1598.610644593186
31744061,EPLEY-MARTIN 31C,103H,harmonic,94,1582.0447311777127
31744061,EPLEY-MARTIN 31C,103H,harmonic,95,1565.8186313707618
31744061,EPLEY-MARTIN 31C,103H,harmonic,96,1549.9219955192818
31744061,EPLEY-MARTIN 31C,103H,harmonic,97,1534.344890036676
31744061,EPLEY-MARTIN 31C,103H,harmonic,98,1519.0777767029776
31744061,EPLEY-MARTIN 31C,103H,harmonic,99,1504.1114931886627
31744061,EPLEY-MARTIN 31C,103H,harmonic,100,1489.4372347185295
31744061,EPLEY-MARTIN 31C,103H,harmonic,101,1475.0465367985435
31744061,EPLEY-MARTIN 31C,103H,harmonic,102,1460.9312589344427
31744061,EPLEY-MARTIN 31C,103H,harmonic,103,1447.0835692762964
31744061,EPLEY-MARTIN 31C,103H,harmonic,104,1433.4959301281622
31744061,EPLEY-MARTIN 31C,103H,harmonic,105,1420.1610842665048
31744061,EPLEY-MARTIN 31C,103H,harmonic,106,1407.0720420152004
31744061,EPLEY-MARTIN 31C,103H,harmonic,107,1394.2220690287604
31744061,EPLEY-MARTIN 31C,103H,harmonic,108,1381.6046747389073
31744061,EPLEY-MARTIN 31C,103H,harmonic,109,1369.2136014228633
31744061,EPLEY-MARTIN 31C,103H,harmonic,110,1357.0428138546602
31744061,EPLEY-MARTIN 31C,103H,harmonic,111,1345.0864895035177
31744061,EPLEY-MARTIN 31C,103H,harmonic,112,1333.339009245845
31744061,EPLEY-MARTIN 31C,103H,harmonic,113,1321.794948559734
31744061,EPLEY-MARTIN 31C,103H,harmonic,114,1310.449069172955
31744061,EPLEY-MARTIN 31C,103H,harmonic,115,1299.2963111374406
31744061,EPLEY-MARTIN 31C,103H,harmonic,116,1288.3317853050569
31744061,EPLEY-MARTIN 31C,103H,harmonic,117,1277.5507661811653
31744061,EPLEY-MARTIN 31C,103H,harmonic,118,1266.948685134019
31744061,EPLEY-MARTIN 31C,103H,harmonic,119,1256.5211239395
31744061,EPLEY-MARTIN 31C,103H,harmonic,120,1246.263808642035
31744051,EPLEY-MARTIN 31E,105H,harmonic,34,5517.099320064707
31744051,EPLEY-MARTIN 31E,105H,harmonic,35,5511.768789320684
31744051,EPLEY-MARTIN 31E,105H,harmonic,36,5506.448549176551
31744051,EPLEY-MARTIN 31E,105H,harmonic,37,5501.138569862013
31744051,EPLEY-MARTIN 31E,105H,harmonic,38,5495.838821721491
31744051,EPLEY-MARTIN 31E,105H,harmonic,39,5490.549275213578
31744051,EPLEY-MARTIN 31E,105H,harmonic,40,5485.269900910487
31744051,EPLEY-MARTIN 31E,105H,harmonic,41,5480.00066949751
31744051,EPLEY-MARTIN 31E,105H,harmonic,42,5474.741551772463
31744051,EPLEY-MARTIN 31E,105H,harmonic,43,5469.492518645166
31744051,EPLEY-MARTIN 31E,105H,harmonic,44,5464.253541136884
31744051,EPLEY-MARTIN 31E,105H,harmonic,45,5459.024590379816
31744051,EPLEY-MARTIN 31E,105H,harmonic,46,5453.805637616546
31744051,EPLEY-MARTIN 31E,105H,harmonic,47,5448.596654199529
31744051,EPLEY-MARTIN 31E,105H,harmonic,48,5443.39761159056
31744051,EPLEY-MARTIN 31E,105H,harmonic,49,5438.208481360255
31744051,EPLEY-MARTIN 31E,105H,harmonic,50,5433.0292351875305
31744051,EPLEY-MARTIN 31E,105H,harmonic,51,5427.859844859094
31744051,EPLEY-MARTIN 31E,105H,harmonic,52,5422.700282268923
31744051,EPLEY-MARTIN 31E,105H,harmonic,53,5417.550519417766
31744051,EPLEY-MARTIN 31E,105H,harmonic,54,5412.410528412625
31744051,EPLEY-MARTIN 31E,105H,harmonic,55,5407.280281466263
31744051,EPLEY-MARTIN 31E,105H,harmonic,56,5402.1597508966925
31744051,EPLEY-MARTIN 31E,105H,harmonic,57,5397.048909126686
31744051,EPLEY-MARTIN 31E,105H,harmonic,58,5391.947728683277
31744051,EPLEY-MARTIN 31E,105H,harmonic,59,5386.856182197269
31744051,EPLEY-MARTIN 31E,105H,harmonic,60,5381.774242402742
31744051,EPLEY-MARTIN 31E,105H,harmonic,61,5376.701882136576
31744051,EPLEY-MARTIN 31E,105H,harmonic,62,5371.639074337953
31744051,EPLEY-MARTIN 31E,105H,harmonic,63,5366.58579204789
31744051,EPLEY-MARTIN 31E,105H,harmonic,64,5361.542008408747
31744051,EPLEY-MARTIN 31E,105H,harmonic,65,5356.5076966637625
31744051,EPLEY-MARTIN 31E,105H,harmonic,66,5351.482830156573
31744051,EPLEY-MARTIN 31E,105H,harmonic,67,5346.467382330748
31744051,EPLEY-MARTIN 31E,105H,harmonic,68,5341.461326729313
31744051,EPLEY-MARTIN 31E,105H,harmonic,69,5336.4646369943
31744051,EPLEY-MARTIN 31E,105H,harmonic,70,5331.477286866268
31744051,EPLEY-MARTIN 31E,105H,harmonic,71,5326.499250183854
31744051,EPLEY-MARTIN 31E,105H,harmonic,72,5321.530500883308
31744051,EPLEY-MARTIN 31E,105H,harmonic,73,5316.57101299805
31744051,EPLEY-MARTIN 31E,105H,harmonic,74,5311.6207606582
31744051,EPLEY-MARTIN 31E,105H,harmonic,75,5306.679718090147
31744051,EPLEY-MARTIN 31E,105H,harmonic,76,5301.7478596160845
31744051,EPLEY-MARTIN 31E,105H,harmonic,77,5296.825159653582
31744051,EPLEY-MARTIN 31E,105H,harmonic,78,5291.911592715127
31744051,EPLEY-MARTIN 31E,105H,harmonic,79,5287.007133407699
31744051,EPLEY-MARTIN 31E,105H,harmonic,80,5282.111756432321
31744051,EPLEY-MARTIN 31E,105H,harmonic,81,5277.225436583633
31744051,EPLEY-MARTIN 31E,105H,harmonic,82,5272.348148749452
31744051,EPLEY-MARTIN 31E,105H,harmonic,83,5267.479867910349
31744051,EPLEY-MARTIN 31E,105H,harmonic,84,5262.620569139212
31744051,EPLEY-MARTIN 31E,105H,harmonic,85,5257.770227600836
31744051,EPLEY-MARTIN 31E,105H,harmonic,86,5252.92881855148
31744051,EPLEY-MARTIN 31E,105H,harmonic,87,5248.096317338461
31744051,EPLEY-MARTIN 31E,105H,harmonic,88,5243.27269939973
31744051,EPLEY-MARTIN 31E,105H,harmonic,89,5238.457940263459
31744051,EPLEY-MARTIN 31E,105H,harmonic,90,5233.652015547621
31744051,EPLEY-MARTIN 31E,105H,harmonic,91,5228.854900959585
31744051,EPLEY-MARTIN 31E,105H,harmonic,92,5224.066572295702
31744051,EPLEY-MARTIN 31E,105H,harmonic,93,5219.287005440903
31744051,EPLEY-MARTIN 31E,105H,harmonic,94,5214.516176368287
31744051,EPLEY-MARTIN 31E,105H,harmonic,95,5209.7540611387285
31744051,EPLEY-MARTIN 31E,105H,harmonic,96,5205.000635900462
31744051,EPLEY-MARTIN 31E,105H,harmonic,97,5200.255876888703
31744051,EPLEY-MARTIN 31E,105H,harmonic,98,5195.5197604252335
31744051,EPLEY-MARTIN 31E,105H,harmonic,99,5190.792262918023
31744051,EPLEY-MARTIN 31E,105H,harmonic,100,5186.073360860824
31744051,EPLEY-MARTIN 31E,105H,harmonic,101,5181.363030832795
31744051,EPLEY-MARTIN 31E,105H,harmonic,102,5176.6612494981
31744051,EPLEY-MARTIN 31E,105H,harmonic,103,5171.967993605537
31744051,EPLEY-MARTIN 31E,105H,harmonic,104,5167.28323998814
31744051,EPLEY-MARTIN 31E,105H,harmonic,105,5162.606965562812
31744051,EPLEY-MARTIN 31E,105H,harmonic,106,5157.939147329934
31744051,EPLEY-MARTIN 31E,105H,harmonic,107,5153.279762372997
31744051,EPLEY-MARTIN 31E,105H,harmonic,108,5148.628787858219
31744051,EPLEY-MARTIN 31E,105H,harmonic,109,5143.986201034181
31744051,EPLEY-MARTIN 31E,105H,harmonic,110,5139.351979231447
31744051,EPLEY-MARTIN 31E,105H,harmonic,111,5134.726099862202
31744051,EPLEY-MARTIN 31E,105H,harmonic,112,5130.10854041988
31744051,EPLEY-MARTIN 31E,105H,harmonic,113,5125.499278478803
31744051,EPLEY-MARTIN 31E,105H,harmonic,114,5120.898291693812
31744051,EPLEY-MARTIN 31E,105H,harmonic,115,5116.305557799917
31744051,EPLEY-MARTIN 31E,105H,harmonic,116,5111.721054611923
31744051,EPLEY-MARTIN 31E,105H,harmonic,117,5107.144760024089
31744051,EPLEY-MARTIN 31E,105H,harmonic,118,5102.576652009756
31744051,EPLEY-MARTIN 31E,105H,harmonic,119,5098.016708621008
31744051,EPLEY-MARTIN 31E,105H,harmonic,120,5093.464907988309
31744067,DAVIS-LACY 31F,206H,harmonic,34,3521.2925272485386
31744067,DAVIS-LACY 31F,206H,harmonic,35,3427.3913931885777
31744067,DAVIS-LACY 31F,206H,harmonic,36,3338.3682401187443
31744067,DAVIS-LACY 31F,206H,harmonic,37,3253.8525884701685
31744067,DAVIS-LACY 31F,206H,harmonic,38,3173.5105492486828
31744067,DAVIS-LACY 31F,206H,harmonic,39,3097.040415531847
31744067,DAVIS-LACY 31F,206H,harmonic,40,3024.168876342863
31744067,DAVIS-LACY 31F,206H,harmonic,41,2954.6477527487737
31744067,DAVIS-LACY 31F,206H,harmonic,42,2888.2511740353184
31744067,DAVIS-LACY 31F,206H,harmonic,43,2824.7731262543225
31744067,DAVIS-LACY 31F,206H,harmonic,44,2764.0253170875626
31744067,DAVIS-LACY 31F,206H,harmonic,45,2705.835310412035
31744067,DAVIS-LACY 31F,206H,harmonic,46,2650.0448916406526
31744067,DAVIS-LACY 31F,206H,harmonic,47,2596.5086312034678
31744067,DAVIS-LACY 31F,206H,harmonic,48,2545.092618704389
31744067,DAVIS-LACY 31F,206H,harmonic,49,2495.6733445547893
31744067,DAVIS-LACY 31F,206H,harmonic,50,2448.136709420413
31744067,DAVIS-LACY 31F,206H,harmonic,51,2402.3771447583485
31744067,DAVIS-LACY 31F,206H,harmonic,52,2358.296830175627
31744067,DAVIS-LACY 31F,206H,harmonic,53,2315.8049953976874
31744067,DAVIS-LACY 31F,206H,harmonic,54,2274.8172963641
31744067,DAVIS-LACY 31F,206H,harmonic,55,2235.2552564273333
31744067,DAVIS-LACY 31F,206H,harmonic,56,2197.045764864473
31744067,DAVIS-LACY 31F,206H,harmonic,57,2160.1206259591877
31744067,DAVIS-LACY 31F,206H,harmonic,58,2124.416152802837
31744067,DAVIS-LACY 31F,206H,harmonic,59,2089.8728007247423
31744067,DAVIS-LACY 31F,206H,harmonic,60,2056.434835913147
31744067,DAVIS-LACY 31F,206H,harmonic,61,2024.0500353475852
31744067,DAVIS-LACY 31F,206H,harmonic,62,1992.669414644522
31744067,DAVIS-LACY 31F,206H,harmonic,63,1962.246980833155
31744067,DAVIS-LACY 31F,206H,harmonic,64,1932.7395074371677
31744067,DAVIS-LACY 31F,206H,harmonic,65,1904.10632954921
31744067,DAVIS-LACY 31F,206H,harmonic,66,1876.3091568550608
31744067,DAVIS-LACY 31F,206H,harmonic,67,1849.3119027995922
31744067,DAVIS-LACY 31F,206H,harmonic,68,1823.0805282917966
31744067,DAVIS-LACY 31F,206H,harmonic,69,1797.5828985254777
31744067,DAVIS-LACY 31F,206H,harmonic,70,1772.7886516492645
31744067,DAVIS-LACY 31F,206H,harmonic,71,1748.6690781574375
31744067,DAVIS-LACY 31F,206H,harmonic,72,1725.1970099942505
31744067,DAVIS-LACY 31F,206H,harmonic,73,1702.3467184711478
31744067,DAVIS-LACY 31F,206H,harmonic,74,1680.0938201904792
31744067,DAVIS-LACY 31F,206H,harmonic,75,1658.4151902525377
31744067,DAVIS-LACY 31F,206H,harmonic,76,1637.2888820964542
31744067,DAVIS-LACY 31F,206H,harmonic,77,1616.6940533908385
31744067,DAVIS-LACY 31F,206H,harmonic,78,1596.610897448095
31744067,DAVIS-LACY 31F,206H,harmonic,79,1577.020579687996
31744067,DAVIS-LACY 31F,206H,harmonic,80,1557.9051787220808
31744067,DAVIS-LACY 31F,206H,harmonic,81,1539.247631671517
31744067,DAVIS-LACY 31F,206H,harmonic,82,1521.0316833677118
31744067,DAVIS-LACY 31F,206H,harmonic,83,1503.241839117797
31744067,DAVIS-LACY 31F,206H,harmonic,84,1485.8633207464932
31744067,DAVIS-LACY 31F,206H,harmonic,85,1468.8820256522476
31744067,DAVIS-LACY 31F,206H,harmonic,86,1452.284488639228
31744067,DAVIS-LACY 31F,206H,harmonic,87,1436.057846308063
31744067,DAVIS-LACY 31F,206H,harmonic,88,1420.1898038074216
31744067,DAVIS-LACY 31F,206H,harmonic,89,1404.6686037658105
31744067,DAVIS-LACY 31F,206H,harmonic,90,1389.4829972386126
31744067,DAVIS-LACY 31F,206H,harmonic,91,1374.6222165194831
31744067,DAVIS-LACY 31F,206H,harmonic,92,1360.075949678007
31744067,DAVIS-LACY 31F,206H,harmonic,93,1345.8343166970853
31744067,DAVIS-LACY 31F,206H,harmonic,94,1331.887847094007
31744067,DAVIS-LACY 31F,206H,harmonic,95,1318.2274589186839
31744067,DAVIS-LACY 31F,206H,harmonic,96,1304.8444390311843
31744067,DAVIS-LACY 31F,206H,harmonic,97,1291.7304245685593
31744067,DAVIS-LACY 31F,206H,harmonic,98,1278.877385518126
31744067,DAVIS-LACY 31F,206H,harmonic,99,1266.277608320903
31744067,DAVIS-LACY 31F,206H,harmonic,100,1253.9236804348454
31744067,DAVIS-LACY 31F,206H,harmonic,101,1241.8084757929628
31744067,DAVIS-LACY 31F,206H,harmonic,102,1229.9251410963795
31744067,DAVIS-LACY 31F,206H,harmonic,103,1218.2670828869352
31744067,DAVIS-LACY 31F,206H,harmonic,104,1206.8279553480907
31744067,DAVIS-LACY 31F,206H,harmonic,105,1195.6016487867132
31744067,DAVIS-LACY 31F,206H,harmonic,106,1184.5822787518125
31744067,DAVIS-LACY 31F,206H,harmonic,107,1173.7641757495128
31744067,DAVIS-LACY 31F,206H,harmonic,108,1163.1418755164857
31744067,DAVIS-LACY 31F,206H,harmonic,109,1152.7101098167861
31744067,DAVIS-LACY 31F,206H,harmonic,110,1142.4637977295258
31744067,DAVIS-LACY 31F,206H,harmonic,111,1132.3980373971071
31744067,DAVIS-LACY 31F,206H,harmonic,112,1122.508098205866
31744067,DAVIS-LACY 31F,206H,harmonic,113,1112.7894133729149
31744067,DAVIS-LACY 31F,206H,harmonic,114,1103.2375729147782
31744067,DAVIS-LACY 31F,206H,harmonic,115,1093.848316975078
31744067,DAVIS-LACY 31F,206H,harmonic,116,1084.617529490056
31744067,DAVIS-LACY 31F,206H,harmonic,117,1075.5412321721478
31744067,DAVIS-LACY 31F,206H,harmonic,118,1066.615578793126
31744067,DAVIS-LACY 31F,206H,harmonic,119,1057.836849749561
31744067,DAVIS-LACY 31F,206H,harmonic,120,1049.2014468944626
31744052,EPLEY-MARTIN 31F,106H,harmonic,34,2255.6916549760763
31744052,EPLEY-MARTIN 31F,106H,harmonic,35,2195.539877510048
31744052,EPLEY-MARTIN 31F,106H,harmonic,36,2138.5128677045923
31744052,EPLEY-MARTIN 31F,106H,harmonic,37,2084.37330143359
31744052,EPLEY-MARTIN 31F,106H,harmonic,38,2032.9072939907849
31744052,EPLEY-MARTIN 31F,106H,harmonic,39,1983.9215760632962
31744052,EPLEY-MARTIN 31F,106H,harmonic,40,1937.2410683912187
31744052,EPLEY-MARTIN 31F,106H,harmonic,41,1892.7067909569378
31744052,EPLEY-MARTIN 31F,106H,harmonic,42,1850.174054081501
31744052,EPLEY-MARTIN 31F,106H,harmonic,43,1809.510888057732
31744052,EPLEY-MARTIN 31F,106H,harmonic,44,1770.596675411329
31744052,EPLEY-MARTIN 31F,106H,harmonic,45,1733.3209559289853
31744052,EPLEY-MARTIN 31F,106H,harmonic,46,1697.5823795180781
31744052,EPLEY-MARTIN 31F,106H,harmonic,47,1663.2877859924606
31744052,EPLEY-MARTIN 31F,106H,harmonic,48,1630.3513941906294
31744052,EPLEY-MARTIN 31F,106H,harmonic,49,1598.694085565569
31744052,EPLEY-MARTIN 31F,106H,harmonic,50,1568.2427696500342
31744052,EPLEY-MARTIN 31F,106H,harmonic,51,1538.9298206846129
31744052,EPLEY-MARTIN 31F,106H,harmonic,52,1510.6925762683816
31744052,EPLEY-MARTIN 31F,106H,harmonic,53,1483.4728902094917
31744052,EPLEY-MARTIN 31F,106H,harmonic,54,1457.2167328606513
31744052,EPLEY-MARTIN 31F,106H,harmonic,55,1431.873833158727
31744052,EPLEY-MARTIN 31F,106H,harmonic,56,1407.3973573782357
31744052,EPLEY-MARTIN 31F,106H,harmonic,57,1383.743620279442
31744052,EPLEY-MARTIN 31F,106H,harmonic,58,1360.871824902922
31744052,EPLEY-MARTIN 31F,106H,harmonic,59,1338.7438277500291
31744052,EPLEY-MARTIN 31F,106H,harmonic,60,1317.3239265060288
31744052,EPLEY-MARTIN 31F,106H,harmonic,61,1296.5786678208945
31744052,EPLEY-MARTIN 31F,106H,harmonic,62,1276.4766729709581
31744052,EPLEY-MARTIN 31F,106H,harmonic,63,1256.9884794904854
31744052,EPLEY-MARTIN 31F,106H,harmonic,64,1238.0863970921323
31744052,EPLEY-MARTIN 31F,106H,harmonic,65,1219.7443763944711
31744052,EPLEY-MARTIN 31F,106H,harmonic,66,1201.9378891478364
31744052,EPLEY-MARTIN 31F,106H,harmonic,67,1184.6438188003856
31744052,EPLEY-MARTIN 31F,106H,harmonic,68,1167.840360377685
31744052,EPLEY-MARTIN 31F,106H,harmonic,69,1151.506928764011
31744052,EPLEY-MARTIN 31F,106H,harmonic,70,1135.6240745741627
31744052,EPLEY-MARTIN 31F,106H,harmonic,71,1120.1734068928815
31744052,EPLEY-MARTIN 31F,106H,harmonic,72,1105.1375222366014
31744052,EPLEY-MARTIN 31F,106H,harmonic,73,1090.4999391606198
31744052,EPLEY-MARTIN 31F,106H,harmonic,74,1076.2450379951215
31744052,EPLEY-MARTIN 31F,106H,harmonic,75,1062.3580052467973
31744052,EPLEY-MARTIN 31F,106H,harmonic,76,1048.824782250023
31744052,EPLEY-MARTIN 31F,106H,harmonic,77,1035.632017693419
31744052,EPLEY-MARTIN 31F,106H,harmonic,78,1022.7670236848048
31744052,EPLEY-MARTIN 31F,106H,harmonic,79,1010.2177350506355
31744052,EPLEY-MARTIN 31F,106H,harmonic,80,997.9726715954764
31744052,EPLEY-MARTIN 31F,106H,harmonic,81,986.0209030733749
31744052,EPLEY-MARTIN 31F,106H,harmonic,82,974.3520166464709
31744052,EPLEY-MARTIN 31F,106H,harmonic,83,962.956086627214
31744052,EPLEY-MARTIN 31F,106H,harmonic,84,951.8236463193849
31744052,EPLEY-MARTIN 31F,106H,harmonic,85,940.9456617900206
31744052,EPLEY-MARTIN 31F,106H,harmonic,86,930.3135074195119
31744052,EPLEY-MARTIN 31F,106H,harmonic,87,919.9189430908021
31744052,EPLEY-MARTIN 31F,106H,harmonic,88,909.7540928909038
31744052,EPLEY-MARTIN 31F,106H,harmonic,89,899.8114252090361
31744052,EPLEY-MARTIN 31F,106H,harmonic,90,890.0837341256952
31744052,EPLEY-MARTIN 31F,106H,harmonic,91,880.5641219960086
31744052,EPLEY-MARTIN 31F,106H,harmonic,92,871.2459831389078
31744052,EPLEY-MARTIN 31F,106H,harmonic,93,862.1229885510659
31744052,EPLEY-MARTIN 31F,106H,harmonic,94,853.1890715712622
31744052,EPLEY-MARTIN 31F,106H,harmonic,95,844.4384144269416
31744052,EPLEY-MARTIN 31F,106H,harmonic,96,835.865435600272
31744052,EPLEY-MARTIN 31F,106H,harmonic,97,827.4647779560481
31744052,EPLEY-MARTIN 31F,106H,harmonic,98,819.231297578376
31744052,EPLEY-MARTIN 31F,106H,harmonic,99,811.1600532672591
31744052,EPLEY-MARTIN 31F,106H,harmonic,100,803.2462966500176
31744052,EPLEY-MARTIN 31F,106H,harmonic,101,795.4854628659593
31744052,EPLEY-MARTIN 31F,106H,harmonic,102,787.8731617859023
31744052,EPLEY-MARTIN 31F,106H,harmonic,103,780.4051697310597
31744052,EPLEY-MARTIN 31F,106H,harmonic,104,773.0774216584675
31744052,EPLEY-MARTIN 31F,106H,harmonic,105,765.8860037825749
31744052,EPLEY-MARTIN 31F,106H,harmonic,106,758.8271466048552
31744052,EPLEY-MARTIN 31F,106H,harmonic,107,751.8972183253588
31744052,EPLEY-MARTIN 31F,106H,harmonic,108,745.0927186120072
31744052,EPLEY-MARTIN 31F,106H,harmonic,109,738.410272705173
31744052,EPLEY-MARTIN 31F,106H,harmonic,110,731.8466258366826
31744052,EPLEY-MARTIN 31F,106H,harmonic,111,725.3986379438484
31744052,EPLEY-MARTIN 31F,106H,harmonic,112,719.063278660496
31744052,EPLEY-MARTIN 31F,106H,harmonic,113,712.8376225681974
31744052,EPLEY-MARTIN 31F,106H,harmonic,114,706.7188446920755
31744052,EPLEY-MARTIN 31F,106H,harmonic,115,700.704216226611
31744052,EPLEY-MARTIN 31F,106H,harmonic,116,694.7911004778632
31744052,EPLEY-MARTIN 31F,106H,harmonic,117,688.9769490094292
31744052,EPLEY-MARTIN 31F,106H,harmonic,118,683.2592979803054
31744052,EPLEY-MARTIN 31F,106H,harmonic,119,677.6357646635951
31744052,EPLEY-MARTIN 31F,106H,harmonic,120,672.1040441357289
31744072,DAVIS-LACY 31A,201H,harmonic,34,3569.461716156538
31744072,DAVIS-LACY 31A,201H,harmonic,35,3475.860541684369
31744072,DAVIS-LACY 31A,201H,harmonic,36,3387.0428940716397
31744072,DAVIS-LACY 31A,201H,harmonic,37,3302.651213746024
31744072,DAVIS-LACY 31A,201H,harmonic,38,3222.3627106836116
31744072,DAVIS-LACY 31A,201H,harmonic,39,3145.8852384190423
31744072,DAVIS-LACY 31A,201H,harmonic,40,3072.9537419760427
31744072,DAVIS-LACY 31A,201H,harmonic,41,3003.327188691693
31744072,DAVIS-LACY 31A,201H,harmonic,42,2936.7859070419745
31744072,DAVIS-LACY 31A,201H,harmonic,43,2873.129271562842
31744072,DAVIS-LACY 31A,201H,harmonic,44,2812.1736824680997
31744072,DAVIS-LACY 31A,201H,harmonic,45,2753.7507971078053
31744072,DAVIS-LACY 31A,201H,harmonic,46,2697.7059773886913
31744072,DAVIS-LACY 31A,201H,harmonic,47,2643.8969230032108
31744072,DAVIS-LACY 31A,201H,harmonic,48,2592.1924650312867
31744072,DAVIS-LACY 31A,201H,harmonic,49,2542.471498381958
31744072,DAVIS-LACY 31A,201H,harmonic,50,2494.622034784091
31744072,DAVIS-LACY 31A,201H,harmonic,51,2448.5403607383373
31744072,DAVIS-LACY 31A,201H,harmonic,52,2404.1302871042953
31744072,DAVIS-LACY 31A,201H,harmonic,53,2361.302478895982
31744072,DAVIS-LACY 31A,201H,harmonic,54,2319.9738554587047
31744072,DAVIS-LACY 31A,201H,harmonic,55,2280.067052552728
31744072,DAVIS-LACY 31A,201H,harmonic,56,2241.509939015604
31744072,DAVIS-LACY 31A,201H,harmonic,57,2204.2351816499167
31744072,DAVIS-LACY 31A,201H,harmonic,58,2168.179852814601
31744072,DAVIS-LACY 31A,201H,harmonic,59,2133.285075908902
31744072,DAVIS-LACY 31A,201H,harmonic,60,2099.4957045476835
31744072,DAVIS-LACY 31A,201H,harmonic,61,2066.760031750836
31744072,DAVIS-LACY 31A,201H,harmonic,62,2035.0295259211834
31744072,DAVIS-LACY 31A,201H,harmonic,63,2004.2585907754822
31744072,DAVIS-LACY 31A,201H,harmonic,64,1974.404346730965
31744072,DAVIS-LACY 31A,201H,harmonic,65,1945.4264315431492
31744072,DAVIS-LACY 31A,201H,harmonic,66,1917.2868182456853
31744072,DAVIS-LACY 31A,201H,harmonic,67,1889.9496486653711
31744072,DAVIS-LACY 31A,201H,harmonic,68,1863.3810809796557
31744072,DAVIS-LACY 31A,201H,harmonic,69,1837.5491499539503
31744072,DAVIS-LACY 31A,201H,harmonic,70,1812.4236386451068
31744072,DAVIS-LACY 31A,201H,harmonic,71,1787.9759604884075
31744072,DAVIS-LACY 31A,201H,harmonic,72,1764.1790508006654
31744072,DAVIS-LACY 31A,201H,harmonic,73,1741.0072668337114
31744072,DAVIS-LACY 31A,201H,harmonic,74,1718.4362956023062
31744072,DAVIS-LACY 31A,201H,harmonic,75,1696.4430687899837
31744072,DAVIS-LACY 31A,201H,harmonic,76,1675.0056841067321
31744072,DAVIS-LACY 31A,201H,harmonic,77,1654.1033325349274
31744072,DAVIS-LACY 31A,201H,harmonic,78,1633.7162309555038
31744072,DAVIS-LACY 31A,201H,harmonic,79,1613.8255596958263
31744072,DAVIS-LACY 31A,201H,harmonic,80,1594.4134045848548
31744072,DAVIS-LACY 31A,201H,harmonic,81,1575.4627031405919
31744072,DAVIS-LACY 31A,201H,harmonic,82,1556.9571945500531
31744072,DAVIS-LACY 31A,201H,harmonic,83,1538.8813731335424
31744072,DAVIS-LACY 31A,201H,harmonic,84,1521.2204450133238
31744072,DAVIS-LACY 31A,201H,harmonic,85,1503.9602877321838
31744072,DAVIS-LACY 31A,201H,harmonic,86,1487.087412590221
31744072,DAVIS-LACY 31A,201H,harmonic,87,1470.588929488761
31744072,DAVIS-LACY 31A,201H,harmonic,88,1454.452514088826
31744072,DAVIS-LACY 31A,201H,harmonic,89,1438.6663771083101
31744072,DAVIS-LACY 31A,201H,harmonic,90,1423.219235597117
31744072,DAVIS-LACY 31A,201H,harmonic,91,1408.10028604317
31744072,DAVIS-LACY 31A,201H,harmonic,92,1393.2991791745865
31744072,DAVIS-LACY 31A,201H,harmonic,93,1378.8059963345077
31744072,DAVIS-LACY 31A,201H,harmonic,94,1364.6112273152503
31744072,DAVIS-LACY 31A,201H,harmonic,95,1350.7057495476872
31744072,DAVIS-LACY 31A,201H,harmonic,96,1337.0808085501626
31744072,DAVIS-LACY 31A,201H,harmonic,97,1323.7279995488948
31744072,DAVIS-LACY 31A,201H,harmonic,98,1310.6392501887779
31744072,DAVIS-LACY 31A,201H,harmonic,99,1297.8068042598552
31744072,DAVIS-LACY 31A,201H,harmonic,100,1285.2232063705271
31744072,DAVIS-LACY 31A,201H,harmonic,101,1272.8812875038486
31744072,DAVIS-LACY 31A,201H,harmonic,102,1260.774151398126
31744072,DAVIS-LACY 31A,201H,harmonic,103,1248.8951616974437
31744072,DAVIS-LACY 31A,201H,harmonic,104,1237.237929821815
31744072,DAVIS-LACY 31A,201H,harmonic,105,1225.796303510374
31744072,DAVIS-LACY 31A,201H,harmonic,106,1214.5643559944376
31744072,DAVIS-LACY 31A,201H,harmonic,107,1203.5363757604061
31744072,DAVIS-LACY 31A,201H,harmonic,108,1192.706856865349
31744072,DAVIS-LACY 31A,201H,harmonic,109,1182.0704897707737
31744072,DAVIS-LACY 31A,201H,harmonic,110,1171.62215266252
31744072,DAVIS-LACY 31A,201H,harmonic,111,1161.356903226959
31744072,DAVIS-LACY 31A,201H,harmonic,112,1151.2699708557598
31744072,DAVIS-LACY 31A,201H,harmonic,113,1141.35674925339
31744072,DAVIS-LACY 31A,201H,harmonic,114,1131.6127894232818
31744072,DAVIS-LACY 31A,201H,harmonic,115,1122.0337930102255
31744072,DAVIS-LACY 31A,201H,harmonic,116,1112.6156059780642
31744072,DAVIS-LACY 31A,201H,harmonic,117,1103.3542126031455
31744072,DAVIS-LACY 31A,201H,harmonic,118,1094.2457297652902
31744072,DAVIS-LACY 31A,201H,harmonic,119,1085.2864015192206
31744072,DAVIS-LACY 31A,201H,harmonic,120,1076.4725939305079
31743171,BOHANAN-BLOCKER 3B,4H,harmonic,34,3658.5962053795292
31743171,BOHANAN-BLOCKER 3B,4H,harmonic,35,3561.0336399027424
31743171,BOHANAN-BLOCKER 3B,4H,harmonic,36,3468.539259645528
31743171,BOHANAN-BLOCKER 3B,4H,harmonic,37,3380.728139148173
31743171,BOHANAN-BLOCKER 3B,4H,harmonic,38,3297.253370280316
31743171,BOHANAN-BLOCKER 3B,4H,harmonic,39,3217.801481839827
31743171,BOHANAN-BLOCKER 3B,4H,harmonic,40,3142.0885057965374
31743171,BOHANAN-BLOCKER 3B,4H,harmonic,41,3069.856586123053
31743171,BOHANAN-BLOCKER 3B,4H,harmonic,42,3000.8710448618613
31743171,BOHANAN-BLOCKER 3B,4H,harmonic,43,2934.917835084678
31743171,BOHANAN-BLOCKER 3B,4H,harmonic,44,2871.8013225022114
31743171,BOHANAN-BLOCKER 3B,4H,harmonic,45,2811.342347291639
31743171,BOHANAN-BLOCKER 3B,4H,harmonic,46,2753.3765256979964
31743171,BOHANAN-BLOCKER 3B,4H,harmonic,47,2697.752757502077
31743171,BOHANAN-BLOCKER 3B,4H,harmonic,48,2644.3319108188675
31743171,BOHANAN-BLOCKER 3B,4H,harmonic,49,2592.985660123356
31743171,BOHANAN-BLOCKER 3B,4H,harmonic,50,2543.5954570733875
31743171,BOHANAN-BLOCKER 3B,4H,harmonic,51,2496.0516167542582
31743171,BOHANAN-BLOCKER 3B,4H,harmonic,52,2450.2525045202356
31743171,BOHANAN-BLOCKER 3B,4H,harmonic,53,2406.103810745096
31743171,BOHANAN-BLOCKER 3B,4H,harmonic,54,2363.5179025903153
31743171,BOHANAN-BLOCKER 3B,4H,harmonic,55,2322.413243414832
31743171,BOHANAN-BLOCKER 3B,4H,harmonic,56,2282.713871732527
31743171,BOHANAN-BLOCKER 3B,4H,harmonic,57,2244.3489327118123
31743171,BOHANAN-BLOCKER 3B,4H,harmonic,58,2207.2522561380633
31743171,BOHANAN-BLOCKER 3B,4H,harmonic,59,2171.3619755504524
31743171,BOHANAN-BLOCKER 3B,4H,harmonic,60,2136.6201839416453
31743171,BOHANAN-BLOCKER 3B,4H,harmonic,61,2102.9726219898084
31743171,BOHANAN-BLOCKER 3B,4H,harmonic,62,2070.368395292292
31743171,BOHANAN-BLOCKER 3B,4H,harmonic,63,2038.7597175015699
31743171,BOHANAN-BLOCKER 3B,4H,harmonic,64,2008.1016766368846
31743171,BOHANAN-BLOCKER 3B,4H,harmonic,65,1978.3520221681902
31743171,BOHANAN-BLOCKER 3B,4H,harmonic,66,1949.4709707496763
31743171,BOHANAN-BLOCKER 3B,4H,harmonic,67,1921.4210287245012
31743171,BOHANAN-BLOCKER 3B,4H,harmonic,68,1894.166829735501
31743171,BOHANAN-BLOCKER 3B,4H,harmonic,69,1867.6749859629767
31743171,BOHANAN-BLOCKER 3B,4H,harmonic,70,1841.9139516738321
31743171,BOHANAN-BLOCKER 3B,4H,harmonic,71,1816.8538979095622
31743171,BOHANAN-BLOCKER 3B,4H,harmonic,72,1792.466597266481
31743171,BOHANAN-BLOCKER 3B,4H,harmonic,73,1768.7253178324877
31743171,BOHANAN-BLOCKER 3B,4H,harmonic,74,1745.6047254425207
31743171,BOHANAN-BLOCKER 3B,4H,harmonic,75,1723.080793501327
31743171,BOHANAN-BLOCKER 3B,4H,harmonic,76,1701.130719698762
31743171,BOHANAN-BLOCKER 3B,4H,harmonic,77,1679.7328490107275
31743171,BOHANAN-BLOCKER 3B,4H,harmonic,78,1658.8666024391655
31743171,BOHANAN-BLOCKER 3B,4H,harmonic,79,1638.5124109981941
31743171,BOHANAN-BLOCKER 3B,4H,harmonic,80,1618.6516545012464
31743171,BOHANAN-BLOCKER 3B,4H,harmonic,81,1599.2666047467405
31743171,BOHANAN-BLOCKER 3B,4H,harmonic,82,1580.3403727379032
31743171,BOHANAN-BLOCKER 3B,4H,harmonic,83,1561.8568596064658
31743171,BOHANAN-BLOCKER 3B,4H,harmonic,84,1543.800710940495
31743171,BOHANAN-BLOCKER 3B,4H,harmonic,85,1526.1572742440324
31743171,BOHANAN-BLOCKER 3B,4H,harmonic,86,1508.912559280823
31743171,BOHANAN-BLOCKER 3B,4H,harmonic,87,1492.0532010765678
31743171,BOHANAN-BLOCKER 3B,4H,harmonic,88,1475.5664253740645
31743171,BOHANAN-BLOCKER 3B,4H,harmonic,89,1459.440016353583
31743171,BOHANAN-BLOCKER 3B,4H,harmonic,90,1443.6622864470578
31743171,BOHANAN-BLOCKER 3B,4H,harmonic,91,1428.2220480893352
31743171,BOHANAN-BLOCKER 3B,4H,harmonic,92,1413.1085872629928
31743171,BOHANAN-BLOCKER 3B,4H,harmonic,93,1398.3116387052653
31743171,BOHANAN-BLOCKER 3B,4H,harmonic,94,1383.821362656506
31743171,BOHANAN-BLOCKER 3B,4H,harmonic,95,1369.6283230395163
31743171,BOHANAN-BLOCKER 3B,4H,harmonic,96,1355.7234669680488
31743171,BOHANAN-BLOCKER 3B,4H,harmonic,97,1342.0981054909832
31743171,BOHANAN-BLOCKER 3B,4H,harmonic,98,1328.7438954860977
31743171,BOHANAN-BLOCKER 3B,4H,harmonic,99,1315.6528226241658
31743171,BOHANAN-BLOCKER 3B,4H,harmonic,100,1302.8171853302715
31743171,BOHANAN-BLOCKER 3B,4H,harmonic,101,1290.2295796749065
31743171,BOHANAN-BLOCKER 3B,4H,harmonic,102,1277.882885132563
31743171,BOHANAN-BLOCKER 3B,4H,harmonic,103,1265.7702511502637
31743171,BOHANAN-BLOCKER 3B,4H,harmonic,104,1253.8850844727965
31743171,BOHANAN-BLOCKER 3B,4H,harmonic,105,1242.2210371753752
31743171,BOHANAN-BLOCKER 3B,4H,harmonic,106,1230.7719953580904
31743171,BOHANAN-BLOCKER 3B,4H,harmonic,107,1219.5320684598432
31743171,BOHANAN-BLOCKER 3B,4H,harmonic,108,1208.4955791525142
31743171,BOHANAN-BLOCKER 3B,4H,harmonic,109,1197.6570537789491
31743171,BOHANAN-BLOCKER 3B,4H,harmonic,110,1187.011213300914
31743171,BOHANAN-BLOCKER 3B,4H,harmonic,111,1176.5529647255755
31743171,BOHANAN-BLOCKER 3B,4H,harmonic,112,1166.2773929812474
31743171,BOHANAN-BLOCKER 3B,4H,harmonic,113,1156.179753215176
31743171,BOHANAN-BLOCKER 3B,4H,harmonic,114,1146.255463488007
31743171,BOHANAN-BLOCKER 3B,4H,harmonic,115,1136.5000978413007
31743171,BOHANAN-BLOCKER 3B,4H,harmonic,116,1126.9093797160576
31743171,BOHANAN-BLOCKER 3B,4H,harmonic,117,1117.4791757016972
31743171,BOHANAN-BLOCKER 3B,4H,harmonic,118,1108.205489596289
31743171,BOHANAN-BLOCKER 3B,4H,harmonic,119,1099.0844567601057
31743171,BOHANAN-BLOCKER 3B,4H,harmonic,120,1090.1123387457374
31743816,SCHARBAUER-DOVE 7D,4H,harmonic,34,5259.684818274355
31743816,SCHARBAUER-DOVE 7D,4H,harmonic,35,5207.950213504444
31743816,SCHARBAUER-DOVE 7D,4H,harmonic,36,5157.223425710569
31743816,SCHARBAUER-DOVE 7D,4H,harmonic,37,5107.475289771239
31743816,SCHARBAUER-DOVE 7D,4H,harmonic,38,5058.677755155591
31743816,SCHARBAUER-DOVE 7D,4H,harmonic,39,5010.803833182509
31743816,SCHARBAUER-DOVE 7D,4H,harmonic,40,4963.827547246422
31743816,SCHARBAUER-DOVE 7D,4H,harmonic,41,4917.723885816889
31743816,SCHARBAUER-DOVE 7D,4H,harmonic,42,4872.468758033298
31743816,SCHARBAUER-DOVE 7D,4H,harmonic,43,4828.038951729043
31743816,SCHARBAUER-DOVE 7D,4H,harmonic,44,4784.412093731492
31743816,SCHARBAUER-DOVE 7D,4H,harmonic,45,4741.566612295091
31743816,SCHARBAUER-DOVE 7D,4H,harmonic,46,4699.4817015350745
31743816,SCHARBAUER-DOVE 7D,4H,harmonic,47,4658.137287738578
31743816,SCHARBAUER-DOVE 7D,4H,harmonic,48,4617.513997438533
31743816,SCHARBAUER-DOVE 7D,4H,harmonic,49,4577.593127143676
31743816,SCHARBAUER-DOVE 7D,4H,harmonic,50,4538.356614625301
31743816,SCHARBAUER-DOVE 7D,4H,harmonic,51,4499.787011668145
31743816,SCHARBAUER-DOVE 7D,4H,harmonic,52,4461.867458199032
31743816,SCHARBAUER-DOVE 7D,4H,harmonic,53,4424.581657712689
31743816,SCHARBAUER-DOVE 7D,4H,harmonic,54,4387.913853919489
31743816,SCHARBAUER-DOVE 7D,4H,harmonic,55,4351.848808544809
31743816,SCHARBAUER-DOVE 7D,4H,harmonic,56,4316.371780214281
31743816,SCHARBAUER-DOVE 7D,4H,harmonic,57,4281.468504363491
31743816,SCHARBAUER-DOVE 7D,4H,harmonic,58,4247.125174114586
31743816,SCHARBAUER-DOVE 7D,4H,harmonic,59,4213.328422065929
31743816,SCHARBAUER-DOVE 7D,4H,harmonic,60,4180.0653029443565
31743816,SCHARBAUER-DOVE 7D,4H,harmonic,61,4147.323277072729
31743816,SCHARBAUER-DOVE 7D,4H,harmonic,62,4115.090194608433
31743816,SCHARBAUER-DOVE 7D,4H,harmonic,63,4083.3542805111965
31743816,SCHARBAUER-DOVE 7D,4H,harmonic,64,4052.1041202011615
31743816,SCHARBAUER-DOVE 7D,4H,harmonic,65,4021.3286458705193
31743816,SCHARBAUER-DOVE 7D,4H,harmonic,66,3991.0171234142094
31743816,SCHARBAUER-DOVE 7D,4H,harmonic,67,3961.15913994727
31743816,SCHARBAUER-DOVE 7D,4H,harmonic,68,3931.7445918783546
31743816,SCHARBAUER-DOVE 7D,4H,harmonic,69,3902.7636735107008
31743816,SCHARBAUER-DOVE 7D,4H,harmonic,70,3874.2068661435496
31743816,SCHARBAUER-DOVE 7D,4H,harmonic,71,3846.06492764856
31743816,SCHARBAUER-DOVE 7D,4H,harmonic,72,3818.3288824972483
31743816,SCHARBAUER-DOVE 7D,4H,harmonic,73,3790.9900122168387
31743816,SCHARBAUER-DOVE 7D,4H,harmonic,74,3764.0398462532116
31743816,SCHARBAUER-DOVE 7D,4H,harmonic,75,3737.470153220836
31743816,SCHARBAUER-DOVE 7D,4H,harmonic,76,3711.2729325206906
31743816,SCHARBAUER-DOVE 7D,4H,harmonic,77,3685.4404063082484
31743816,SCHARBAUER-DOVE 7D,4H,harmonic,78,3659.9650117945976
31743816,SCHARBAUER-DOVE 7D,4H,harmonic,79,3634.8393938646573
31743816,SCHARBAUER-DOVE 7D,4H,harmonic,80,3610.056397997398
31743816,SCHARBAUER-DOVE 7D,4H,harmonic,81,3585.6090634737143
31743816,SCHARBAUER-DOVE 7D,4H,harmonic,82,3561.49061685842
31743816,SCHARBAUER-DOVE 7D,4H,harmonic,83,3537.694465743553
31743816,SCHARBAUER-DOVE 7D,4H,harmonic,84,3514.2141927408306
31743816,SCHARBAUER-DOVE 7D,4H,harmonic,85,3491.04354971177
31743816,SCHARBAUER-DOVE 7D,4H,harmonic,86,3468.176452224575
31743816,SCHARBAUER-DOVE 7D,4H,harmonic,87,3445.606974227452
31743816,SCHARBAUER-DOVE 7D,4H,harmonic,88,3423.3293429285677
31743816,SCHARBAUER-DOVE 7D,4H,harmonic,89,3401.3379338733516
31743816,SCHARBAUER-DOVE 7D,4H,harmonic,90,3379.627266210331
31743816,SCHARBAUER-DOVE 7D,4H,harmonic,91,3358.1919981371143
31743816,SCHARBAUER-DOVE 7D,4H,harmonic,92,3337.0269225186034
31743816,SCHARBAUER-DOVE 7D,4H,harmonic,93,3316.126962669844
31743816,SCHARBAUER-DOVE 7D,4H,harmonic,94,3295.48716829638
31743816,SCHARBAUER-DOVE 7D,4H,harmonic,95,3275.102711585269
31743816,SCHARBAUER-DOVE 7D,4H,harmonic,96,3254.9688834402773
31743816,SCHARBAUER-DOVE 7D,4H,harmonic,97,3235.081089855102
31743816,SCHARBAUER-DOVE 7D,4H,harmonic,98,3215.434848418736
31743816,SCHARBAUER-DOVE 7D,4H,harmonic,99,3196.025784947395
31743816,SCHARBAUER-DOVE 7D,4H,harmonic,100,3176.8496302377107
31743816,SCHARBAUER-DOVE 7D,4H,harmonic,101,3157.902216936094
31743816,SCHARBAUER-DOVE 7D,4H,harmonic,102,3139.1794765194763
31743816,SCHARBAUER-DOVE 7D,4H,harmonic,103,3120.67743638282
31743816,SCHARBAUER-DOVE 7D,4H,harmonic,104,3102.3922170290143
31743816,SCHARBAUER-DOVE 7D,4H,harmonic,105,3084.3200293570003
31743816,SCHARBAUER-DOVE 7D,4H,harmonic,106,3066.457172044122
31743816,SCHARBAUER-DOVE 7D,4H,harmonic,107,3048.800029018916
31743816,SCHARBAUER-DOVE 7D,4H,harmonic,108,3031.345067020716
31743816,SCHARBAUER-DOVE 7D,4H,harmonic,109,3014.08883324261
31743816,SCHARBAUER-DOVE 7D,4H,harmonic,110,2997.027953054444
31743816,SCHARBAUER-DOVE 7D,4H,harmonic,111,2980.1591278027304
31743816,SCHARBAUER-DOVE 7D,4H,harmonic,112,2963.479132684432
31743816,SCHARBAUER-DOVE 7D,4H,harmonic,113,2946.984814691754
31743816,SCHARBAUER-DOVE 7D,4H,harmonic,114,2930.673090625194
31743816,SCHARBAUER-DOVE 7D,4H,harmonic,115,2914.5409451722117
31743816,SCHARBAUER-DOVE 7D,4H,harmonic,116,2898.5854290490056
31743816,SCHARBAUER-DOVE 7D,4H,harmonic,117,2882.803657203004
31743816,SCHARBAUER-DOVE 7D,4H,harmonic,118,2867.192807073746
31743816,SCHARBAUER-DOVE 7D,4H,harmonic,119,2851.7501169099733
31743816,SCHARBAUER-DOVE 7D,4H,harmonic,120,2836.472884140813
31744064,EPLEY-MARTIN 31I,109H,harmonic,34,4283.397895551186
31744064,EPLEY-MARTIN 31I,109H,harmonic,35,4169.173951669821
31744064,EPLEY-MARTIN 31I,109H,harmonic,36,4060.883719158917
31744064,EPLEY-MARTIN 31I,109H,harmonic,37,3958.0765363953997
31744064,EPLEY-MARTIN 31I,109H,harmonic,38,3860.34625154613
31744064,EPLEY-MARTIN 31I,109H,harmonic,39,3767.325859942609
31744064,EPLEY-MARTIN 31I,109H,harmonic,40,3678.6828985321954
31744064,EPLEY-MARTIN 31I,109H,harmonic,41,3594.1154755774314
31744064,EPLEY-MARTIN 31I,109H,harmonic,42,3513.3488356768153
31744064,EPLEY-MARTIN 31I,109H,harmonic,43,3436.132377749853
31744064,EPLEY-MARTIN 31I,109H,harmonic,44,3362.237057798243
31744064,EPLEY-MARTIN 31I,109H,harmonic,45,3291.4531197393326
31744064,EPLEY-MARTIN 31I,109H,harmonic,46,3223.5881069612014
31744064,EPLEY-MARTIN 31I,109H,harmonic,47,3158.4651149013794
31744064,EPLEY-MARTIN 31I,109H,harmonic,48,3095.921251239966
31744064,EPLEY-MARTIN 31I,109H,harmonic,49,3035.8062754877337
31744064,EPLEY-MARTIN 31I,109H,harmonic,50,2977.9813940498725
31744064,EPLEY-MARTIN 31I,109H,harmonic,51,2922.3181904227717
31744064,EPLEY-MARTIN 31I,109H,harmonic,52,2868.697673167308
31744064,EPLEY-MARTIN 31I,109H,harmonic,53,2817.009426803933
31744064,EPLEY-MARTIN 31I,109H,harmonic,54,2767.1508528781997
31744064,EPLEY-MARTIN 31I,109H,harmonic,55,2719.0264902194485
31744064,EPLEY-MARTIN 31I,109H,harmonic,56,2672.547404916552
31744064,EPLEY-MARTIN 31I,109H,harmonic,57,2627.6306418087106
31744064,EPLEY-MARTIN 31I,109H,harmonic,58,2584.1987303738556
31744064,EPLEY-MARTIN 31I,109H,harmonic,59,2542.1792388230615
31744064,EPLEY-MARTIN 31I,109H,harmonic,60,2501.5043710018927
31744064,EPLEY-MARTIN 31I,109H,harmonic,61,2462.1106013798153
31744064,EPLEY-MARTIN 31I,109H,harmonic,62,2423.938343994082
31744064,EPLEY-MARTIN 31I,109H,harmonic,63,2386.931651719363
31744064,EPLEY-MARTIN 31I,109H,harmonic,64,2351.037942670952
31744064,EPLEY-MARTIN 31I,109H,harmonic,65,2316.2077509276783
31744064,EPLEY-MARTIN 31I,109H,harmonic,66,2282.394499089318
31744064,EPLEY-MARTIN 31I,109H,harmonic,67,2249.554290469328
31744064,EPLEY-MARTIN 31I,109H,harmonic,68,2217.6457189733087
31744064,EPLEY-MARTIN 31I,109H,harmonic,69,2186.6296949317243
31744064,EPLEY-MARTIN 31I,109H,harmonic,70,2156.4692853464594
31744064,EPLEY-MARTIN 31I,109H,harmonic,71,2127.12956717848
31744064,EPLEY-MARTIN 31I,109H,harmonic,72,2098.577492451252
31744064,EPLEY-MARTIN 31I,109H,harmonic,73,2070.7817640744142
31744064,EPLEY-MARTIN 31I,109H,harmonic,74,2043.712721406775
31744064,EPLEY-MARTIN 31I,109H,harmonic,75,2017.3422346789457
31744064,EPLEY-MARTIN 31I,109H,harmonic,76,1991.6436074855833
31744064,EPLEY-MARTIN 31I,109H,harmonic,77,1966.5914866367082
31744064,EPLEY-MARTIN 31I,109H,harmonic,78,1942.1617787281773
31744064,EPLEY-MARTIN 31I,109H,harmonic,79,1918.331572854212
31744064,EPLEY-MARTIN 31I,109H,harmonic,80,1895.0790689408277
31744064,EPLEY-MARTIN 31I,109H,harmonic,81,1872.3835112289617
31744064,EPLEY-MARTIN 31I,109H,harmonic,82,1850.2251264806896
31744064,EPLEY-MARTIN 31I,109H,harmonic,83,1828.5850665218513
31744064,EPLEY-MARTIN 31I,109H,harmonic,84,1807.4453547701537
31744064,EPLEY-MARTIN 31I,109H,harmonic,85,1786.7888364299233
31744064,EPLEY-MARTIN 31I,109H,harmonic,86,1766.5991320634837
31744064,EPLEY-MARTIN 31I,109H,harmonic,87,1746.8605942750646
31744064,EPLEY-MARTIN 31I,109H,harmonic,88,1727.5582672665003
31744064,EPLEY-MARTIN 31I,109H,harmonic,89,1708.6778490450085
31744064,EPLEY-MARTIN 31I,109H,harmonic,90,1690.2056560823598
31744064,EPLEY-MARTIN 31I,109H,harmonic,91,1672.128590241907
31744064,EPLEY-MARTIN 31I,109H,harmonic,92,1654.4341078054845
31744064,EPLEY-MARTIN 31I,109H,harmonic,93,1637.1101904462648
31744064,EPLEY-MARTIN 31I,109H,harmonic,94,1620.1453180064073
31744064,EPLEY-MARTIN 31I,109H,harmonic,95,1603.5284429499313
31744064,EPLEY-MARTIN 31I,109H,harmonic,96,1587.248966371759
31744064,EPLEY-MARTIN 31I,109H,harmonic,97,1571.2967154534501
31744064,EPLEY-MARTIN 31I,109H,harmonic,98,1555.6619222648585
31744064,EPLEY-MARTIN 31I,109H,harmonic,99,1540.3352038188993
31744064,EPLEY-MARTIN 31I,109H,harmonic,100,1525.307543293837
31744064,EPLEY-MARTIN 31I,109H,harmonic,101,1510.570272344138
31744064,EPLEY-MARTIN 31I,109H,harmonic,102,1496.1150544269692
31744064,EPLEY-MARTIN 31I,109H,harmonic,103,1481.9338690769505
31744064,EPLEY-MARTIN 31I,109H,harmonic,104,1468.0189970668384
31744064,EPLEY-MARTIN 31I,109H,harmonic,105,1454.3630063964492
31744064,EPLEY-MARTIN 31I,109H,harmonic,106,1440.9587390563897
31744064,EPLEY-MARTIN 31I,109H,harmonic,107,1427.799298517062
31744064,EPLEY-MARTIN 31I,109H,harmonic,108,1414.878037896998
31744064,EPLEY-MARTIN 31I,109H,harmonic,109,1402.1885487678771
31744064,EPLEY-MARTIN 31I,109H,harmonic,110,1389.724650556607
31744064,EPLEY-MARTIN 31I,109H,harmonic,111,1377.48038050765
31744064,EPLEY-MARTIN 31I,109H,harmonic,112,1365.4499841713387
31744064,EPLEY-MARTIN 31I,109H,harmonic,113,1353.6279063863055
31744064,EPLEY-MARTIN 31I,109H,harmonic,114,1342.0087827263374
31744064,EPLEY-MARTIN 31I,109H,harmonic,115,1330.5874313839854
31744064,EPLEY-MARTIN 31I,109H,harmonic,116,1319.358845465133
31744064,EPLEY-MARTIN 31I,109H,harmonic,117,1308.318185670446
31744064,EPLEY-MARTIN 31I,109H,harmonic,118,1297.4607733412306
31744064,EPLEY-MARTIN 31I,109H,harmonic,119,1286.7820838487103
31744064,EPLEY-MARTIN 31I,109H,harmonic,120,1276.2777403070882
31743759,GLYNN-ATCHISON 44L,212H,harmonic,34,2292.118854967742
31743759,GLYNN-ATCHISON 44L,212H,harmonic,35,2254.736659049813
31743759,GLYNN-ATCHISON 44L,212H,harmonic,36,2218.554229554926
31743759,GLYNN-ATCHISON 44L,212H,harmonic,37,2183.5147196949565
31743759,GLYNN-ATCHISON 44L,212H,harmonic,38,2149.564818161238
31743759,GLYNN-ATCHISON 44L,212H,harmonic,39,2116.6544784794783
31743759,GLYNN-ATCHISON 44L,212H,harmonic,40,2084.736672851613
31743759,GLYNN-ATCHISON 44L,212H,harmonic,41,2053.767167938259
31743759,GLYNN-ATCHISON 44L,212H,harmonic,42,2023.7043203336152
31743759,GLYNN-ATCHISON 44L,212H,harmonic,43,1994.5088897441403
31743759,GLYNN-ATCHISON 44L,212H,harmonic,44,1966.1438681085576
31743759,GLYNN-ATCHISON 44L,212H,harmonic,45,1938.574323094489
31743759,GLYNN-ATCHISON 44L,212H,harmonic,46,1911.7672545800817
31743759,GLYNN-ATCHISON 44L,212H,harmonic,47,1885.691462880856
31743759,GLYNN-ATCHISON 44L,212H,harmonic,48,1860.3174276154623
31743759,GLYNN-ATCHISON 44L,212H,harmonic,49,1835.6171962215462
31743759,GLYNN-ATCHISON 44L,212H,harmonic,50,1811.5642812365743
31743759,GLYNN-ATCHISON 44L,212H,harmonic,51,1788.1335655500563
31743759,GLYNN-ATCHISON 44L,212H,harmonic,52,1765.3012149146725
31743759,GLYNN-ATCHISON 44L,212H,harmonic,53,1743.0445970756687
31743759,GLYNN-ATCHISON 44L,212H,harmonic,54,1721.342206941699
31743759,GLYNN-ATCHISON 44L,212H,harmonic,55,1700.1735972770439
31743759,GLYNN-ATCHISON 44L,212H,harmonic,56,1679.519314445673
31743759,GLYNN-ATCHISON 44L,212H,harmonic,57,1659.3608387827117
31743759,GLYNN-ATCHISON 44L,212H,harmonic,58,1639.6805292091342
31743759,GLYNN-ATCHISON 44L,212H,harmonic,59,1620.4615717415377
31743759,GLYNN-ATCHISON 44L,212H,harmonic,60,1601.6879315811175
31743759,GLYNN-ATCHISON 44L,212H,harmonic,61,1583.344308494896
31743759,GLYNN-ATCHISON 44L,212H,harmonic,62,1565.4160952282675
31743759,GLYNN-ATCHISON 44L,212H,harmonic,63,1547.8893387112744
31743759,GLYNN-ATCHISON 44L,212H,harmonic,64,1530.7507038420936
31743759,GLYNN-ATCHISON 44L,212H,harmonic,65,1513.987439650163
31743759,GLYNN-ATCHISON 44L,212H,harmonic,66,1497.5873476585134
31743759,GLYNN-ATCHISON 44L,212H,harmonic,67,1481.5387522803344
31743759,GLYNN-ATCHISON 44L,212H,harmonic,68,1465.8304730987904
31743759,GLYNN-ATCHISON 44L,212H,harmonic,69,1450.4517988917905
31743759,GLYNN-ATCHISON 44L,212H,harmonic,70,1435.3924632748813
31743759,GLYNN-ATCHISON 44L,212H,harmonic,71,1420.6426218458803
31743759,GLYNN-ATCHISON 44L,212H,harmonic,72,1406.1928307243215
31743759,GLYNN-ATCHISON 44L,212H,harmonic,73,1392.0340263874048
31743759,GLYNN-ATCHISON 44L,212H,harmonic,74,1378.1575067119793
31743759,GLYNN-ATCHISON 44L,212H,harmonic,75,1364.5549131392377
31743759,GLYNN-ATCHISON 44L,212H,harmonic,76,1351.218213885305
31743759,GLYNN-ATCHISON 44L,212H,harmonic,77,1338.1396881268633
31743759,GLYNN-ATCHISON 44L,212H,harmonic,78,1325.3119110963837
31743759,GLYNN-ATCHISON 44L,212H,harmonic,79,1312.7277400265032
31743759,GLYNN-ATCHISON 44L,212H,harmonic,80,1300.3803008876398
31743759,GLYNN-ATCHISON 44L,212H,harmonic,81,1288.2629758671078
31743759,GLYNN-ATCHISON 44L,212H,harmonic,82,1276.3693915418041
31743759,GLYNN-ATCHISON 44L,212H,harmonic,83,1264.693407700064
31743759,GLYNN-ATCHISON 44L,212H,harmonic,84,1253.229106771485
31743759,GLYNN-ATCHISON 44L,212H,harmonic,85,1241.9707838264928
31743759,GLYNN-ATCHISON 44L,212H,harmonic,86,1230.9129371101371
31743759,GLYNN-ATCHISON 44L,212H,harmonic,87,1220.0502590771168
31743759,GLYNN-ATCHISON 44L,212H,harmonic,88,1209.3776278973448
31743759,GLYNN-ATCHISON 44L,212H,harmonic,89,1198.8900994034836
31743759,GLYNN-ATCHISON 44L,212H,harmonic,90,1188.5828994538608
31743759,GLYNN-ATCHISON 44L,212H,harmonic,91,1178.4514166859724
31743759,GLYNN-ATCHISON 44L,212H,harmonic,92,1168.49119563747
31743759,GLYNN-ATCHISON 44L,212H,harmonic,93,1158.6979302130712
31743759,GLYNN-ATCHISON 44L,212H,harmonic,94,1149.067457477267
31743759,GLYNN-ATCHISON 44L,212H,harmonic,95,1139.5957517540273
31743759,GLYNN-ATCHISON 44L,212H,harmonic,96,1130.278919015935
31743759,GLYNN-ATCHISON 44L,212H,harmonic,97,1121.113191546322
31743759,GLYNN-ATCHISON 44L,212H,harmonic,98,1112.0949228590316
31743759,GLYNN-ATCHISON 44L,212H,harmonic,99,1103.2205828614165
31743759,GLYNN-ATCHISON 44L,212H,harmonic,100,1094.4867532470969
31743759,GLYNN-ATCHISON 44L,212H,harmonic,101,1085.8901231058423
31743759,GLYNN-ATCHISON 44L,212H,harmonic,102,1077.4274847387337
31743759,GLYNN-ATCHISON 44L,212H,harmonic,103,1069.095729667494
31743759,GLYNN-ATCHISON 44L,212H,harmonic,104,1060.8918448275576
31743759,GLYNN-ATCHISON 44L,212H,harmonic,105,1052.8129089350832
31743759,GLYNN-ATCHISON 44L,212H,harmonic,106,1044.8560890187084
31743759,GLYNN-ATCHISON 44L,212H,harmonic,107,1037.0186371073955
31743759,GLYNN-ATCHISON 44L,212H,harmonic,108,1029.2978870662353
31743759,GLYNN-ATCHISON 44L,212H,harmonic,109,1021.6912515725527
31743759,GLYNN-ATCHISON 44L,212H,harmonic,110,1014.1962192251092
31743759,GLYNN-ATCHISON 44L,212H,harmonic,111,1006.8103517796216
31743759,GLYNN-ATCHISON 44L,212H,harmonic,112,999.5312815041981
31743759,GLYNN-ATCHISON 44L,212H,harmonic,113,992.3567086486712
31743759,GLYNN-ATCHISON 44L,212H,harmonic,114,985.2843990221428
31743759,GLYNN-ATCHISON 44L,212H,harmonic,115,978.3121816733827
31743759,GLYNN-ATCHISON 44L,212H,harmonic,116,971.437946669021
31743759,GLYNN-ATCHISON 44L,212H,harmonic,117,964.6596429647568
31743759,GLYNN-ATCHISON 44L,212H,harmonic,118,957.9752763650739
31743759,GLYNN-ATCHISON 44L,212H,harmonic,119,951.3829075671975
31743759,GLYNN-ATCHISON 44L,212H,harmonic,120,944.8806502852636
31744068,DAVIS-LACY 31E,205H,harmonic,34,2876.6715609172747
31744068,DAVIS-LACY 31E,205H,harmonic,35,2799.9603192928143
31744068,DAVIS-LACY 31E,205H,harmonic,36,2727.234077233261
31744068,DAVIS-LACY 31E,205H,harmonic,37,2658.190176543811
31744068,DAVIS-LACY 31E,205H,harmonic,38,2592.55585119705
31744068,DAVIS-LACY 31E,205H,harmonic,39,2530.084625867001
31744068,DAVIS-LACY 31E,205H,harmonic,40,2470.5532229054247
31744068,DAVIS-LACY 31E,205H,harmonic,41,2413.7588959420814
31744068,DAVIS-LACY 31E,205H,harmonic,42,2359.5171229995626
31744068,DAVIS-LACY 31E,205H,harmonic,43,2307.6596038127595
31744068,DAVIS-LACY 31E,205H,harmonic,44,2258.032515558721
31744068,DAVIS-LACY 31E,205H,harmonic,45,2210.49498891538
31744068,DAVIS-LACY 31E,205H,harmonic,46,2164.917772649083
31744068,DAVIS-LACY 31E,205H,harmonic,47,2121.182060070314
31744068,DAVIS-LACY 31E,205H,harmonic,48,2079.1784549204067
31744068,DAVIS-LACY 31E,205H,harmonic,49,2038.806057737486
31744068,DAVIS-LACY 31E,205H,harmonic,50,1999.9716566377247
31744068,DAVIS-LACY 31E,205H,harmonic,51,1962.5890088501035
31744068,DAVIS-LACY 31E,205H,harmonic,52,1926.5782013482667
31744068,DAVIS-LACY 31E,205H,harmonic,53,1891.8650806032529
31744068,DAVIS-LACY 31E,205H,harmonic,54,1858.3807428934608
31744068,DAVIS-LACY 31E,205H,harmonic,55,1826.0610777996617
31744068,DAVIS-LACY 31E,205H,harmonic,56,1794.8463585210347
31744068,DAVIS-LACY 31E,205H,harmonic,57,1764.6808735038746
31744068,DAVIS-LACY 31E,205H,harmonic,58,1735.512594602984
31744068,DAVIS-LACY 31E,205H,harmonic,59,1707.2928776175697
31744068,DAVIS-LACY 31E,205H,harmonic,60,1679.9761915756887
31744068,DAVIS-LACY 31E,205H,harmonic,61,1653.5198735981187
31744068,DAVIS-LACY 31E,205H,harmonic,62,1627.8839065655898
31744068,DAVIS-LACY 31E,205H,harmonic,63,1603.0307171523746
31744068,DAVIS-LACY 31E,205H,harmonic,64,1578.924992082414
31744068,DAVIS-LACY 31E,205H,harmonic,65,1555.5335107182302
31744068,DAVIS-LACY 31E,205H,harmonic,66,1532.8249923135845
31744068,DAVIS-LACY 31E,205H,harmonic,67,1510.7699564529573
31744068,DAVIS-LACY 31E,205H,harmonic,68,1489.3405953685183
31744068,DAVIS-LACY 31E,205H,harmonic,69,1468.510656971756
31744068,DAVIS-LACY 31E,205H,harmonic,70,1448.255337565249
31744068,DAVIS-LACY 31E,205H,harmonic,71,1428.5511833126604
31744068,DAVIS-LACY 31E,205H,harmonic,72,1409.3759996440342
31744068,DAVIS-LACY 31E,205H,harmonic,73,1390.7087678606692
31744068,DAVIS-LACY 31E,205H,harmonic,74,1372.5295682807914
31744068,DAVIS-LACY 31E,205H,harmonic,75,1354.8195093352329
31744068,DAVIS-LACY 31E,205H,harmonic,76,1337.5606620825547
31744068,DAVIS-LACY 31E,205H,harmonic,77,1320.735999666422
31744068,DAVIS-LACY 31E,205H,harmonic,78,1304.3293412854725
31744068,DAVIS-LACY 31E,205H,harmonic,79,1288.3253002881047
31744068,DAVIS-LACY 31E,205H,harmonic,80,1272.7092360421884
31744068,DAVIS-LACY 31E,205H,harmonic,81,1257.4672092632402
31744068,DAVIS-LACY 31E,205H,harmonic,82,1242.5859405145625
31744068,DAVIS-LACY 31E,205H,harmonic,83,1228.0527716196555
31744068,DAVIS-LACY 31E,205H,harmonic,84,1213.85562975122
31744068,DAVIS-LACY 31E,205H,harmonic,85,1199.9829939826348
31744068,DAVIS-LACY 31E,205H,harmonic,86,1186.423864107125
31744068,DAVIS-LACY 31E,205H,harmonic,87,1173.1677315472684
31744068,DAVIS-LACY 31E,205H,harmonic,88,1160.204552193155
31744068,DAVIS-LACY 31E,205H,harmonic,89,1147.5247210216453
31744068,DAVIS-LACY 31E,205H,harmonic,90,1135.1190483619519
31744068,DAVIS-LACY 31E,205H,harmonic,91,1122.978737684284
31744068,DAVIS-LACY 31E,205H,harmonic,92,1111.0953647987358
31744068,DAVIS-LACY 31E,205H,harmonic,93,1099.4608583610527
31744068,DAVIS-LACY 31E,205H,harmonic,94,1088.067481590472
31744068,DAVIS-LACY 31E,205H,harmonic,95,1076.907815112621
31744068,DAVIS-LACY 31E,205H,harmonic,96,1065.974740847518
31744068,DAVIS-LACY 31E,205H,harmonic,97,1055.2614268691511
31744068,DAVIS-LACY 31E,205H,harmonic,98,1044.7613131689607
31744068,DAVIS-LACY 31E,205H,harmonic,99,1034.468098260892
31744068,DAVIS-LACY 31E,205H,harmonic,100,1024.375726570542
31744068,DAVIS-LACY 31E,205H,harmonic,101,1014.4783765553674
31744068,DAVIS-LACY 31E,205H,harmonic,102,1004.7704495069908
31744068,DAVIS-LACY 31E,205H,harmonic,103,995.2465589903369
31744068,DAVIS-LACY 31E,205H,harmonic,104,985.9015208777515
31744068,DAVIS-LACY 31E,205H,harmonic,105,976.7303439393539
31744068,DAVIS-LACY 31E,205H,harmonic,106,967.7282209537376
31744068,DAVIS-LACY 31E,205H,harmonic,107,958.8905203057583
31744068,DAVIS-LACY 31E,205H,harmonic,108,950.2127780405478
31744068,DAVIS-LACY 31E,205H,harmonic,109,941.690690345117
31744068,DAVIS-LACY 31E,205H,harmonic,110,933.3201064309382
31744068,DAVIS-LACY 31E,205H,harmonic,111,925.09702179278
31744068,DAVIS-LACY 31E,205H,harmonic,112,917.0175718207907
31744068,DAVIS-LACY 31E,205H,harmonic,113,909.0780257444203
31744068,DAVIS-LACY 31E,205H,harmonic,114,901.274780888245
31744068,DAVIS-LACY 31E,205H,harmonic,115,893.6043572211111
31744068,DAVIS-LACY 31E,205H,harmonic,116,886.0633921812703
31744068,DAVIS-LACY 31E,205H,harmonic,117,878.6486357613434
31744068,DAVIS-LACY 31E,205H,harmonic,118,871.3569458380127
31744068,DAVIS-LACY 31E,205H,harmonic,119,864.1852837323502
31744068,DAVIS-LACY 31E,205H,harmonic,120,857.1307099875963
31744066,EPLEY-MARTIN 31K,111H,harmonic,34,4166.513772433418
31744066,EPLEY-MARTIN 31K,111H,harmonic,35,4055.40673850186
31744066,EPLEY-MARTIN 31K,111H,harmonic,36,3950.071498540773
31744066,EPLEY-MARTIN 31K,111H,harmonic,37,3850.069688451133
31744066,EPLEY-MARTIN 31K,111H,harmonic,38,3755.0062393535736
31744066,EPLEY-MARTIN 31K,111H,harmonic,39,3664.5241612968616
31744066,EPLEY-MARTIN 31K,111H,harmonic,40,3578.3000633839947
31744066,EPLEY-MARTIN 31K,111H,harmonic,41,3496.040291811948
31744066,EPLEY-MARTIN 31K,111H,harmonic,42,3417.477588625163
31744066,EPLEY-MARTIN 31K,111H,harmonic,43,3342.368191072962
31744066,EPLEY-MARTIN 31K,111H,harmonic,44,3270.4893052434354
31744066,EPLEY-MARTIN 31K,111H,harmonic,45,3201.636898817258
31744066,EPLEY-MARTIN 31K,111H,harmonic,46,3135.6237668828812
31744066,EPLEY-MARTIN 31K,111H,harmonic,47,3072.277832198379
31744066,EPLEY-MARTIN 31K,111H,harmonic,48,3011.4406474023713
31744066,EPLEY-MARTIN 31K,111H,harmonic,49,2952.9660717246556
31744066,EPLEY-MARTIN 31K,111H,harmonic,50,2896.7190989299
31744066,EPLEY-MARTIN 31K,111H,harmonic,51,2842.5748167069114
31744066,EPLEY-MARTIN 31K,111H,harmonic,52,2790.417480620546
31744066,EPLEY-MARTIN 31K,111H,harmonic,53,2740.1396881769324
31744066,EPLEY-MARTIN 31K,111H,harmonic,54,2691.6416405985797
31744066,EPLEY-MARTIN 31K,111H,harmonic,55,2644.830481631648
31744066,EPLEY-MARTIN 31K,111H,harmonic,56,2599.619704167859
31744066,EPLEY-MARTIN 31K,111H,harmonic,57,2555.928616702853
31744066,EPLEY-MARTIN 31K,111H,harmonic,58,2513.6818627077646
31744066,EPLEY-MARTIN 31K,111H,harmonic,59,2472.808986891378
31744066,EPLEY-MARTIN 31K,111H,harmonic,60,2433.2440431011164
31744066,EPLEY-MARTIN 31K,111H,harmonic,61,2394.925239272752
31744066,EPLEY-MARTIN 31K,111H,harmonic,62,2357.7946154080582
31744066,EPLEY-MARTIN 31K,111H,harmonic,63,2321.797751050683
31744066,EPLEY-MARTIN 31K,111H,harmonic,64,2286.8834991551844
31744066,EPLEY-MARTIN 31K,111H,harmonic,65,2253.0037436121447
31744066,EPLEY-MARTIN 31K,111H,harmonic,66,2220.113178011967
31744066,EPLEY-MARTIN 31K,111H,harmonic,67,2188.169103508198
31744066,EPLEY-MARTIN 31K,111H,harmonic,68,2157.131243883968
31744066,EPLEY-MARTIN 31K,111H,harmonic,69,2126.9615761373393
31744066,EPLEY-MARTIN 31K,111H,harmonic,70,2097.624175087169
31744066,EPLEY-MARTIN 31K,111H,harmonic,71,2069.0850706642145
31744066,EPLEY-MARTIN 31K,111H,harmonic,72,2041.3121166955673
31744066,EPLEY-MARTIN 31K,111H,harmonic,73,2014.274870116818
31744066,EPLEY-MARTIN 31K,111H,harmonic,74,1987.9444796577745
31744066,EPLEY-MARTIN 31K,111H,harmonic,75,1962.2935831460616
31744066,EPLEY-MARTIN 31K,111H,harmonic,76,1937.2962126601242
31744066,EPLEY-MARTIN 31K,111H,harmonic,77,1912.9277068405002
31744066,EPLEY-MARTIN 31K,111H,harmonic,78,1889.1646297368914
31744066,EPLEY-MARTIN 31K,111H,harmonic,79,1865.9846956296903
31744066,EPLEY-MARTIN 31K,111H,harmonic,80,1843.3666993190275
31744066,EPLEY-MARTIN 31K,111H,harmonic,81,1821.2904514229913
31744066,EPLEY-MARTIN 31K,111H,harmonic,82,1799.7367182700561
31744066,EPLEY-MARTIN 31K,111H,harmonic,83,1778.6871660095878
31744066,EPLEY-MARTIN 31K,111H,harmonic,84,1758.1243085990723
31744066,EPLEY-MARTIN 31K,111H,harmonic,85,1738.03145935794
31744066,EPLEY-MARTIN 31K,111H,harmonic,86,1718.392685805873
31744066,EPLEY-MARTIN 31K,111H,harmonic,87,1699.1927675287122
31744066,EPLEY-MARTIN 31K,111H,harmonic,88,1680.4171568377874
31744066,EPLEY-MARTIN 31K,111H,harmonic,89,1662.051942008959
31744066,EPLEY-MARTIN 31K,111H,harmonic,90,1644.0838129061597
31744066,EPLEY-MARTIN 31K,111H,harmonic,91,1626.5000288109065
31744066,EPLEY-MARTIN 31K,111H,harmonic,92,1609.2883882943888
31744066,EPLEY-MARTIN 31K,111H,harmonic,93,1592.4372009824058
31744066,EPLEY-MARTIN 31K,111H,harmonic,94,1575.9352610758524
31744066,EPLEY-MARTIN 31K,111H,harmonic,95,1559.7718225007156
31744066,EPLEY-MARTIN 31K,111H,harmonic,96,1543.936575571774
31744066,EPLEY-MARTIN 31K,111H,harmonic,97,1528.419625063515
31744066,EPLEY-MARTIN 31K,111H,harmonic,98,1513.2114695902462
31744066,EPLEY-MARTIN 31K,111H,harmonic,99,1498.3029822051208
31744066,EPLEY-MARTIN 31K,111H,harmonic,100,1483.685392134827
31744066,EPLEY-MARTIN 31K,111H,harmonic,101,1469.3502675731377
31744066,EPLEY-MARTIN 31K,111H,harmonic,102,1455.28949946239
31744066,EPLEY-MARTIN 31K,111H,harmonic,103,1441.4952861973436
31744066,EPLEY-MARTIN 31K,111H,harmonic,104,1427.960119190796
31744066,EPLEY-MARTIN 31K,111H,harmonic,105,1414.676769244835
31744066,EPLEY-MARTIN 31K,111H,harmonic,106,1401.638273675758
31744066,EPLEY-MARTIN 31K,111H,harmonic,107,1388.8379241444727
31744066,EPLEY-MARTIN 31K,111H,harmonic,108,1376.26925514769
31744066,EPLEY-MARTIN 31K,111H,harmonic,109,1363.9260331284283
31744066,EPLEY-MARTIN 31K,111H,harmonic,110,1351.8022461672867
31744066,EPLEY-MARTIN 31K,111H,harmonic,111,1339.8920942186762
31744066,EPLEY-MARTIN 31K,111H,harmonic,112,1328.1899798586878
31744066,EPLEY-MARTIN 31K,111H,harmonic,113,1316.690499513591
31744066,EPLEY-MARTIN 31K,111H,harmonic,114,1305.3884351400839
31744066,EPLEY-MARTIN 31K,111H,harmonic,115,1294.278746330381
31744066,EPLEY-MARTIN 31K,111H,harmonic,116,1283.3565628170443
31744066,EPLEY-MARTIN 31K,111H,harmonic,117,1272.6171773541403
31744066,EPLEY-MARTIN 31K,111H,harmonic,118,1262.056038952861
31744066,EPLEY-MARTIN 31K,111H,harmonic,119,1251.6687464511915
31744066,EPLEY-MARTIN 31K,111H,harmonic,120,1241.4510423985287
31744060,EPLEY-MARTIN 31G,107H,harmonic,34,2546.658188913375
31744060,EPLEY-MARTIN 31G,107H,harmonic,35,2478.7473038756852
31744060,EPLEY-MARTIN 31G,107H,harmonic,36,2414.364257021771
31744060,EPLEY-MARTIN 31G,107H,harmonic,37,2353.2411112743844
31744060,EPLEY-MARTIN 31G,107H,harmonic,38,2295.136392477486
31744060,EPLEY-MARTIN 31G,107H,harmonic,39,2239.8319010924865
31744060,EPLEY-MARTIN 31G,107H,harmonic,40,2187.1299740079576
31744060,EPLEY-MARTIN 31G,107H,harmonic,41,2136.851124030763
31744060,EPLEY-MARTIN 31G,107H,harmonic,42,2088.8319976480493
31744060,EPLEY-MARTIN 31G,107H,harmonic,43,2042.923602095345
31744060,EPLEY-MARTIN 31G,107H,harmonic,44,1998.9897611900685
31744060,EPLEY-MARTIN 31G,107H,harmonic,45,1956.9057662176463
31744060,EPLEY-MARTIN 31G,107H,harmonic,46,1916.557193718313
31744060,EPLEY-MARTIN 31G,107H,harmonic,47,1877.8388665724888
31744060,EPLEY-MARTIN 31G,107H,harmonic,48,1840.653938521548
31744060,EPLEY-MARTIN 31G,107H,harmonic,49,1804.9130853463726
31744060,EPLEY-MARTIN 31G,107H,harmonic,50,1770.5337884826322
31744060,EPLEY-MARTIN 31G,107H,harmonic,51,1737.4396989782838
31744060,EPLEY-MARTIN 31G,107H,harmonic,52,1705.5600714740951
31744060,EPLEY-MARTIN 31G,107H,harmonic,53,1674.8292593754627
31744060,EPLEY-MARTIN 31G,107H,harmonic,54,1645.1862636343042
31744060,EPLEY-MARTIN 31G,107H,harmonic,55,1616.5743286145773
31744060,EPLEY-MARTIN 31G,107H,harmonic,56,1588.9405794074903
31744060,EPLEY-MARTIN 31G,107H,harmonic,57,1562.2356957199695
31744060,EPLEY-MARTIN 31G,107H,harmonic,58,1536.4136181047634
31744060,EPLEY-MARTIN 31G,107H,harmonic,59,1511.4312828510274
31744060,EPLEY-MARTIN 31G,107H,harmonic,60,1487.248382325411
31744060,EPLEY-MARTIN 31G,107H,harmonic,61,1463.8271479580817
31744060,EPLEY-MARTIN 31G,107H,harmonic,62,1441.132153416096
31744060,EPLEY-MARTIN 31G,107H,harmonic,63,1419.1301358066899
31744060,EPLEY-MARTIN 31G,107H,harmonic,64,1397.7898330126043
31744060,EPLEY-MARTIN 31G,107H,harmonic,65,1377.0818354864916
31744060,EPLEY-MARTIN 31G,107H,harmonic,66,1356.9784510268348
31744060,EPLEY-MARTIN 31G,107H,harmonic,67,1337.4535812278875
31744060,EPLEY-MARTIN 31G,107H,harmonic,68,1318.4826084445133
31744060,EPLEY-MARTIN 31G,107H,harmonic,69,1300.042292242492
31744060,EPLEY-MARTIN 31G,107H,harmonic,70,1282.1106744184578
31744060,EPLEY-MARTIN 31G,107H,harmonic,71,1264.6669917733086
31744060,EPLEY-MARTIN 31G,107H,harmonic,72,1247.6915959105797
31744060,EPLEY-MARTIN 31G,107H,harmonic,73,1231.1658794084528
31744060,EPLEY-MARTIN 31G,107H,harmonic,74,1215.0722077821986
31744060,EPLEY-MARTIN 31G,107H,harmonic,75,1199.3938567140412
31744060,EPLEY-MARTIN 31G,107H,harmonic,76,1184.1149540807412
31744060,EPLEY-MARTIN 31G,107H,harmonic,77,1169.2204263564552
31744060,EPLEY-MARTIN 31G,107H,harmonic,78,1154.6959490104123
31744060,EPLEY-MARTIN 31G,107H,harmonic,79,1140.5279005562968
31744060,EPLEY-MARTIN 31G,107H,harmonic,80,1126.7033199434932
31744060,EPLEY-MARTIN 31G,107H,harmonic,81,1113.2098670100384
31744060,EPLEY-MARTIN 31G,107H,harmonic,82,1100.035785743647
31744060,EPLEY-MARTIN 31G,107H,harmonic,83,1087.1698701209145
31744060,EPLEY-MARTIN 31G,107H,harmonic,84,1074.6014323160484
31744060,EPLEY-MARTIN 31G,107H,harmonic,85,1062.3202730895794
31744060,EPLEY-MARTIN 31G,107H,harmonic,86,1050.3166541846124
31744060,EPLEY-MARTIN 31G,107H,harmonic,87,1038.581272573611
31744060,EPLEY-MARTIN 31G,107H,harmonic,88,1027.1052364125767
31744060,EPLEY-MARTIN 31G,107H,harmonic,89,1015.880042572002
31744060,EPLEY-MARTIN 31G,107H,harmonic,90,1004.8975556252777
31744060,EPLEY-MARTIN 31G,107H,harmonic,91,994.1499881854353
31744060,EPLEY-MARTIN 31G,107H,harmonic,92,983.6298824903512
31744060,EPLEY-MARTIN 31G,107H,harmonic,93,973.3300931449024
31744060,EPLEY-MARTIN 31G,107H,harmonic,94,963.243770936147
31744060,EPLEY-MARTIN 31G,107H,harmonic,95,953.3643476444943
31744060,EPLEY-MARTIN 31G,107H,harmonic,96,943.685521780083
31744060,EPLEY-MARTIN 31G,107H,harmonic,97,934.2012451792782
31744060,EPLEY-MARTIN 31G,107H,harmonic,98,924.905710401375
31744060,EPLEY-MARTIN 31G,107H,harmonic,99,915.793338870327
31744060,EPLEY-MARTIN 31G,107H,harmonic,100,906.8587697106165
31744060,EPLEY-MARTIN 31G,107H,harmonic,101,898.0968492303206
31744060,EPLEY-MARTIN 31G,107H,harmonic,102,889.5026210080209
31744060,EPLEY-MARTIN 31G,107H,harmonic,103,881.07131654349
31744060,EPLEY-MARTIN 31G,107H,harmonic,104,872.7983464351004
31744060,EPLEY-MARTIN 31G,107H,harmonic,105,864.6792920496576
31744060,EPLEY-MARTIN 31G,107H,harmonic,106,856.7098976528864
31744060,EPLEY-MARTIN 31G,107H,harmonic,107,848.8860629711249
31744060,EPLEY-MARTIN 31G,107H,harmonic,108,841.2038361569066
31744060,EPLEY-MARTIN 31G,107H,harmonic,109,833.6594071330779
31744060,EPLEY-MARTIN 31G,107H,harmonic,110,826.249101291895
31744060,EPLEY-MARTIN 31G,107H,harmonic,111,818.9693735272086
31744060,EPLEY-MARTIN 31G,107H,harmonic,112,811.8168025793727
31744060,EPLEY-MARTIN 31G,107H,harmonic,113,804.7880856739237
31744060,EPLEY-MARTIN 31G,107H,harmonic,114,797.8800334363793
31744060,EPLEY-MARTIN 31G,107H,harmonic,115,791.089565066708
31744060,EPLEY-MARTIN 31G,107H,harmonic,116,784.4137037581281
31744060,EPLEY-MARTIN 31G,107H,harmonic,117,777.8495723459263
31744060,EPLEY-MARTIN 31G,107H,harmonic,118,771.394389172931
31744060,EPLEY-MARTIN 31G,107H,harmonic,119,765.0454641591621
31744060,EPLEY-MARTIN 31G,107H,harmonic,120,758.8001950639853
31743818,SCHARBAUER-DOVE 7F,6H,harmonic,34,4426.963434404549
31743818,SCHARBAUER-DOVE 7F,6H,harmonic,35,4357.3258073465
31743818,SCHARBAUER-DOVE 7F,6H,harmonic,36,4289.845097940692
31743818,SCHARBAUER-DOVE 7F,6H,harmonic,37,4224.422623680159
31743818,SCHARBAUER-DOVE 7F,6H,harmonic,38,4160.9656314789545
31743818,SCHARBAUER-DOVE 7F,6H,harmonic,39,4099.386858920069
31743818,SCHARBAUER-DOVE 7F,6H,harmonic,40,4039.6041338941513
31743818,SCHARBAUER-DOVE 7F,6H,harmonic,41,3981.5400087663097
31743818,SCHARBAUER-DOVE 7F,6H,harmonic,42,3925.121425646139
31743818,SCHARBAUER-DOVE 7F,6H,harmonic,43,3870.279409718948
31743818,SCHARBAUER-DOVE 7F,6H,harmonic,44,3816.948787931482
31743818,SCHARBAUER-DOVE 7F,6H,harmonic,45,3765.0679306197917
31743818,SCHARBAUER-DOVE 7F,6H,harmonic,46,3714.5785139256564
31743818,SCHARBAUER-DOVE 7F,6H,harmonic,47,3665.4253010759785
31743818,SCHARBAUER-DOVE 7F,6H,harmonic,48,3617.5559408007325
31743818,SCHARBAUER-DOVE 7F,6H,harmonic,49,3570.9207813428966
31743818,SCHARBAUER-DOVE 7F,6H,harmonic,50,3525.47269867126
31743818,SCHARBAUER-DOVE 7F,6H,harmonic,51,3481.1669376466657
31743818,SCHARBAUER-DOVE 7F,6H,harmonic,52,3437.9609650162993
31743818,SCHARBAUER-DOVE 7F,6H,harmonic,53,3395.814333221003
31743818,SCHARBAUER-DOVE 7F,6H,harmonic,54,3354.688554098949
31743818,SCHARBAUER-DOVE 7F,6H,harmonic,55,3314.5469816567397
31743818,SCHARBAUER-DOVE 7F,6H,harmonic,56,3275.3547031574203
31743818,SCHARBAUER-DOVE 7F,6H,harmonic,57,3237.078437845063
31743818,SCHARBAUER-DOVE 7F,6H,harmonic,58,3199.6864426884367
31743818,SCHARBAUER-DOVE 7F,6H,harmonic,59,3163.148424582696
31743818,SCHARBAUER-DOVE 7F,6H,harmonic,60,3127.435458498698
31743818,SCHARBAUER-DOVE 7F,6H,harmonic,61,3092.51991111514
31743818,SCHARBAUER-DOVE 7F,6H,harmonic,62,3058.3753695097676
31743818,SCHARBAUER-DOVE 7F,6H,harmonic,63,3024.9765745229215
31743818,SCHARBAUER-DOVE 7F,6H,harmonic,64,2992.2993584401124
31743818,SCHARBAUER-DOVE 7F,6H,harmonic,65,2960.320586670523
31743818,SCHARBAUER-DOVE 7F,6H,harmonic,66,2929.018103125669
31743818,SCHARBAUER-DOVE 7F,6H,harmonic,67,2898.370679027194
31743818,SCHARBAUER-DOVE 7F,6H,harmonic,68,2868.3579648952555
31743818,SCHARBAUER-DOVE 7F,6H,harmonic,69,2838.9604454893015
31743818,SCHARBAUER-DOVE 7F,6H,harmonic,70,2810.1593974915836
31743818,SCHARBAUER-DOVE 7F,6H,harmonic,71,2781.936849740592
31743818,SCHARBAUER-DOVE 7F,6H,harmonic,72,2754.2755458369215
31743818,SCHARBAUER-DOVE 7F,6H,harmonic,73,2727.158908958077
31743818,SCHARBAUER-DOVE 7F,6H,harmonic,74,2700.571008731466
31743818,SCHARBAUER-DOVE 7F,6H,harmonic,75,2674.4965300264726
31743818,SCHARBAUER-DOVE 7F,6H,harmonic,76,2648.9207435371486
31743818,SCHARBAUER-DOVE 7F,6H,harmonic,77,2623.8294780367964
31743818,SCHARBAUER-DOVE 7F,6H,harmonic,78,2599.209094194628
31743818,SCHARBAUER-DOVE 7F,6H,harmonic,79,2575.0464598528456
31743818,SCHARBAUER-DOVE 7F,6H,harmonic,80,2551.3289266699903
31743818,SCHARBAUER-DOVE 7F,6H,harmonic,81,2528.044308043276
31743818,SCHARBAUER-DOVE 7F,6H,harmonic,82,2505.1808582289314
31743818,SCHARBAUER-DOVE 7F,6H,harmonic,83,2482.727252585394
31743818,SCHARBAUER-DOVE 7F,6H,harmonic,84,2460.6725688695337
31743818,SCHARBAUER-DOVE 7F,6H,harmonic,85,2439.006269520997
31743818,SCHARBAUER-DOVE 7F,6H,harmonic,86,2417.7181848743053
31743818,SCHARBAUER-DOVE 7F,6H,harmonic,87,2396.798497242513
31743818,SCHARBAUER-DOVE 7F,6H,harmonic,88,2376.237725820089
31743818,SCHARBAUER-DOVE 7F,6H,harmonic,89,2356.026712356249
31743818,SCHARBAUER-DOVE 7F,6H,harmonic,90,2336.156607553244
31743818,SCHARBAUER-DOVE 7F,6H,harmonic,91,2316.6188581471833
31743818,SCHARBAUER-DOVE 7F,6H,harmonic,92,2297.405194631745
31743818,SCHARBAUER-DOVE 7F,6H,harmonic,93,2278.5076195877705
31743818,SCHARBAUER-DOVE 7F,6H,harmonic,94,2259.9183965841403
31743818,SCHARBAUER-DOVE 7F,6H,harmonic,95,2241.630039617564
31743818,SCHARBAUER-DOVE 7F,6H,harmonic,96,2223.6353030610007
31743818,SCHARBAUER-DOVE 7F,6H,harmonic,97,2205.9271720923693
31743818,SCHARBAUER-DOVE 7F,6H,harmonic,98,2188.498853576967
31743818,SCHARBAUER-DOVE 7F,6H,harmonic,99,2171.3437673787153
31743818,SCHARBAUER-DOVE 7F,6H,harmonic,100,2154.455538076881
31743818,SCHARBAUER-DOVE 7F,6H,harmonic,101,2137.8279870663646
31743818,SCHARBAUER-DOVE 7F,6H,harmonic,102,2121.455125020999
31743818,SCHARBAUER-DOVE 7F,6H,harmonic,103,2105.331144700535
31743818,SCHARBAUER-DOVE 7F,6H,harmonic,104,2089.450414083182
31743818,SCHARBAUER-DOVE 7F,6H,harmonic,105,2073.807469806623
31743818,SCHARBAUER-DOVE 7F,6H,harmonic,106,2058.397010901478
31743818,SCHARBAUER-DOVE 7F,6H,harmonic,107,2043.2138928020995
31743818,SCHARBAUER-DOVE 7F,6H,harmonic,108,2028.2531216204945
31743818,SCHARBAUER-DOVE 7F,6H,harmonic,109,2013.5098486699821
31743818,SCHARBAUER-DOVE 7F,6H,harmonic,110,1998.9793652259718
31743818,SCHARBAUER-DOVE 7F,6H,harmonic,111,1984.6570975119682
31743818,SCHARBAUER-DOVE 7F,6H,harmonic,112,1970.5386018995862
31743818,SCHARBAUER-DOVE 7F,6H,harmonic,113,1956.6195603120009
31743818,SCHARBAUER-DOVE 7F,6H,harmonic,114,1942.8957758208344
31743818,SCHARBAUER-DOVE 7F,6H,harmonic,115,1929.3631684270574
31743818,SCHARBAUER-DOVE 7F,6H,harmonic,116,1916.0177710169887
31743818,SCHARBAUER-DOVE 7F,6H,harmonic,117,1902.855725484978
31743818,SCHARBAUER-DOVE 7F,6H,harmonic,118,1889.8732790148076
31743818,SCHARBAUER-DOVE 7F,6H,harmonic,119,1877.0667805122873
31743818,SCHARBAUER-DOVE 7F,6H,harmonic,120,1864.4326771819162
31744063,EPLEY-MARTIN 31H,108H,harmonic,34,4353.244791520604
31744063,EPLEY-MARTIN 31H,108H,harmonic,35,4337.970248392462
31744063,EPLEY-MARTIN 31H,108H,harmonic,36,4322.802520251229
31744063,EPLEY-MARTIN 31H,108H,harmonic,37,4307.740490563944
31744063,EPLEY-MARTIN 31H,108H,harmonic,38,4292.783058305041
31744063,EPLEY-MARTIN 31H,108H,harmonic,39,4277.929137688068
31744063,EPLEY-MARTIN 31H,108H,harmonic,40,4263.177657902937
31744063,EPLEY-MARTIN 31H,108H,harmonic,41,4248.527562858598
31744063,EPLEY-MARTIN 31H,108H,harmonic,42,4233.977810930999
31744063,EPLEY-MARTIN 31H,108H,harmonic,43,4219.527374716218
31744063,EPLEY-MARTIN 31H,108H,harmonic,44,4205.1752407886115
31744063,EPLEY-MARTIN 31H,108H,harmonic,45,4190.920409463904
31744063,EPLEY-MARTIN 31H,108H,harmonic,46,4176.7618945670665
31744063,EPLEY-MARTIN 31H,108H,harmonic,47,4162.698723204889
31744063,EPLEY-MARTIN 31H,108H,harmonic,48,4148.729935543127
31744063,EPLEY-MARTIN 31H,108H,harmonic,49,4134.854584588134
31744063,EPLEY-MARTIN 31H,108H,harmonic,50,4121.07173597284
31744063,EPLEY-MARTIN 31H,108H,harmonic,51,4107.380467747016
31744063,EPLEY-MARTIN 31H,108H,harmonic,52,4093.7798701716947
31744063,EPLEY-MARTIN 31H,108H,harmonic,53,4080.2690455176626
31744063,EPLEY-MARTIN 31H,108H,harmonic,54,4066.8471078679336
31744063,EPLEY-MARTIN 31H,108H,harmonic,55,4053.513182924104
31744063,EPLEY-MARTIN 31H,108H,harmonic,56,4040.266407816509
31744063,EPLEY-MARTIN 31H,108H,harmonic,57,4027.105930918084
31744063,EPLEY-MARTIN 31H,108H,harmonic,58,4014.0309116618564
31744063,EPLEY-MARTIN 31H,108H,harmonic,59,4001.04052036198
31744063,EPLEY-MARTIN 31H,108H,harmonic,60,3988.1339380382315
31744063,EPLEY-MARTIN 31H,108H,harmonic,61,3975.3103562438964
31744063,EPLEY-MARTIN 31H,108H,harmonic,62,3962.568976896961
31744063,EPLEY-MARTIN 31H,108H,harmonic,63,3949.9090121145423
31744063,EPLEY-MARTIN 31H,108H,harmonic,64,3937.329684050483
31744063,EPLEY-MARTIN 31H,108H,harmonic,65,3924.8302247360375
31744063,EPLEY-MARTIN 31H,108H,harmonic,66,3912.4098759235812
31744063,EPLEY-MARTIN 31H,108H,harmonic,67,3900.067888933286
31744063,EPLEY-MARTIN 31H,108H,harmonic,68,3887.8035245026786
31744063,EPLEY-MARTIN 31H,108H,harmonic,69,3875.6160526390336
31744063,EPLEY-MARTIN 31H,108H,harmonic,70,3863.504752474537
31744063,EPLEY-MARTIN 31H,108H,harmonic,71,3851.4689121241486
31744063,EPLEY-MARTIN 31H,108H,harmonic,72,3839.507828546123
31744063,EPLEY-MARTIN 31H,108H,harmonic,73,3827.6208074051137
31744063,EPLEY-MARTIN 31H,108H,harmonic,74,3815.807162937814
31744063,EPLEY-MARTIN 31H,108H,harmonic,75,3804.0662178210823
31744063,EPLEY-MARTIN 31H,108H,harmonic,76,3792.39730304249
31744063,EPLEY-MARTIN 31H,108H,harmonic,77,3780.7997577732467
31744063,EPLEY-MARTIN 31H,108H,harmonic,78,3769.27292924345
31744063,EPLEY-MARTIN 31H,108H,harmonic,79,3757.81617261961
31744063,EPLEY-MARTIN 31H,108H,harmonic,80,3746.4288508843993
31744063,EPLEY-MARTIN 31H,108H,harmonic,81,3735.1103347185854
31744063,EPLEY-MARTIN 31H,108H,harmonic,82,3723.8600023850954
31744063,EPLEY-MARTIN 31H,108H,harmonic,83,3712.67723961517
31744063,EPLEY-MARTIN 31H,108H,harmonic,84,3701.561439496562
31744063,EPLEY-MARTIN 31H,108H,harmonic,85,3690.5120023637364
31744063,EPLEY-MARTIN 31H,108H,harmonic,86,3679.528335690035
31744063,EPLEY-MARTIN 31H,108H,harmonic,87,3668.609853981756
31744063,EPLEY-MARTIN 31H,108H,harmonic,88,3657.755978674118
31744063,EPLEY-MARTIN 31H,108H,harmonic,89,3646.9661380290618
31744063,EPLEY-MARTIN 31H,108H,harmonic,90,3636.2397670348582
31744063,EPLEY-MARTIN 31H,108H,harmonic,91,3625.5763073074836
31744063,EPLEY-MARTIN 31H,108H,harmonic,92,3614.975206993719
31744063,EPLEY-MARTIN 31H,108H,harmonic,93,3604.4359206759527
31744063,EPLEY-MARTIN 31H,108H,harmonic,94,3593.957909278639
31744063,EPLEY-MARTIN 31H,108H,harmonic,95,3583.540639976382
31744063,EPLEY-MARTIN 31H,108H,harmonic,96,3573.183586103618
31744063,EPLEY-MARTIN 31H,108H,harmonic,97,3562.8862270658556
31744063,EPLEY-MARTIN 31H,108H,harmonic,98,3552.648048252448
31744063,EPLEY-MARTIN 31H,108H,harmonic,99,3542.4685409508647
31744063,EPLEY-MARTIN 31H,108H,harmonic,100,3532.3472022624337
31744063,EPLEY-MARTIN 31H,108H,harmonic,101,3522.283535019521
31744063,EPLEY-MARTIN 31H,108H,harmonic,102,3512.2770477041245
31744063,EPLEY-MARTIN 31H,108H,harmonic,103,3502.327254367852
31744063,EPLEY-MARTIN 31H,108H,harmonic,104,3492.4336745532537
31744063,EPLEY-MARTIN 31H,108H,harmonic,105,3482.595833216484
31744063,EPLEY-MARTIN 31H,108H,harmonic,106,3472.813260651269
31744063,EPLEY-MARTIN 31H,108H,harmonic,107,3463.085492414151
31744063,EPLEY-MARTIN 31H,108H,harmonic,108,3453.4120692509828
31744063,EPLEY-MARTIN 31H,108H,harmonic,109,3443.7925370246567
31744063,EPLEY-MARTIN 31H,108H,harmonic,110,3434.226446644033
31744063,EPLEY-MARTIN 31H,108H,harmonic,111,3424.713353994049
31744063,EPLEY-MARTIN 31H,108H,harmonic,112,3415.252819866994
31744063,EPLEY-MARTIN 31H,108H,harmonic,113,3405.8444098949085
31744063,EPLEY-MARTIN 31H,108H,harmonic,114,3396.4876944831094
31744063,EPLEY-MARTIN 31H,108H,harmonic,115,3387.1822487447994
31744063,EPLEY-MARTIN 31H,108H,harmonic,116,3377.9276524367533
31744063,EPLEY-MARTIN 31H,108H,harmonic,117,3368.7234898960537
31744063,EPLEY-MARTIN 31H,108H,harmonic,118,3359.569349977858
31744063,EPLEY-MARTIN 31H,108H,harmonic,119,3350.464825994178
31744063,EPLEY-MARTIN 31H,108H,harmonic,120,3341.409515653653
31744058,DAVIS-LACY 31H,208H,harmonic,34,2090.21627329474
31744058,DAVIS-LACY 31H,208H,harmonic,35,2034.4771726735473
31744058,DAVIS-LACY 31H,208H,harmonic,36,1981.6336097469616
31744058,DAVIS-LACY 31H,208H,harmonic,37,1931.4656702596967
31744058,DAVIS-LACY 31H,208H,harmonic,38,1883.7751598829138
31744058,DAVIS-LACY 31H,208H,harmonic,39,1838.382987355615
31744058,DAVIS-LACY 31H,208H,harmonic,40,1795.1269170648945
31744058,DAVIS-LACY 31H,208H,harmonic,41,1753.8596316151268
31744058,DAVIS-LACY 31H,208H,harmonic,42,1714.4470556237757
31744058,DAVIS-LACY 31H,208H,harmonic,43,1676.7669005551213
31744058,DAVIS-LACY 31H,208H,harmonic,44,1640.7073973173767
31744058,DAVIS-LACY 31H,208H,harmonic,45,1606.1661889528004
31744058,DAVIS-LACY 31H,208H,harmonic,46,1573.0493603145983
31744058,DAVIS-LACY 31H,208H,harmonic,47,1541.270585358748
31744058,DAVIS-LACY 31H,208H,harmonic,48,1510.7503757476834
31744058,DAVIS-LACY 31H,208H,harmonic,49,1481.4154169953013
31744058,DAVIS-LACY 31H,208H,harmonic,50,1453.197980481105
31744058,DAVIS-LACY 31H,208H,harmonic,51,1426.0354014066918
31744058,DAVIS-LACY 31H,208H,harmonic,52,1399.8696142249178
31744058,DAVIS-LACY 31H,208H,harmonic,53,1374.6467382929372
31744058,DAVIS-LACY 31H,208H,harmonic,54,1350.3167075266906
31744058,DAVIS-LACY 31H,208H,harmonic,55,1326.8329387001395
31744058,DAVIS-LACY 31H,208H,harmonic,56,1304.1520337650943
31744058,DAVIS-LACY 31H,208H,harmonic,57,1282.2335121892104
31744058,DAVIS-LACY 31H,208H,harmonic,58,1261.0395698389755
31744058,DAVIS-LACY 31H,208H,harmonic,59,1240.534861386309
31744058,DAVIS-LACY 31H,208H,harmonic,60,1220.6863036041284
31744058,DAVIS-LACY 31H,208H,harmonic,61,1201.4628972481578
31744058,DAVIS-LACY 31H,208H,harmonic,62,1182.8355655078763
31744058,DAVIS-LACY 31H,208H,harmonic,63,1164.7770072558476
31744058,DAVIS-LACY 31H,208H,harmonic,64,1147.2615635377144
31744058,DAVIS-LACY 31H,208H,harmonic,65,1130.2650959297484
31744058,DAVIS-LACY 31H,208H,harmonic,66,1113.7648755512118
31744058,DAVIS-LACY 31H,208H,harmonic,67,1097.7394816583887
31744058,DAVIS-LACY 31H,208H,harmonic,68,1082.168708868908
31744058,DAVIS-LACY 31H,208H,harmonic,69,1067.0334821714407
31744058,DAVIS-LACY 31H,208H,harmonic,70,1052.315778969076
31744058,DAVIS-LACY 31H,208H,harmonic,71,1037.9985574865036
31744058,DAVIS-LACY 31H,208H,harmonic,72,1024.0656909430606
31744058,DAVIS-LACY 31H,208H,harmonic,73,1010.5019069570598
31744058,DAVIS-LACY 31H,208H,harmonic,74,997.2927317027192
31744058,DAVIS-LACY 31H,208H,harmonic,75,984.4244383904261
31744058,DAVIS-LACY 31H,208H,harmonic,76,971.8839996848155
31744058,DAVIS-LACY 31H,208H,harmonic,77,959.6590437139373
31744058,DAVIS-LACY 31H,208H,harmonic,78,947.7378133572424
31744058,DAVIS-LACY 31H,208H,harmonic,79,936.1091285307732
31744058,DAVIS-LACY 31H,208H,harmonic,80,924.7623512152487
31744058,DAVIS-LACY 31H,208H,harmonic,81,913.687352997102
31744058,DAVIS-LACY 31H,208H,harmonic,82,902.874484914296
31744058,DAVIS-LACY 31H,208H,harmonic,83,892.3145494182224
31744058,DAVIS-LACY 31H,208H,harmonic,84,881.9987742804395
31744058,DAVIS-LACY 31H,208H,harmonic,85,871.9187882886631
31744058,DAVIS-LACY 31H,208H,harmonic,86,862.0665985904861
31744058,DAVIS-LACY 31H,208H,harmonic,87,852.4345695559555
31744058,DAVIS-LACY 31H,208H,harmonic,88,843.015403041525
31744058,DAVIS-LACY 31H,208H,harmonic,89,833.802119948175
31744058,DAVIS-LACY 31H,208H,harmonic,90,824.7880429757624
31744058,DAVIS-LACY 31H,208H,harmonic,91,815.966780484043
31744058,DAVIS-LACY 31H,208H,harmonic,92,807.3322113783917
31744058,DAVIS-LACY 31H,208H,harmonic,93,798.87847094511
31744058,DAVIS-LACY 31H,208H,harmonic,94,790.5999375674406
31744058,DAVIS-LACY 31H,208H,harmonic,95,782.4912202590566
31744058,DAVIS-LACY 31H,208H,harmonic,96,774.5471469569341
31744058,DAVIS-LACY 31H,208H,harmonic,97,766.762753520181
31744058,DAVIS-LACY 31H,208H,harmonic,98,759.1332733856519
31744058,DAVIS-LACY 31H,208H,harmonic,99,751.6541278350544
31744058,DAVIS-LACY 31H,208H,harmonic,100,744.3209168317856
31744058,DAVIS-LACY 31H,208H,harmonic,101,737.1294103889663
31744058,DAVIS-LACY 31H,208H,harmonic,102,730.0755404330911
31744058,DAVIS-LACY 31H,208H,harmonic,103,723.1553931304078
31744058,DAVIS-LACY 31H,208H,harmonic,104,716.3652016456152
31744058,DAVIS-LACY 31H,208H,harmonic,105,709.7013393047258
31744058,DAVIS-LACY 31H,208H,harmonic,106,703.1603131360185
31744058,DAVIS-LACY 31H,208H,harmonic,107,696.7387577649133
31744058,DAVIS-LACY 31H,208H,harmonic,108,690.433429640344
31744058,DAVIS-LACY 31H,208H,harmonic,109,684.2412015718207
31744058,DAVIS-LACY 31H,208H,harmonic,110,678.1590575578491
31744058,DAVIS-LACY 31H,208H,harmonic,111,672.1840878877358
31744058,DAVIS-LACY 31H,208H,harmonic,112,666.31348450007
31744058,DAVIS-LACY 31H,208H,harmonic,113,660.5445365823205
31744058,DAVIS-LACY 31H,208H,harmonic,114,654.8746263970645
31744058,DAVIS-LACY 31H,208H,harmonic,115,649.3012253213449
31744058,DAVIS-LACY 31H,208H,harmonic,116,643.8218900865655
31744058,DAVIS-LACY 31H,208H,harmonic,117,638.43425920718
31744058,DAVIS-LACY 31H,208H,harmonic,118,633.1360495872035
31744058,DAVIS-LACY 31H,208H,harmonic,119,627.9250532943047
31744058,DAVIS-LACY 31H,208H,harmonic,120,622.7991344919022
31744407,DAVIS-LACY 31L,212H,harmonic,34,4822.179640660831
31744407,DAVIS-LACY 31L,212H,harmonic,35,4700.766091513551
31744407,DAVIS-LACY 31L,212H,harmonic,36,4585.316321888798
31744407,DAVIS-LACY 31L,212H,harmonic,37,4475.401457546823
31744407,DAVIS-LACY 31L,212H,harmonic,38,4370.632783849835
31744407,DAVIS-LACY 31L,212H,harmonic,39,4270.6571526266835
31744407,DAVIS-LACY 31L,212H,harmonic,40,4175.153005331656
31744407,DAVIS-LACY 31L,212H,harmonic,41,4083.8269181329033
31744407,DAVIS-LACY 31L,212H,harmonic,42,3996.4105907253734
31744407,DAVIS-LACY 31L,212H,harmonic,43,3912.6582137746245
31744407,DAVIS-LACY 31L,212H,harmonic,44,3832.3441605871517
31744407,DAVIS-LACY 31L,212H,harmonic,45,3755.2609573571253
31744407,DAVIS-LACY 31L,212H,harmonic,46,3681.217493540188
31744407,DAVIS-LACY 31L,212H,harmonic,47,3610.0374398526174
31744407,DAVIS-LACY 31L,212H,harmonic,48,3541.5578463264224
31744407,DAVIS-LACY 31L,212H,harmonic,49,3475.627896956805
31744407,DAVIS-LACY 31L,212H,harmonic,50,3412.1078009089742
31744407,DAVIS-LACY 31L,212H,harmonic,51,3350.8678031276754
31744407,DAVIS-LACY 31L,212H,harmonic,52,3291.787299612783
31744407,DAVIS-LACY 31L,212H,harmonic,53,3234.754044666893
31744407,DAVIS-LACY 31L,212H,harmonic,54,3179.6634391503935
31744407,DAVIS-LACY 31L,212H,harmonic,55,3126.417890248349
31744407,DAVIS-LACY 31L,212H,harmonic,56,3074.926234504669
31744407,DAVIS-LACY 31L,212H,harmonic,57,3025.1032169477303
31744407,DAVIS-LACY 31L,212H,harmonic,58,2976.869020046939
31744407,DAVIS-LACY 31L,212H,harmonic,59,2930.14883702577
31744407,DAVIS-LACY 31L,212H,harmonic,60,2884.872484733535
31744407,DAVIS-LACY 31L,212H,harmonic,61,2840.9740518621948
31744407,DAVIS-LACY 31L,212H,harmonic,62,2798.3915787997807
31744407,DAVIS-LACY 31L,212H,harmonic,63,2757.0667658501043
31744407,DAVIS-LACY 31L,212H,harmonic,64,2716.944706929167
31744407,DAVIS-LACY 31L,212H,harmonic,65,2677.9736461802504
31744407,DAVIS-LACY 31L,212H,harmonic,66,2640.104755239068
31744407,DAVIS-LACY 31L,212H,harmonic,67,2603.291929133393
31744407,DAVIS-LACY 31L,212H,harmonic,68,2567.4915990233585
31744407,DAVIS-LACY 31L,212H,harmonic,69,2532.662560183267
31744407,DAVIS-LACY 31L,212H,harmonic,70,2498.765813796976
31744407,DAVIS-LACY 31L,212H,harmonic,71,2465.7644212898144
31744407,DAVIS-LACY 31L,212H,harmonic,72,2433.6233700531297
31744407,DAVIS-LACY 31L,212H,harmonic,73,2402.3094495353303
31744407,DAVIS-LACY 31L,212H,harmonic,74,2371.791136777571
31744407,DAVIS-LACY 31L,212H,harmonic,75,2342.0384905647397
31744407,DAVIS-LACY 31L,212H,harmonic,76,2313.0230534446064
31744407,DAVIS-LACY 31L,212H,harmonic,77,2284.7177609411283
31744407,DAVIS-LACY 31L,212H,harmonic,78,2257.096857353108
31744407,DAVIS-LACY 31L,212H,harmonic,79,2230.135817587565
31744407,DAVIS-LACY 31L,212H,harmonic,80,2203.8112745291814
31744407,DAVIS-LACY 31L,212H,harmonic,81,2178.100951493732
31744407,DAVIS-LACY 31L,212H,harmonic,82,2152.983599355097
31744407,DAVIS-LACY 31L,212H,harmonic,83,2128.4389379729027
31744407,DAVIS-LACY 31L,212H,harmonic,84,2104.44760158146
31744407,DAVIS-LACY 31L,212H,harmonic,85,2080.99108783092
31744407,DAVIS-LACY 31L,212H,harmonic,86,2058.0517101988403
31744407,DAVIS-LACY 31L,212H,harmonic,87,2035.61255351492
31744407,DAVIS-LACY 31L,212H,harmonic,88,2013.6574323638636
31744407,DAVIS-LACY 31L,212H,harmonic,89,1992.1708521514045
31744407,DAVIS-LACY 31L,212H,harmonic,90,1971.1379726366586
31744407,DAVIS-LACY 31L,212H,harmonic,91,1950.5445737504485
31744407,DAVIS-LACY 31L,212H,harmonic,92,1930.3770235341447
31744407,DAVIS-LACY 31L,212H,harmonic,93,1910.622248047118
31744407,DAVIS-LACY 31L,212H,harmonic,94,1891.2677031032156
31744407,DAVIS-LACY 31L,212H,harmonic,95,1872.301347707857
31744407,DAVIS-LACY 31L,212H,harmonic,96,1853.7116190775616
31744407,DAVIS-LACY 31L,212H,harmonic,97,1835.4874091330041
31744407,DAVIS-LACY 31L,212H,harmonic,98,1817.6180423651772
31744407,DAVIS-LACY 31L,212H,harmonic,99,1800.0932549819947
31744407,DAVIS-LACY 31L,212H,harmonic,100,1782.9031752497342
31744407,DAVIS-LACY 31L,212H,harmonic,101,1766.0383049502097
31744407,DAVIS-LACY 31L,212H,harmonic,102,1749.4895018804855
31744407,DAVIS-LACY 31L,212H,harmonic,103,1733.2479633273822
31744407,DAVIS-LACY 31L,212H,harmonic,104,1717.3052104540134
31744407,DAVIS-LACY 31L,212H,harmonic,105,1701.653073540159
31744407,DAVIS-LACY 31L,212H,harmonic,106,1686.2836780224993
31744407,DAVIS-LACY 31L,212H,harmonic,107,1671.1894312845843
31744407,DAVIS-LACY 31L,212H,harmonic,108,1656.3630101499873
31744407,DAVIS-LACY 31L,212H,harmonic,109,1641.797349035345
31744407,DAVIS-LACY 31L,212H,harmonic,110,1627.4856287230305
31744407,DAVIS-LACY 31L,212H,harmonic,111,1613.421265715967
31744407,DAVIS-LACY 31L,212H,harmonic,112,1599.5979021396743
31744407,DAVIS-LACY 31L,212H,harmonic,113,1586.009396159004
31744407,DAVIS-LACY 31L,212H,harmonic,114,1572.6498128792157
31744407,DAVIS-LACY 31L,212H,harmonic,115,1559.5134157030773
31744407,DAVIS-LACY 31L,212H,harmonic,116,1546.5946581175406
31744407,DAVIS-LACY 31L,212H,harmonic,117,1533.888175885293
31744407,DAVIS-LACY 31L,212H,harmonic,118,1521.388779618085
31744407,DAVIS-LACY 31L,212H,harmonic,119,1509.0914477102372
31744407,DAVIS-LACY 31L,212H,harmonic,120,1496.9913196121067
31744071,DAVIS-LACY 31B,202H,harmonic,34,3574.985029812476
31744071,DAVIS-LACY 31B,202H,harmonic,35,3489.951885049767
31744071,DAVIS-LACY 31B,202H,harmonic,36,3408.869887720404
31744071,DAVIS-LACY 31B,202H,harmonic,37,3331.469899863625
31744071,DAVIS-LACY 31B,202H,harmonic,38,3257.5066844507674
31744071,DAVIS-LACY 31B,202H,harmonic,39,3186.756309842018
31744071,DAVIS-LACY 31B,202H,harmonic,40,3119.0138852914833
31744071,DAVIS-LACY 31B,202H,harmonic,41,3054.0915792651876
31744071,DAVIS-LACY 31B,202H,harmonic,42,2991.8168802049267
31744071,DAVIS-LACY 31B,202H,harmonic,43,2932.0310658242483
31744071,DAVIS-LACY 31B,202H,harmonic,44,2874.5878523381775
31744071,DAVIS-LACY 31B,202H,harmonic,45,2819.3521994245075
31744071,DAVIS-LACY 31B,202H,harmonic,46,2766.1992503647252
31744071,DAVIS-LACY 31B,202H,harmonic,47,2715.0133898549793
31744071,DAVIS-LACY 31B,202H,harmonic,48,2665.6874045224044
31744071,DAVIS-LACY 31B,202H,harmonic,49,2618.12173331831
31744071,DAVIS-LACY 31B,202H,harmonic,50,2572.2237967589026
31744071,DAVIS-LACY 31B,202H,harmonic,51,2527.9073955043814
31744071,DAVIS-LACY 31B,202H,harmonic,52,2485.092170055714
31744071,DAVIS-LACY 31B,202H,harmonic,53,2443.7031144437146
31744071,DAVIS-LACY 31B,202H,harmonic,54,2403.6701377188638
31744071,DAVIS-LACY 31B,202H,harmonic,55,2364.927667848707
31744071,DAVIS-LACY 31B,202H,harmonic,56,2327.4142933140206
31744071,DAVIS-LACY 31B,202H,harmonic,57,2291.072438283166
31744071,DAVIS-LACY 31B,202H,harmonic,58,2255.8480677508783
31744071,DAVIS-LACY 31B,202H,harmonic,59,2221.6904194654626
31744071,DAVIS-LACY 31B,202H,harmonic,60,2188.5517598473857
31744071,DAVIS-LACY 31B,202H,harmonic,61,2156.3871614310815
31744071,DAVIS-LACY 31B,202H,harmonic,62,2125.1542996478083
31744071,DAVIS-LACY 31B,202H,harmonic,63,2094.8132670166005
31744071,DAVIS-LACY 31B,202H,harmonic,64,2065.3264030280643
31744071,DAVIS-LACY 31B,202H,harmonic,65,2036.6581381961987
31744071,DAVIS-LACY 31B,202H,harmonic,66,2008.7748509204694
31744071,DAVIS-LACY 31B,202H,harmonic,67,1981.6447359470335
31744071,DAVIS-LACY 31B,202H,harmonic,68,1955.2376833471387
31744071,DAVIS-LACY 31B,202H,harmonic,69,1929.5251670445557
31744071,DAVIS-LACY 31B,202H,harmonic,70,1904.480142024416
31744071,DAVIS-LACY 31B,202H,harmonic,71,1880.0769494447852
31744071,DAVIS-LACY 31B,202H,harmonic,72,1856.2912289510969
31744071,DAVIS-LACY 31B,202H,harmonic,73,1833.0998375635324
31744071,DAVIS-LACY 31B,202H,harmonic,74,1810.4807745696135
31744071,DAVIS-LACY 31B,202H,harmonic,75,1788.4131119096232
31744071,DAVIS-LACY 31B,202H,harmonic,76,1766.8769295918512
31744071,DAVIS-LACY 31B,202H,harmonic,77,1745.853255718712
31744071,DAVIS-LACY 31B,202H,harmonic,78,1725.3240107442125
31744071,DAVIS-LACY 31B,202H,harmonic,79,1705.2719556185227
31744071,DAVIS-LACY 31B,202H,harmonic,80,1685.6806435070478
31744071,DAVIS-LACY 31B,202H,harmonic,81,1666.5343747998008
31744071,DAVIS-LACY 31B,202H,harmonic,82,1647.818155152413
31744071,DAVIS-LACY 31B,202H,harmonic,83,1629.5176563230964
31744071,DAVIS-LACY 31B,202H,harmonic,84,1611.6191795905872
31744071,DAVIS-LACY 31B,202H,harmonic,85,1594.1096215567798
31744071,DAVIS-LACY 31B,202H,harmonic,86,1576.9764421546404
31744071,DAVIS-LACY 31B,202H,harmonic,87,1560.2076346972526
31744071,DAVIS-LACY 31B,202H,harmonic,88,1543.791697817658
31744071,DAVIS-LACY 31B,202H,harmonic,89,1527.7176091616889
31744071,DAVIS-LACY 31B,202H,harmonic,90,1511.9748007073374
31744071,DAVIS-LACY 31B,202H,harmonic,91,1496.5531355945345
31744071,DAVIS-LACY 31B,202H,harmonic,92,1481.442886358583
31744071,DAVIS-LACY 31B,202H,harmonic,93,1466.6347144690349
31744071,DAVIS-LACY 31B,202H,harmonic,94,1452.1196510835734
31744071,DAVIS-LACY 31B,202H,harmonic,95,1437.889078933548
31744071,DAVIS-LACY 31B,202H,harmonic,96,1423.9347152642913
31744071,DAVIS-LACY 31B,202H,harmonic,97,1410.2485957592467
31744071,DAVIS-LACY 31B,202H,harmonic,98,1396.8230593823484
31744071,DAVIS-LACY 31B,202H,harmonic,99,1383.650734078039
31744071,DAVIS-LACY 31B,202H,harmonic,100,1370.7245232728362
31744071,DAVIS-LACY 31B,202H,harmonic,101,1358.0375931265226
31744071,DAVIS-LACY 31B,202H,harmonic,102,1345.5833604848303
31744071,DAVIS-LACY 31B,202H,harmonic,103,1333.3554814889997
31744071,DAVIS-LACY 31B,202H,harmonic,104,1321.3478408008061
31744071,DAVIS-LACY 31B,202H,harmonic,105,1309.5545414045953
31744071,DAVIS-LACY 31B,202H,harmonic,106,1297.9698949506048
31744071,DAVIS-LACY 31B,202H,harmonic,107,1286.5884126063424
31744071,DAVIS-LACY 31B,202H,harmonic,108,1275.4047963851071
31744071,DAVIS-LACY 31B,202H,harmonic,109,1264.4139309228735
31744071,DAVIS-LACY 31B,202H,harmonic,110,1253.6108756767217
31744071,DAVIS-LACY 31B,202H,harmonic,111,1242.990857519813
31744071,DAVIS-LACY 31B,202H,harmonic,112,1232.549263709602
31744071,DAVIS-LACY 31B,202H,harmonic,113,1222.2816352075038
31744071,DAVIS-LACY 31B,202H,harmonic,114,1212.1836603297131
31744071,DAVIS-LACY 31B,202H,harmonic,115,1202.2511687101621
31744071,DAVIS-LACY 31B,202H,harmonic,116,1192.4801255578705
31744071,DAVIS-LACY 31B,202H,harmonic,117,1182.8666261920696
31744071,DAVIS-LACY 31B,202H,harmonic,118,1173.4068908395534
31744071,DAVIS-LACY 31B,202H,harmonic,119,1164.097259679691
31744071,DAVIS-LACY 31B,202H,harmonic,120,1154.934188123454
31743566,WELCH-COX E39A,301H,harmonic,34,1257.985587756283
31743566,WELCH-COX E39A,301H,harmonic,35,1224.4393054161155
31743566,WELCH-COX E39A,301H,harmonic,36,1192.635687093619
31743566,WELCH-COX E39A,301H,harmonic,37,1162.4423785596034
31743566,WELCH-COX E39A,301H,harmonic,38,1133.7400976075141
31743566,WELCH-COX E39A,301H,harmonic,39,1106.4210591109477
31743566,WELCH-COX E39A,301H,harmonic,40,1080.3876224259843
31743566,WELCH-COX E39A,301H,harmonic,41,1055.5511253587201
31743566,WELCH-COX E39A,301H,harmonic,42,1031.8308753506592
31743566,WELCH-COX E39A,301H,harmonic,43,1009.1532736946008
31743566,WELCH-COX E39A,301H,harmonic,44,987.4510527549318
31743566,WELCH-COX E39A,301H,harmonic,45,966.6626095390386
31743566,WELCH-COX E39A,301H,harmonic,46,946.7314217134913
31743566,WELCH-COX E39A,301H,harmonic,47,927.6055344061481
31743566,WELCH-COX E39A,301H,harmonic,48,909.2371079822639
31743566,WELCH-COX E39A,301H,harmonic,49,891.5820185068802
31743566,WELCH-COX E39A,301H,harmonic,50,874.599503868654
31743566,WELCH-COX E39A,301H,harmonic,51,858.2518495907351
31743566,WELCH-COX E39A,301H,harmonic,52,842.5041092312721
31743566,WELCH-COX E39A,301H,harmonic,53,827.3238550108888
31743566,WELCH-COX E39A,301H,harmonic,54,812.6809549222005
31743566,WELCH-COX E39A,301H,harmonic,55,798.5473730974667
31743566,WELCH-COX E39A,301H,harmonic,56,784.8969906513561
31743566,WELCH-COX E39A,301H,harmonic,57,771.7054445899887
31743566,WELCH-COX E39A,301H,harmonic,58,758.9499826959393
31743566,WELCH-COX E39A,301H,harmonic,59,746.609332570802
31743566,WELCH-COX E39A,301H,harmonic,60,734.6635832496693
31743566,WELCH-COX E39A,301H,harmonic,61,723.094078001643
31743566,WELCH-COX E39A,301H,harmonic,62,711.8833171023928
31743566,WELCH-COX E39A,301H,harmonic,63,701.0148695130432
31743566,WELCH-COX E39A,301H,harmonic,64,690.4732925278846
31743566,WELCH-COX E39A,301H,harmonic,65,680.2440585645086
31743566,WELCH-COX E39A,301H,harmonic,66,670.3134883664866
31743566,WELCH-COX E39A,301H,harmonic,67,660.6686899727242
31743566,WELCH-COX E39A,301H,harmonic,68,651.2975028809125
31743566,WELCH-COX E39A,301H,harmonic,69,642.1884468965641
31743566,WELCH-COX E39A,301H,harmonic,70,633.3306752152322
31743566,WELCH-COX E39A,301H,harmonic,71,624.7139313347528
31743566,WELCH-COX E39A,301H,harmonic,72,616.3285094376421
31743566,WELCH-COX E39A,301H,harmonic,73,608.1652179219117
31743566,WELCH-COX E39A,301H,harmonic,74,600.2153457922135
31743566,WELCH-COX E39A,301H,harmonic,75,592.4706316529591
31743566,WELCH-COX E39A,301H,harmonic,76,584.9232350713927
31743566,WELCH-COX E39A,301H,harmonic,77,577.5657101019412
31743566,WELCH-COX E39A,301H,harmonic,78,570.3909807839048
31743566,WELCH-COX E39A,301H,harmonic,79,563.392318442998
31743566,WELCH-COX E39A,301H,harmonic,80,556.5633206436888
31743566,WELCH-COX E39A,301H,harmonic,81,549.8978916539442
31743566,WELCH-COX E39A,301H,harmonic,82,543.3902242970926
31743566,WELCH-COX E39A,301H,harmonic,83,537.0347830772436
31743566,WELCH-COX E39A,301H,harmonic,84,530.8262884751946
31743566,WELCH-COX E39A,301H,harmonic,85,524.7597023211923
31743566,WELCH-COX E39A,301H,harmonic,86,518.830214159371
31743566,WELCH-COX E39A,301H,harmonic,87,513.0332285263054
31743566,WELCH-COX E39A,301H,harmonic,88,507.36435307297603
31743566,WELCH-COX E39A,301H,harmonic,89,501.8193874656211
31743566,WELCH-COX E39A,301H,harmonic,90,496.3943130065333
31743566,WELCH-COX E39A,301H,harmonic,91,491.085282920902
31743566,WELCH-COX E39A,301H,harmonic,92,485.88861326036323
31743566,WELCH-COX E39A,301H,harmonic,93,480.8007743780558
31743566,WELCH-COX E39A,301H,harmonic,94,475.8183829337236
31743566,WELCH-COX E39A,301H,harmonic,95,470.9381943908137
31743566,WELCH-COX E39A,301H,harmonic,96,466.1570959706023
31743566,WELCH-COX E39A,301H,harmonic,97,461.47210003119926
31743566,WELCH-COX E39A,301H,harmonic,98,456.88033784183415
31743566,WELCH-COX E39A,301H,harmonic,99,452.3790537251658
31743566,WELCH-COX E39A,301H,harmonic,100,447.9655995424813
31743566,WELCH-COX E39A,301H,harmonic,101,443.6374294985925
31743566,WELCH-COX E39A,301H,harmonic,102,439.3920952450175
31743566,WELCH-COX E39A,301H,harmonic,103,435.2272412616524
31743566,WELCH-COX E39A,301H,harmonic,104,431.14060049863224
31743566,WELCH-COX E39A,301H,harmonic,105,427.12999026143564
31743566,WELCH-COX E39A,301H,harmonic,106,423.19330832354217
31743566,WELCH-COX E39A,301H,harmonic,107,419.3285292520943
31743566,WELCH-COX E39A,301H,harmonic,108,415.53370093307086
31743566,WELCH-COX E39A,301H,harmonic,109,411.8069412834469
31743566,WELCH-COX E39A,301H,harmonic,110,408.14643513870516
31743566,WELCH-COX E39A,301H,harmonic,111,404.55043130488394
31743566,WELCH-COX E39A,301H,harmonic,112,401.0172397651033
31743566,WELCH-COX E39A,301H,harmonic,113,397.5452290312063
31743566,WELCH-COX E39A,301H,harmonic,114,394.13282363179684
31743566,WELCH-COX E39A,301H,harmonic,115,390.7785017285475
31743566,WELCH-COX E39A,301H,harmonic,116,387.4807928532011
31743566,WELCH-COX E39A,301H,harmonic,117,384.23827575819524
31743566,WELCH-COX E39A,301H,harmonic,118,381.04957637430977
31743566,WELCH-COX E39A,301H,harmonic,119,377.91336586917146
31743566,WELCH-COX E39A,301H,harmonic,120,374.8283588008517
31744056,DAVIS-LACY 31J,210H,harmonic,34,2294.85853668658
31744056,DAVIS-LACY 31J,210H,harmonic,35,2233.6623090416047
31744056,DAVIS-LACY 31J,210H,harmonic,36,2175.645106209355
31744056,DAVIS-LACY 31J,210H,harmonic,37,2120.5654832673463
31744056,DAVIS-LACY 31J,210H,harmonic,38,2068.2058417051894
31744056,DAVIS-LACY 31J,210H,harmonic,39,2018.3695563628958
31744056,DAVIS-LACY 31J,210H,harmonic,40,1970.8785079778866
31744056,DAVIS-LACY 31J,210H,harmonic,41,1925.5709560703488
31744056,DAVIS-LACY 31J,210H,harmonic,42,1882.2996986305657
31744056,DAVIS-LACY 31J,210H,harmonic,43,1840.9304744848391
31744056,DAVIS-LACY 31J,210H,harmonic,44,1801.3405718077456
31744056,DAVIS-LACY 31J,210H,harmonic,45,1763.417612401267
31744056,DAVIS-LACY 31J,210H,harmonic,46,1727.0584863723745
31744056,DAVIS-LACY 31J,210H,harmonic,47,1692.1684159406095
31744056,DAVIS-LACY 31J,210H,harmonic,48,1658.660130476439
31744056,DAVIS-LACY 31J,210H,harmonic,49,1626.4531376516538
31744056,DAVIS-LACY 31J,210H,harmonic,50,1595.4730778868604
31744056,DAVIS-LACY 31J,210H,harmonic,51,1565.6511511973863
31744056,DAVIS-LACY 31J,210H,harmonic,52,1536.9236071387188
31744056,DAVIS-LACY 31J,210H,harmonic,53,1509.231289892976
31744056,DAVIS-LACY 31J,210H,harmonic,54,1482.5192316647817
31744056,DAVIS-LACY 31J,210H,harmonic,55,1456.7362885053944
31744056,DAVIS-LACY 31J,210H,harmonic,56,1431.834813488208
31744056,DAVIS-LACY 31J,210H,harmonic,57,1407.7703628413474
31744056,DAVIS-LACY 31J,210H,harmonic,58,1384.501431224135
31744056,DAVIS-LACY 31J,210H,harmonic,59,1361.9892128302467
31744056,DAVIS-LACY 31J,210H,harmonic,60,1340.197385424963
31744056,DAVIS-LACY 31J,210H,harmonic,61,1319.0919147883492
31744056,DAVIS-LACY 31J,210H,harmonic,62,1298.64087734977
31744056,DAVIS-LACY 31J,210H,harmonic,63,1278.8142990696208
31744056,DAVIS-LACY 31J,210H,harmonic,64,1259.5840088580478
31744056,DAVIS-LACY 31J,210H,harmonic,65,1240.9235050231136
31744056,DAVIS-LACY 31J,210H,harmonic,66,1222.8078334169368
31744056,DAVIS-LACY 31J,210H,harmonic,67,1205.2134761015852
31744056,DAVIS-LACY 31J,210H,harmonic,68,1188.1182494902152
31744056,DAVIS-LACY 31J,210H,harmonic,69,1171.5012110358066
31744056,DAVIS-LACY 31J,210H,harmonic,70,1155.3425736422093
31744056,DAVIS-LACY 31J,210H,harmonic,71,1139.6236270620432
31744056,DAVIS-LACY 31J,210H,harmonic,72,1124.3266656249689
31744056,DAVIS-LACY 31J,210H,harmonic,73,1109.4349217094061
31744056,DAVIS-LACY 31J,210H,harmonic,74,1094.9325044321592
31744056,DAVIS-LACY 31J,210H,harmonic,75,1080.8043430846474
31744056,DAVIS-LACY 31J,210H,harmonic,76,1067.0361348924862
31744056,DAVIS-LACY 31J,210H,harmonic,77,1053.6142967177382
31744056,DAVIS-LACY 31J,210H,harmonic,78,1040.525920360996
31744056,DAVIS-LACY 31J,210H,harmonic,79,1027.7587311541126
31744056,DAVIS-LACY 31J,210H,harmonic,80,1015.3010495643658
31744056,DAVIS-LACY 31J,210H,harmonic,81,1003.141755557607
31744056,DAVIS-LACY 31J,210H,harmonic,82,991.2702554918363
31744056,DAVIS-LACY 31J,210H,harmonic,83,979.6764513340371
31744056,DAVIS-LACY 31J,210H,harmonic,84,968.3507120122564
31744056,DAVIS-LACY 31J,210H,harmonic,85,957.2838467321163
31744056,DAVIS-LACY 31J,210H,harmonic,86,946.4670801023749
31744056,DAVIS-LACY 31J,210H,harmonic,87,935.8920289280466
31744056,DAVIS-LACY 31J,210H,harmonic,88,925.5506805421013
31744056,DAVIS-LACY 31J,210H,harmonic,89,915.4353725580347
31744056,DAVIS-LACY 31J,210H,harmonic,90,905.5387739357857
31744056,DAVIS-LACY 31J,210H,harmonic,91,895.8538672626757
31744056,DAVIS-LACY 31J,210H,harmonic,92,886.3739321593669
31744056,DAVIS-LACY 31J,210H,harmonic,93,877.0925297283787
31744056,DAVIS-LACY 31J,210H,harmonic,94,868.0034879695355
31744056,DAVIS-LACY 31J,210H,harmonic,95,859.100888092925
31744056,DAVIS-LACY 31J,210H,harmonic,96,850.3790516655854
31744056,DAVIS-LACY 31J,210H,harmonic,97,841.832528533268
31744056,DAVIS-LACY 31J,210H,harmonic,98,833.4560854632853
31744056,DAVIS-LACY 31J,210H,harmonic,99,825.2446954587209
31744056,DAVIS-LACY 31J,210H,harmonic,100,817.193527698148
31744056,DAVIS-LACY 31J,210H,harmonic,101,809.2979380585523
31744056,DAVIS-LACY 31J,210H,harmonic,102,801.553460182394
31744056,DAVIS-LACY 31J,210H,harmonic,103,793.955797052703
31744056,DAVIS-LACY 31J,210H,harmonic,104,786.5008130428185
31744056,DAVIS-LACY 31J,210H,harmonic,105,779.1845264098621
31744056,DAVIS-LACY 31J,210H,harmonic,106,772.0031022033195
31744056,DAVIS-LACY 31J,210H,harmonic,107,764.9528455621934
31744056,DAVIS-LACY 31J,210H,harmonic,108,758.0301953761102
31744056,DAVIS-LACY 31J,210H,harmonic,109,751.2317182875352
31744056,DAVIS-LACY 31J,210H,harmonic,110,744.5541030138683
31744056,DAVIS-LACY 31J,210H,harmonic,111,737.9941549696931
31744056,DAVIS-LACY 31J,210H,harmonic,112,731.5487911708312
31744056,DAVIS-LACY 31J,210H,harmonic,113,725.2150354031183
31744056,DAVIS-LACY 31J,210H,harmonic,114,718.9900136400015
31744056,DAVIS-LACY 31J,210H,harmonic,115,712.8709496941292
31744056,DAVIS-LACY 31J,210H,harmonic,116,706.8551610891153
31744056,DAVIS-LACY 31J,210H,harmonic,117,700.9400551385788
31744056,DAVIS-LACY 31J,210H,harmonic,118,695.1231252204163
31744056,DAVIS-LACY 31J,210H,harmonic,119,689.4019472350632
31744056,DAVIS-LACY 31J,210H,harmonic,120,683.7741762372259
31743568,WELCH-COX E39T,320H,harmonic,34,5919.902408607176
31743568,WELCH-COX E39T,320H,harmonic,35,5914.182696135092
31743568,WELCH-COX E39T,320H,harmonic,36,5908.474025578977
31743568,WELCH-COX E39T,320H,harmonic,37,5902.776364995005
31743568,WELCH-COX E39T,320H,harmonic,38,5897.089682562447
31743568,WELCH-COX E39T,320H,harmonic,39,5891.41394658308
31743568,WELCH-COX E39T,320H,harmonic,40,5885.7491254805955
31743568,WELCH-COX E39T,320H,harmonic,41,5880.09518780002
31743568,WELCH-COX E39T,320H,harmonic,42,5874.45210220712
31743568,WELCH-COX E39T,320H,harmonic,43,5868.819837487843
31743568,WELCH-COX E39T,320H,harmonic,44,5863.19836254772
31743568,WELCH-COX E39T,320H,harmonic,45,5857.587646411311
31743568,WELCH-COX E39T,320H,harmonic,46,5851.987658221625
31743568,WELCH-COX E39T,320H,harmonic,47,5846.398367239561
31743568,WELCH-COX E39T,320H,harmonic,48,5840.81974284334
31743568,WELCH-COX E39T,320H,harmonic,49,5835.251754527951
31743568,WELCH-COX E39T,320H,harmonic,50,5829.69437190459
31743568,WELCH-COX E39T,320H,harmonic,51,5824.147564700114
31743568,WELCH-COX E39T,320H,harmonic,52,5818.6113027564825
31743568,WELCH-COX E39T,320H,harmonic,53,5813.085556030219
31743568,WELCH-COX E39T,320H,harmonic,54,5807.570294591859
31743568,WELCH-COX E39T,320H,harmonic,55,5802.0654886254215
31743568,WELCH-COX E39T,320H,harmonic,56,5796.571108427859
31743568,WELCH-COX E39T,320H,harmonic,57,5791.087124408534
31743568,WELCH-COX E39T,320H,harmonic,58,5785.613507088676
31743568,WELCH-COX E39T,320H,harmonic,59,5780.1502271008685
31743568,WELCH-COX E39T,320H,harmonic,60,5774.697255188509
31743568,WELCH-COX E39T,320H,harmonic,61,5769.254562205297
31743568,WELCH-COX E39T,320H,harmonic,62,5763.822119114708
31743568,WELCH-COX E39T,320H,harmonic,63,5758.399896989483
31743568,WELCH-COX E39T,320H,harmonic,64,5752.987867011108
31743568,WELCH-COX E39T,320H,harmonic,65,5747.586000469315
31743568,WELCH-COX E39T,320H,harmonic,66,5742.1942687615565
31743568,WELCH-COX E39T,320H,harmonic,67,5736.812643392521
31743568,WELCH-COX E39T,320H,harmonic,68,5731.441095973613
31743568,WELCH-COX E39T,320H,harmonic,69,5726.07959822247
31743568,WELCH-COX E39T,320H,harmonic,70,5720.728121962448
31743568,WELCH-COX E39T,320H,harmonic,71,5715.386639122147
31743568,WELCH-COX E39T,320H,harmonic,72,5710.055121734906
31743568,WELCH-COX E39T,320H,harmonic,73,5704.733541938323
31743568,WELCH-COX E39T,320H,harmonic,74,5699.421871973761
31743568,WELCH-COX E39T,320H,harmonic,75,5694.120084185879
31743568,WELCH-COX E39T,320H,harmonic,76,5688.828151022137
31743568,WELCH-COX E39T,320H,harmonic,77,5683.546045032331
31743568,WELCH-COX E39T,320H,harmonic,78,5678.273738868107
31743568,WELCH-COX E39T,320H,harmonic,79,5673.0112052825025
31743568,WELCH-COX E39T,320H,harmonic,80,5667.758417129462
31743568,WELCH-COX E39T,320H,harmonic,81,5662.515347363385
31743568,WELCH-COX E39T,320H,harmonic,82,5657.2819690386505
31743568,WELCH-COX E39T,320H,harmonic,83,5652.05825530916
31743568,WELCH-COX E39T,320H,harmonic,84,5646.844179427878
31743568,WELCH-COX E39T,320H,harmonic,85,5641.639714746378
31743568,WELCH-COX E39T,320H,harmonic,86,5636.4448347143825
31743568,WELCH-COX E39T,320H,harmonic,87,5631.259512879319
31743568,WELCH-COX E39T,320H,harmonic,88,5626.083722885864
31743568,WELCH-COX E39T,320H,harmonic,89,5620.917438475501
31743568,WELCH-COX E39T,320H,harmonic,90,5615.760633486073
31743568,WELCH-COX E39T,320H,harmonic,91,5610.613281851347
31743568,WELCH-COX E39T,320H,harmonic,92,5605.475357600567
31743568,WELCH-COX E39T,320H,harmonic,93,5600.346834858024
31743568,WELCH-COX E39T,320H,harmonic,94,5595.227687842614
31743568,WELCH-COX E39T,320H,harmonic,95,5590.117890867416
31743568,WELCH-COX E39T,320H,harmonic,96,5585.017418339251
31743568,WELCH-COX E39T,320H,harmonic,97,5579.926244758268
31743568,WELCH-COX E39T,320H,harmonic,98,5574.844344717504
31743568,WELCH-COX E39T,320H,harmonic,99,5569.771692902475
31743568,WELCH-COX E39T,320H,harmonic,100,5564.708264090745
31743568,WELCH-COX E39T,320H,harmonic,101,5559.654033151517
31743568,WELCH-COX E39T,320H,harmonic,102,5554.608975045208
31743568,WELCH-COX E39T,320H,harmonic,103,5549.5730648230465
31743568,WELCH-COX E39T,320H,harmonic,104,5544.546277626648
31743568,WELCH-COX E39T,320H,harmonic,105,5539.52858868762
31743568,WELCH-COX E39T,320H,harmonic,106,5534.519973327142
31743568,WELCH-COX E39T,320H,harmonic,107,5529.520406955574
31743568,WELCH-COX E39T,320H,harmonic,108,5524.529865072039
31743568,WELCH-COX E39T,320H,harmonic,109,5519.54832326404
31743568,WELCH-COX E39T,320H,harmonic,110,5514.575757207044
31743568,WELCH-COX E39T,320H,harmonic,111,5509.612142664104
31743568,WELCH-COX E39T,320H,harmonic,112,5504.657455485449
31743568,WELCH-COX E39T,320H,harmonic,113,5499.711671608104
31743568,WELCH-COX E39T,320H,harmonic,114,5494.774767055493
31743568,WELCH-COX E39T,320H,harmonic,115,5489.846717937058
31743568,WELCH-COX E39T,320H,harmonic,116,5484.927500447867
31743568,WELCH-COX E39T,320H,harmonic,117,5480.017090868236
31743568,WELCH-COX E39T,320H,harmonic,118,5475.1154655633445
31743568,WELCH-COX E39T,320H,harmonic,119,5470.222600982859
31743568,WELCH-COX E39T,320H,harmonic,120,5465.338473660553
31744069,DAVIS-LACY 31D,204H,harmonic,34,3836.31612603472
31744069,DAVIS-LACY 31D,204H,harmonic,35,3832.609540405702
31744069,DAVIS-LACY 31D,204H,harmonic,36,3828.9101103473945
31744069,DAVIS-LACY 31D,204H,harmonic,37,3825.2178151590174
31744069,DAVIS-LACY 31D,204H,harmonic,38,3821.5326342195576
31744069,DAVIS-LACY 31D,204H,harmonic,39,3817.854546987393
31744069,DAVIS-LACY 31D,204H,harmonic,40,3814.183532999905
31744069,DAVIS-LACY 31D,204H,harmonic,41,3810.519571873104
31744069,DAVIS-LACY 31D,204H,harmonic,42,3806.862643301248
31744069,DAVIS-LACY 31D,204H,harmonic,43,3803.212727056473
31744069,DAVIS-LACY 31D,204H,harmonic,44,3799.5698029884106
31744069,DAVIS-LACY 31D,204H,harmonic,45,3795.933851023829
31744069,DAVIS-LACY 31D,204H,harmonic,46,3792.3048511662532
31744069,DAVIS-LACY 31D,204H,harmonic,47,3788.6827834956075
31744069,DAVIS-LACY 31D,204H,harmonic,48,3785.0676281678443
31744069,DAVIS-LACY 31D,204H,harmonic,49,3781.4593654145865
31744069,DAVIS-LACY 31D,204H,harmonic,50,3777.8579755427627
31744069,DAVIS-LACY 31D,204H,harmonic,51,3774.2634389342543
31744069,DAVIS-LACY 31D,204H,harmonic,52,3770.675736045533
31744069,DAVIS-LACY 31D,204H,harmonic,53,3767.0948474073134
31744069,DAVIS-LACY 31D,204H,harmonic,54,3763.520753624194
31744069,DAVIS-LACY 31D,204H,harmonic,55,3759.953435374314
31744069,DAVIS-LACY 31D,204H,harmonic,56,3756.392873408997
31744069,DAVIS-LACY 31D,204H,harmonic,57,3752.8390485524137
31744069,DAVIS-LACY 31D,204H,harmonic,58,3749.2919417012295
31744069,DAVIS-LACY 31D,204H,harmonic,59,3745.7515338242692
31744069,DAVIS-LACY 31D,204H,harmonic,60,3742.2178059621706
31744069,DAVIS-LACY 31D,204H,harmonic,61,3738.690739227051
31744069,DAVIS-LACY 31D,204H,harmonic,62,3735.1703148021666
31744069,DAVIS-LACY 31D,204H,harmonic,63,3731.6565139415816
31744069,DAVIS-LACY 31D,204H,harmonic,64,3728.1493179698314
31744069,DAVIS-LACY 31D,204H,harmonic,65,3724.6487082815975
31744069,DAVIS-LACY 31D,204H,harmonic,66,3721.15466634137
31744069,DAVIS-LACY 31D,204H,harmonic,67,3717.6671736831313
31744069,DAVIS-LACY 31D,204H,harmonic,68,3714.186211910019
31744069,DAVIS-LACY 31D,204H,harmonic,69,3710.711762694014
31744069,DAVIS-LACY 31D,204H,harmonic,70,3707.2438077756083
31744069,DAVIS-LACY 31D,204H,harmonic,71,3703.782328963493
31744069,DAVIS-LACY 31D,204H,harmonic,72,3700.327308134236
31744069,DAVIS-LACY 31D,204H,harmonic,73,3696.8787272319673
31744069,DAVIS-LACY 31D,204H,harmonic,74,3693.436568268064
31744069,DAVIS-LACY 31D,204H,harmonic,75,3690.0008133208385
31744069,DAVIS-LACY 31D,204H,harmonic,76,3686.5714445352237
31744069,DAVIS-LACY 31D,204H,harmonic,77,3683.1484441224707
31744069,DAVIS-LACY 31D,204H,harmonic,78,3679.7317943598337
31744069,DAVIS-LACY 31D,204H,harmonic,79,3676.3214775902698
31744069,DAVIS-LACY 31D,204H,harmonic,80,3672.91747622213
31744069,DAVIS-LACY 31D,204H,harmonic,81,3669.5197727288632
31744069,DAVIS-LACY 31D,204H,harmonic,82,3666.1283496487067
31744069,DAVIS-LACY 31D,204H,harmonic,83,3662.743189584396
31744069,DAVIS-LACY 31D,204H,harmonic,84,3659.3642752028604
31744069,DAVIS-LACY 31D,204H,harmonic,85,3655.991589234932
31744069,DAVIS-LACY 31D,204H,harmonic,86,3652.6251144750468
31744069,DAVIS-LACY 31D,204H,harmonic,87,3649.264833780958
31744069,DAVIS-LACY 31D,204H,harmonic,88,3645.910730073438
31744069,DAVIS-LACY 31D,204H,harmonic,89,3642.5627863359973
31744069,DAVIS-LACY 31D,204H,harmonic,90,3639.220985614588
31744069,DAVIS-LACY 31D,204H,harmonic,91,3635.8853110173245
31744069,DAVIS-LACY 31D,204H,harmonic,92,3632.555745714195
31744069,DAVIS-LACY 31D,204H,harmonic,93,3629.2322729367806
31744069,DAVIS-LACY 31D,204H,harmonic,94,3625.9148759779714
31744069,DAVIS-LACY 31D,204H,harmonic,95,3622.6035381916904
31744069,DAVIS-LACY 31D,204H,harmonic,96,3619.29824299261
31744069,DAVIS-LACY 31D,204H,harmonic,97,3615.9989738558806
31744069,DAVIS-LACY 31D,204H,harmonic,98,3612.7057143168495
31744069,DAVIS-LACY 31D,204H,harmonic,99,3609.4184479707924
31744069,DAVIS-LACY 31D,204H,harmonic,100,3606.137158472637
31744069,DAVIS-LACY 31D,204H,harmonic,101,3602.861829536695
31744069,DAVIS-LACY 31D,204H,harmonic,102,3599.592444936389
31744069,DAVIS-LACY 31D,204H,harmonic,103,3596.32898850399
31744069,DAVIS-LACY 31D,204H,harmonic,104,3593.071444130345
31744069,DAVIS-LACY 31D,204H,harmonic,105,3589.819795764616
31744069,DAVIS-LACY 31D,204H,harmonic,106,3586.574027414015
31744069,DAVIS-LACY 31D,204H,harmonic,107,3583.334123143542
31744069,DAVIS-LACY 31D,204H,harmonic,108,3580.1000670757226
31744069,DAVIS-LACY 31D,204H,harmonic,109,3576.8718433903528
31744069,DAVIS-LACY 31D,204H,harmonic,110,3573.6494363242346
31744069,DAVIS-LACY 31D,204H,harmonic,111,3570.432830170928
31744069,DAVIS-LACY 31D,204H,harmonic,112,3567.222009280486
31744069,DAVIS-LACY 31D,204H,harmonic,113,3564.01695805921
31744069,DAVIS-LACY 31D,204H,harmonic,114,3560.81766096939
31744069,DAVIS-LACY 31D,204H,harmonic,115,3557.624102529059
31744069,DAVIS-LACY 31D,204H,harmonic,116,3554.436267311739
31744069,DAVIS-LACY 31D,204H,harmonic,117,3551.254139946196
31744069,DAVIS-LACY 31D,204H,harmonic,118,3548.0777051161904
31744069,DAVIS-LACY 31D,204H,harmonic,119,3544.906947560233
31744069,DAVIS-LACY 31D,204H,harmonic,120,3541.74185207134
31743549,WELCH-COX E39V,322H,harmonic,34,3023.308918026282
31743549,WELCH-COX E39V,322H,harmonic,35,2942.6873468789145
31743549,WELCH-COX E39V,322H,harmonic,36,2866.253909297644
31743549,WELCH-COX E39V,322H,harmonic,37,2793.6905191888427
31743549,WELCH-COX E39V,322H,harmonic,38,2724.710506369365
31743549,WELCH-COX E39V,322H,harmonic,39,2659.0548315170913
31743549,WELCH-COX E39V,322H,harmonic,40,2596.488835481395
31743549,WELCH-COX E39V,322H,harmonic,41,2536.799436964581
31743549,WELCH-COX E39V,322H,harmonic,42,2479.792708044029
31743549,WELCH-COX E39V,322H,harmonic,43,2425.291769405699
31743549,WELCH-COX E39V,322H,harmonic,44,2373.1349571604146
31743549,WELCH-COX E39V,322H,harmonic,45,2323.1742212201957
31743549,WELCH-COX E39V,322H,harmonic,46,2275.2737218135935
31743549,WELCH-COX E39V,322H,harmonic,47,2229.3085961203897
31743549,WELCH-COX E39V,322H,harmonic,48,2185.163871444738
31743549,WELCH-COX E39V,322H,harmonic,49,2142.733505008918
31743549,WELCH-COX E39V,322H,harmonic,50,2101.919533484939
31743549,WELCH-COX E39V,322H,harmonic,51,2062.631317905781
31743549,WELCH-COX E39V,322H,harmonic,52,2024.7848717056752
31743549,WELCH-COX E39V,322H,harmonic,53,1988.3022614046718
31743549,WELCH-COX E39V,322H,harmonic,54,1953.1110709373327
31743549,WELCH-COX E39V,322H,harmonic,55,1919.1439218775529
31743549,WELCH-COX E39V,322H,harmonic,56,1886.3380428710989
31743549,WELCH-COX E39V,322H,harmonic,57,1854.634882486711
31743549,WELCH-COX E39V,322H,harmonic,58,1823.979760462137
31743549,WELCH-COX E39V,322H,harmonic,59,1794.3215529749477
31743549,WELCH-COX E39V,322H,harmonic,60,1765.6124081273488
31743549,WELCH-COX E39V,322H,harmonic,61,1737.8074883143195
31743549,WELCH-COX E39V,322H,harmonic,62,1710.8647365575084
31743549,WELCH-COX E39V,322H,harmonic,63,1684.7446642436532
31743549,WELCH-COX E39V,322H,harmonic,64,1659.4101580144254
31743549,WELCH-COX E39V,322H,harmonic,65,1634.8263038216191
31743549,WELCH-COX E39V,322H,harmonic,66,1610.9602263935662
31743549,WELCH-COX E39V,322H,harmonic,67,1587.7809425605653
31743549,WELCH-COX E39V,322H,harmonic,68,1565.2592270632522
31743549,WELCH-COX E39V,322H,harmonic,69,1543.3674896218083
31743549,WELCH-COX E39V,322H,harmonic,70,1522.079662178749
31743549,WELCH-COX E39V,322H,harmonic,71,1501.371095346385
31743549,WELCH-COX E39V,322H,harmonic,72,1481.2184631940845
31743549,WELCH-COX E39V,322H,harmonic,73,1461.5996756021098
31743549,WELCH-COX E39V,322H,harmonic,74,1442.4937974896638
31743549,WELCH-COX E39V,322H,harmonic,75,1423.880974296249
31743549,WELCH-COX E39V,322H,harmonic,76,1405.7423631587171
31743549,WELCH-COX E39V,322H,harmonic,77,1388.060069282507
31743549,WELCH-COX E39V,322H,harmonic,78,1370.817087055395
31743549,WELCH-COX E39V,322H,harmonic,79,1353.997245496433
31743549,WELCH-COX E39V,322H,harmonic,80,1337.585157672234
31743549,WELCH-COX E39V,322H,harmonic,81,1321.5661737480157
31743549,WELCH-COX E39V,322H,harmonic,82,1305.9263373722993
31743549,WELCH-COX E39V,322H,harmonic,83,1290.6523451223309
31743549,WELCH-COX E39V,322H,harmonic,84,1275.7315087625352
31743549,WELCH-COX E39V,322H,harmonic,85,1261.1517200909634
31743549,WELCH-COX E39V,322H,harmonic,86,1246.9014181690316
31743549,WELCH-COX E39V,322H,harmonic,87,1232.9695587481485
31743549,WELCH-COX E39V,322H,harmonic,88,1219.345585723307
31743549,WELCH-COX E39V,322H,harmonic,89,1206.0194044585714
31743549,WELCH-COX E39V,322H,harmonic,90,1192.9813568428033
31743549,WELCH-COX E39V,322H,harmonic,91,1180.2221979460887
31743549,WELCH-COX E39V,322H,harmonic,92,1167.7330741582994
31743549,WELCH-COX E39V,322H,harmonic,93,1155.5055027011445
31743549,WELCH-COX E39V,322H,harmonic,94,1143.5313524140859
31743549,WELCH-COX E39V,322H,harmonic,95,1131.8028257226595
31743549,WELCH-COX E39V,322H,harmonic,96,1120.3124417051704
31743549,WELCH-COX E39V,322H,harmonic,97,1109.0530201804954
31743549,WELCH-COX E39V,322H,harmonic,98,1098.0176667458636
31743549,WELCH-COX E39V,322H,harmonic,99,1087.1997586991063
31743549,WELCH-COX E39V,322H,harmonic,100,1076.5929317849686
31743549,WELCH-COX E39V,322H,harmonic,101,1066.1910677097515
31743549,WELCH-COX E39V,322H,harmonic,102,1055.9882823728162
31743549,WELCH-COX E39V,322H,harmonic,103,1045.9789147673866
31743549,WELCH-COX E39V,322H,harmonic,104,1036.15751650666
31743549,WELCH-COX E39V,322H,harmonic,105,1026.5188419345052
31743549,WELCH-COX E39V,322H,harmonic,106,1017.0578387830349
31743549,WELCH-COX E39V,322H,harmonic,107,1007.7696393420939
31743549,WELCH-COX E39V,322H,harmonic,108,998.6495521082288
31743549,WELCH-COX E39V,322H,harmonic,109,989.693053883043
31743549,WELCH-COX E39V,322H,harmonic,110,980.8957822929715
31743549,WELCH-COX E39V,322H,harmonic,111,972.253528704487
31743549,WELCH-COX E39V,322H,harmonic,112,963.7622315105615
31743549,WELCH-COX E39V,322H,harmonic,113,955.4179697658813
31743549,WELCH-COX E39V,322H,harmonic,114,947.2169571498652
31743549,WELCH-COX E39V,322H,harmonic,115,939.1555362379514
31743549,WELCH-COX E39V,322H,harmonic,116,931.2301730629475
31743549,WELCH-COX E39V,322H,harmonic,117,923.4374519494501
31743549,WELCH-COX E39V,322H,harmonic,118,915.7740706054713
31743549,WELCH-COX E39V,322H,harmonic,119,908.2368354564551
31743549,WELCH-COX E39V,322H,harmonic,120,900.822657207831
